id,job_id,co_number,description,status,created_at,updated_at,created_by,name,revision,parent_id,submitted_at,decided_at,snapshot_bid_id,baseline_total
1,9997,1,,draft,2026-04-13 00:51:50.024,2026-04-13 00:51:50.024,,CO 1 R1,1,,,,,
2,9993,1,,void,2026-04-13 00:57:46.287,2026-04-13 01:07:16.447,,CO 1 R1,1,,,,,
3,9993,2,,approved,2026-04-13 01:07:07.933,2026-04-13 01:07:45.488,,CO 2 R1,1,,,,,
14,6088,1,,draft,2026-07-01 19:02:41.575,2026-07-01 19:02:41.574,,CO 1 R1,1,,,,CO-6088-1R1,36049.34
15,5762,1,,rejected,2026-07-01 19:06:03.209,2026-07-01 19:08:17.035587,,CO 1 R1,1,,2026-07-01 19:08:10.360536+00,2026-07-01 19:08:17.035587+00,CO-5762-1R1,2904605.59071429
17,6088,2,,approved,2026-07-01 19:25:47.055,2026-07-01 19:41:39.185114,,CO 2 R1,1,,2026-07-01 19:26:20.179312+00,2026-07-01 19:41:39.185114+00,CO-6088-2R1,36049.34
20,6088,3,,draft,2026-07-01 21:46:50.424,2026-07-01 21:46:50.423,,CO 3 R1,1,,,,CO-6088-3R1,36209.34
21,6080,1,,pending,2026-07-07 17:03:54.201,2026-07-07 17:04:46.112136,,CO 1 R1,1,,2026-07-07 17:04:46.112136+00,,CO-6080-1R1,53732.67
22,6084,1,,pending,2026-07-07 18:04:13.977,2026-07-07 18:05:02.715507,,CO 1 R1,1,,2026-07-07 18:05:02.715507+00,,CO-6084-1R1,266432.03
26,9990,1,,approved,2026-07-14 17:43:14.321,2026-07-14 17:43:40.123483,,CO 1 R1,1,,2026-07-14 17:43:24.996346+00,2026-07-14 17:43:40.123483+00,CO-9990-1R1,55444.75
30,9990,2,,draft,2026-07-14 22:25:18.724,2026-07-14 22:25:18.723,,CO 2 R1,1,,,,CO-9990-2R1,0
32,6083,2,,draft,2026-07-14 23:08:38.535,2026-07-14 23:08:38.535,,CO 2 R1,1,,,,CO-6083-2R1,0
