id,city,state,tax_rate,last_updated
1,Alameda,CA,10.75,2025-08-13 22:23:24.361145
2,Albany,CA,10.75,2025-08-13 22:23:24.406337
3,Emeryville,CA,10.5,2025-08-13 22:23:24.447237
4,Hayward,CA,10.75,2025-08-13 22:23:24.488373
5,Newark,CA,10.75,2025-08-13 22:23:24.534485
6,San Leandro,CA,10.75,2025-08-13 22:23:24.588904
7,Union City,CA,10.75,2025-08-13 22:23:24.638254
8,Alameda County (Unincorporated),CA,10.25,2025-08-13 22:23:24.690104
9,Alpine County,CA,7.25,2025-08-13 22:23:24.744132
10,Amador City,CA,8,2025-08-13 22:23:24.79666
11,Sutter Creek,CA,8.75,2025-08-13 22:23:24.841666
12,Amador County (Unincorporated),CA,7.75,2025-08-13 22:23:24.894318
13,Chico,CA,9.25,2025-08-13 22:23:24.945264
14,Oroville,CA,9.25,2025-08-13 22:23:24.994455
15,Paradise,CA,8.75,2025-08-13 22:23:25.043129
16,Butte County (Unincorporated),CA,8.25,2025-08-13 22:23:25.088944
17,Angels Camp,CA,8.75,2025-08-13 22:23:25.130118
18,Calaveras County (Unincorporated),CA,8.25,2025-08-13 22:23:25.172737
19,Colusa,CA,8.75,2025-08-13 22:23:25.215816
20,Williams,CA,8.25,2025-08-13 22:23:25.259271
21,Colusa County (Unincorporated),CA,7.75,2025-08-13 22:23:25.30426
22,Antioch,CA,9.75,2025-08-13 22:23:25.360347
23,Concord,CA,9.75,2025-08-13 22:23:25.406237
24,El Cerrito,CA,10.25,2025-08-13 22:23:25.457137
25,Hercules,CA,9.25,2025-08-13 22:23:25.510975
26,Lafayette,CA,9.25,2025-08-13 22:23:25.558911
27,Martinez,CA,9.75,2025-08-13 22:23:25.609473
28,Moraga,CA,9.75,2025-08-13 22:23:25.661129
29,Orinda,CA,9.75,2025-08-13 22:23:25.711973
30,Pinole,CA,10.25,2025-08-13 22:23:25.764589
31,Pittsburg,CA,9.25,2025-08-13 22:23:25.815331
32,Pleasant Hill,CA,9.25,2025-08-13 22:23:25.86341
33,Richmond,CA,9.75,2025-08-13 22:23:25.915219
34,San Pablo,CA,9.5,2025-08-13 22:23:25.968003
35,San Ramon,CA,9.75,2025-08-13 22:23:26.025346
36,Walnut Creek,CA,9.25,2025-08-13 22:23:26.070696
37,Contra Costa County (Unincorporated),CA,8.75,2025-08-13 22:23:26.120694
38,Crescent City,CA,8.25,2025-08-13 22:23:26.167215
39,Del Norte County (Unincorporated),CA,8.25,2025-08-13 22:23:26.219839
40,Placerville,CA,8.25,2025-08-13 22:23:26.271133
41,South Lake Tahoe,CA,8.75,2025-08-13 22:23:26.325756
42,El Dorado County (Unincorporated),CA,7.25,2025-08-13 22:23:26.373063
43,Clovis,CA,8.975,2025-08-13 22:23:26.422228
44,Coalinga,CA,8.975,2025-08-13 22:23:26.487108
45,Fowler,CA,8.975,2025-08-13 22:23:26.529864
46,Fresno,CA,8.35,2025-08-13 22:23:26.581393
47,Huron,CA,8.975,2025-08-13 22:23:26.625956
48,Kerman,CA,8.975,2025-08-13 22:23:26.680257
49,Kingsburg,CA,8.975,2025-08-13 22:23:26.733285
50,Mendota,CA,9.225,2025-08-13 22:23:26.777539
51,Parlier,CA,8.975,2025-08-13 22:23:26.831378
52,Reedley,CA,9.225,2025-08-13 22:23:26.877926
53,Sanger,CA,8.725,2025-08-13 22:23:26.92712
54,Selma,CA,8.475,2025-08-13 22:23:26.982619
55,Fresno County (Unincorporated),CA,7.975,2025-08-13 22:23:27.033331
56,Orland,CA,8.25,2025-08-13 22:23:27.082333
57,Willows,CA,8.75,2025-08-13 22:23:27.134003
58,Glenn County (Unincorporated),CA,7.25,2025-08-13 22:23:27.180663
59,Arcata,CA,10.25,2025-08-13 22:23:27.223533
60,Blue Lake,CA,9.75,2025-08-13 22:23:27.27062
61,Eureka,CA,10.25,2025-08-13 22:23:27.321287
62,Ferndale,CA,9.5,2025-08-13 22:23:27.370116
63,Fortuna,CA,9.5,2025-08-13 22:23:27.418863
64,Rio Dell,CA,9.5,2025-08-13 22:23:27.470769
65,Trinidad,CA,9.5,2025-08-13 22:23:27.517814
66,Humboldt County (Unincorporated),CA,8.75,2025-08-13 22:23:27.560069
67,Brawley,CA,8.75,2025-08-13 22:23:27.602056
68,Calexico,CA,8.25,2025-08-13 22:23:27.649717
69,El Centro,CA,8.25,2025-08-13 22:23:27.706156
70,Imperial County (Unincorporated),CA,7.75,2025-08-13 22:23:27.757482
71,Bishop,CA,8.75,2025-08-13 22:23:27.801815
72,Inyo County (Unincorporated),CA,7.75,2025-08-13 22:23:27.847037
73,Arvin,CA,8.25,2025-08-13 22:23:27.891609
74,Bakersfield,CA,8.25,2025-08-13 22:23:27.935582
75,California City,CA,8.25,2025-08-13 22:23:27.988859
76,Delano,CA,8.25,2025-08-13 22:23:28.0308
77,Maricopa,CA,8.25,2025-08-13 22:23:28.073394
78,McFarland,CA,8.25,2025-08-13 22:23:28.115665
79,Ridgecrest,CA,9.25,2025-08-13 22:23:28.158912
80,Taft,CA,8.25,2025-08-13 22:23:28.204266
81,Tehachapi,CA,8.25,2025-08-13 22:23:28.244292
82,Wasco,CA,8.25,2025-08-13 22:23:28.298353
83,Kern County (Unincorporated),CA,8.25,2025-08-13 22:23:28.342213
84,Avenal,CA,8.25,2025-08-13 22:23:28.385696
85,Corcoran,CA,8.25,2025-08-13 22:23:28.428307
86,Hanford,CA,8.25,2025-08-13 22:23:28.48648
87,Lemoore,CA,8.25,2025-08-13 22:23:28.536068
88,Kings County (Unincorporated),CA,7.25,2025-08-13 22:23:28.586885
89,Clearlake,CA,8.75,2025-08-13 22:23:28.64026
90,Lakeport,CA,8.75,2025-08-13 22:23:28.690952
91,Lake County (Unincorporated),CA,7.25,2025-08-13 22:23:28.74114
92,Susanville,CA,8.25,2025-08-13 22:23:28.790778
93,Lassen County (Unincorporated),CA,7.25,2025-08-13 22:23:28.840866
94,Alhambra,CA,10.5,2025-08-13 22:23:28.894138
95,Arcadia,CA,10.5,2025-08-13 22:23:28.942343
96,Artesia,CA,10.5,2025-08-13 22:23:28.995732
97,Avalon,CA,10.25,2025-08-13 22:23:29.043297
98,Azusa,CA,10.75,2025-08-13 22:23:29.094673
99,Baldwin Park,CA,10.5,2025-08-13 22:23:29.144872
100,Bell Gardens,CA,10.5,2025-08-13 22:23:29.18748
101,Bellflower,CA,10.5,2025-08-13 22:23:29.233539
102,Burbank,CA,10.5,2025-08-13 22:23:29.282833
103,Carson,CA,10.5,2025-08-13 22:23:29.331626
104,Commerce,CA,10.5,2025-08-13 22:23:29.384751
105,Compton,CA,10.75,2025-08-13 22:23:29.436847
106,Covina,CA,10.5,2025-08-13 22:23:29.484859
107,Cudahy,CA,10.5,2025-08-13 22:23:29.539967
108,Culver City,CA,10.5,2025-08-13 22:23:29.59003
109,Downey,CA,10.5,2025-08-13 22:23:29.635588
110,Duarte,CA,10.5,2025-08-13 22:23:29.686485
111,El Monte,CA,10.5,2025-08-13 22:23:29.738627
112,Gardena,CA,10.5,2025-08-13 22:23:29.792365
113,Glendale,CA,10.5,2025-08-13 22:23:29.838557
114,Glendora,CA,10.75,2025-08-13 22:23:29.883136
115,Hawaiian Gardens,CA,10.5,2025-08-13 22:23:29.924351
116,Hawthorne,CA,10.5,2025-08-13 22:23:29.96647
117,Huntington Park,CA,10.5,2025-08-13 22:23:30.018375
118,Inglewood,CA,10.25,2025-08-13 22:23:30.069697
119,Irwindale,CA,10.75,2025-08-13 22:23:30.116572
120,La Cañada Flintridge,CA,10.5,2025-08-13 22:23:30.170376
121,La Puente,CA,10.25,2025-08-13 22:23:30.221061
122,La Verne,CA,10.5,2025-08-13 22:23:30.273502
123,Lakewood,CA,10.5,2025-08-13 22:23:30.324132
124,Lancaster,CA,11.25,2025-08-13 22:23:30.372638
125,Lawndale,CA,10.5,2025-08-13 22:23:30.426877
126,Lomita,CA,10.5,2025-08-13 22:23:30.480878
127,Long Beach,CA,10.5,2025-08-13 22:23:30.523922
128,Lynwood,CA,10.75,2025-08-13 22:23:30.580725
129,Malibu,CA,10.25,2025-08-13 22:23:30.625833
130,Manhattan Beach,CA,10.25,2025-08-13 22:23:30.673725
131,Monrovia,CA,10.5,2025-08-13 22:23:30.727264
132,Montebello,CA,10.5,2025-08-13 22:23:30.779599
133,Monterey Park,CA,10.5,2025-08-13 22:23:30.831036
134,Norwalk,CA,10.5,2025-08-13 22:23:30.880129
135,Palmdale,CA,11.25,2025-08-13 22:23:30.922295
136,Paramount,CA,10.5,2025-08-13 22:23:30.969167
137,Pasadena,CA,10.5,2025-08-13 22:23:31.010428
138,Pico Rivera,CA,10.75,2025-08-13 22:23:31.059427
139,Pomona,CA,10.5,2025-08-13 22:23:31.109809
140,San Fernando,CA,10.5,2025-08-13 22:23:31.16393
141,San Gabriel,CA,10.5,2025-08-13 22:23:31.208702
142,Santa Fe Springs,CA,10.75,2025-08-13 22:23:31.253936
143,Santa Monica,CA,10.75,2025-08-13 22:23:31.294639
144,Sierra Madre,CA,10.5,2025-08-13 22:23:31.345696
145,Signal Hill,CA,10.5,2025-08-13 22:23:31.392803
146,South El Monte,CA,10.75,2025-08-13 22:23:31.438183
147,South Gate,CA,10.75,2025-08-13 22:23:31.481835
148,South Pasadena,CA,10.5,2025-08-13 22:23:31.530548
149,Torrance,CA,10.25,2025-08-13 22:23:31.574495
150,Vernon,CA,10.5,2025-08-13 22:23:31.627261
151,West Hollywood,CA,10.5,2025-08-13 22:23:31.679897
152,Whittier,CA,10.5,2025-08-13 22:23:31.727772
153,Los Angeles County (Unincorporated),CA,9.75,2025-08-13 22:23:31.780713
154,Chowchilla,CA,8.75,2025-08-13 22:23:31.831675
155,Madera,CA,8.25,2025-08-13 22:23:31.879312
156,Madera County (Unincorporated),CA,7.75,2025-08-13 22:23:31.93038
157,Corte Madera,CA,9,2025-08-13 22:23:31.982515
158,Fairfax,CA,9,2025-08-13 22:23:32.031798
159,Larkspur,CA,9.25,2025-08-13 22:23:32.08389
160,Mill Valley,CA,9.25,2025-08-13 22:23:32.136105
161,Novato,CA,9.25,2025-08-13 22:23:32.182537
162,San Anselmo,CA,9.25,2025-08-13 22:23:32.231696
163,San Rafael,CA,9.25,2025-08-13 22:23:32.282866
164,Sausalito,CA,9.25,2025-08-13 22:23:32.33298
165,Marin County (Unincorporated),CA,8.25,2025-08-13 22:23:32.386822
166,Mariposa County,CA,8.25,2025-08-13 22:23:32.436143
167,Fort Bragg,CA,9.25,2025-08-13 22:23:32.489013
168,Point Arena,CA,9.25,2025-08-13 22:23:32.539502
169,Ukiah,CA,8.875,2025-08-13 22:23:32.585918
170,Willits,CA,9.125,2025-08-13 22:23:32.633972
171,Mendocino County (Unincorporated),CA,7.875,2025-08-13 22:23:32.681886
172,Atwater,CA,8.75,2025-08-13 22:23:32.740998
173,Gustine,CA,8.25,2025-08-13 22:23:32.783473
174,Livingston,CA,8.75,2025-08-13 22:23:32.83012
175,Los Banos,CA,8.75,2025-08-13 22:23:32.872881
176,Merced,CA,8.25,2025-08-13 22:23:32.916754
177,Merced County (Unincorporated),CA,7.75,2025-08-13 22:23:32.974075
178,Modoc County,CA,7.25,2025-08-13 22:23:33.021752
179,Mammoth Lakes,CA,7.75,2025-08-13 22:23:33.066282
180,Mono County (Unincorporated),CA,7.25,2025-08-13 22:23:33.105767
181,Carmel-by-the-Sea,CA,9.25,2025-08-13 22:23:33.152156
182,Del Rey Oaks,CA,9.25,2025-08-13 22:23:33.199691
183,Gonzales,CA,8.75,2025-08-13 22:23:33.248001
184,Greenfield,CA,9.5,2025-08-13 22:23:33.290052
185,King City,CA,8.75,2025-08-13 22:23:33.335472
186,Marina,CA,9.25,2025-08-13 22:23:33.389106
187,Monterey,CA,9.25,2025-08-13 22:23:33.438729
188,Pacific Grove,CA,9.25,2025-08-13 22:23:33.491016
189,Salinas,CA,9.25,2025-08-13 22:23:33.546066
190,Sand City,CA,9.25,2025-08-13 22:23:33.589435
191,Seaside,CA,9.25,2025-08-13 22:23:33.640807
192,Soledad,CA,9.25,2025-08-13 22:23:33.70135
193,Monterey County (Unincorporated),CA,8.75,2025-08-13 22:23:33.747624
194,Napa,CA,8.75,2025-08-13 22:23:33.792883
195,St. Helena,CA,8.25,2025-08-13 22:23:33.843043
196,Napa County (Unincorporated),CA,7.75,2025-08-13 22:23:33.893937
197,Grass Valley,CA,8.875,2025-08-13 22:23:33.950402
198,Nevada City,CA,8.875,2025-08-13 22:23:33.994578
199,Truckee,CA,9,2025-08-13 22:23:34.047103
200,Nevada County (Unincorporated),CA,7.5,2025-08-13 22:23:34.095666
201,Buena Park,CA,8.75,2025-08-13 22:23:34.149295
202,Fountain Valley,CA,8.75,2025-08-13 22:23:34.209938
203,Garden Grove,CA,8.75,2025-08-13 22:23:34.254755
204,La Habra,CA,8.75,2025-08-13 22:23:34.300994
205,La Palma,CA,8.75,2025-08-13 22:23:34.351454
206,Los Alamitos,CA,9.25,2025-08-13 22:23:34.402893
207,Placentia,CA,8.75,2025-08-13 22:23:34.453606
208,Santa Ana,CA,9.25,2025-08-13 22:23:34.500806
209,Seal Beach,CA,9.25,2025-08-13 22:23:34.554644
210,Stanton,CA,8.75,2025-08-13 22:23:34.605052
211,Westminster,CA,9.25,2025-08-13 22:23:34.65834
212,Orange County (Unincorporated),CA,7.75,2025-08-13 22:23:34.705203
213,Loomis,CA,7.5,2025-08-13 22:23:34.756885
214,Roseville,CA,7.75,2025-08-13 22:23:34.808647
215,Placer County (Unincorporated),CA,7.25,2025-08-13 22:23:34.860493
216,Plumas County,CA,7.25,2025-08-13 22:23:34.907472
217,Blythe,CA,8.75,2025-08-13 22:23:34.961167
218,Cathedral City,CA,9.25,2025-08-13 22:23:35.012422
219,Coachella,CA,8.75,2025-08-13 22:23:35.06463
220,Corona,CA,8.75,2025-08-13 22:23:35.115512
221,Desert Hot Springs,CA,8.75,2025-08-13 22:23:35.162784
222,Hemet,CA,8.75,2025-08-13 22:23:35.216262
223,Indio,CA,8.75,2025-08-13 22:23:35.259285
224,La Quinta,CA,8.75,2025-08-13 22:23:35.302815
225,Lake Elsinore,CA,8.75,2025-08-13 22:23:35.349769
226,Menifee,CA,8.75,2025-08-13 22:23:35.401763
227,Moreno Valley,CA,8.75,2025-08-13 22:23:35.458086
228,Murrieta,CA,8.75,2025-08-13 22:23:35.501228
229,Norco,CA,8.75,2025-08-13 22:23:35.552475
230,Palm Desert,CA,8.75,2025-08-13 22:23:35.601823
231,Palm Springs,CA,9.25,2025-08-13 22:23:35.652274
232,Riverside,CA,8.75,2025-08-13 22:23:35.703571
233,San Jacinto,CA,8.75,2025-08-13 22:23:35.759619
234,Temecula,CA,8.75,2025-08-13 22:23:35.806345
235,Wildomar,CA,8.75,2025-08-13 22:23:35.855979
236,Riverside County (Unincorporated),CA,7.75,2025-08-13 22:23:35.910554
237,Elk Grove,CA,8.75,2025-08-13 22:23:35.956797
238,Galt,CA,9.25,2025-08-13 22:23:36.008174
239,Isleton,CA,8.75,2025-08-13 22:23:36.058821
240,Rancho Cordova,CA,8.75,2025-08-13 22:23:36.110971
241,Sacramento,CA,8.75,2025-08-13 22:23:36.162533
242,Sacramento County (Unincorporated),CA,7.75,2025-08-13 22:23:36.212671
243,Hollister,CA,9.25,2025-08-13 22:23:36.263994
244,San Juan Bautista,CA,9,2025-08-13 22:23:36.318611
245,San Benito County (Unincorporated),CA,8.25,2025-08-13 22:23:36.36108
246,Apple Valley,CA,8.75,2025-08-13 22:23:36.412833
247,Barstow,CA,8.75,2025-08-13 22:23:36.462817
248,Chino,CA,8.75,2025-08-13 22:23:36.505608
249,Colton,CA,8.75,2025-08-13 22:23:36.554712
250,Fontana,CA,8.75,2025-08-13 22:23:36.603142
251,Montclair,CA,9,2025-08-13 22:23:36.648783
252,Ontario,CA,8.75,2025-08-13 22:23:36.697241
253,Redlands,CA,8.75,2025-08-13 22:23:36.749946
254,San Bernardino,CA,8.75,2025-08-13 22:23:36.803598
255,Victorville,CA,8.75,2025-08-13 22:23:36.847351
256,Yucaipa,CA,8.75,2025-08-13 22:23:36.901847
257,Yucca Valley,CA,8.75,2025-08-13 22:23:36.951979
258,San Bernardino County (Unincorporated),CA,7.75,2025-08-13 22:23:37.002852
259,Chula Vista,CA,8.75,2025-08-13 22:23:37.048651
260,Del Mar,CA,8.75,2025-08-13 22:23:37.101277
261,El Cajon,CA,8.25,2025-08-13 22:23:37.150442
262,Escondido,CA,8.75,2025-08-13 22:23:37.208252
263,Imperial Beach,CA,8.75,2025-08-13 22:23:37.252939
264,La Mesa,CA,8.5,2025-08-13 22:23:37.295312
265,Lemon Grove,CA,8.75,2025-08-13 22:23:37.339417
266,National City,CA,8.75,2025-08-13 22:23:37.392312
267,Oceanside,CA,8.25,2025-08-13 22:23:37.442954
268,San Marcos,CA,8.75,2025-08-13 22:23:37.492167
269,Solana Beach,CA,8.75,2025-08-13 22:23:37.537845
270,Vista,CA,8.25,2025-08-13 22:23:37.580906
271,San Diego County (Unincorporated),CA,7.75,2025-08-13 22:23:37.631285
272,San Francisco,CA,8.625,2025-08-13 22:23:37.684177
273,Escalon,CA,8.75,2025-08-13 22:23:37.751441
274,Lathrop,CA,8.75,2025-08-13 22:23:37.803494
275,Lodi,CA,8.25,2025-08-13 22:23:37.847139
276,Manteca,CA,9,2025-08-13 22:23:37.886679
277,Stockton,CA,9,2025-08-13 22:23:37.931934
278,Tracy,CA,8.25,2025-08-13 22:23:37.982287
279,San Joaquin County (Unincorporated),CA,7.75,2025-08-13 22:23:38.02534
280,Arroyo Grande,CA,8.75,2025-08-13 22:23:38.080989
281,Atascadero,CA,8.75,2025-08-13 22:23:38.129814
282,Grover Beach,CA,8.75,2025-08-13 22:23:38.174792
283,Morro Bay,CA,8.75,2025-08-13 22:23:38.217381
284,Paso Robles,CA,8.75,2025-08-13 22:23:38.258248
285,Pismo Beach,CA,8.25,2025-08-13 22:23:38.305823
286,San Luis Obispo,CA,8.75,2025-08-13 22:23:38.356226
287,San Luis Obispo County (Unincorporated),CA,7.25,2025-08-13 22:23:38.404734
288,Belmont,CA,9.875,2025-08-13 22:23:38.455056
289,Brisbane,CA,9.875,2025-08-13 22:23:38.504163
290,Burlingame,CA,9.625,2025-08-13 22:23:38.558003
291,Colma,CA,9.875,2025-08-13 22:23:38.605384
292,Daly City,CA,9.875,2025-08-13 22:23:38.656844
293,East Palo Alto,CA,9.875,2025-08-13 22:23:38.707643
294,Half Moon Bay,CA,9.875,2025-08-13 22:23:38.760391
295,Pacifica,CA,9.875,2025-08-13 22:23:38.80911
296,Redwood City,CA,9.875,2025-08-13 22:23:38.86071
297,San Bruno,CA,9.875,2025-08-13 22:23:38.908475
298,San Mateo,CA,9.625,2025-08-13 22:23:38.952401
299,South San Francisco,CA,9.875,2025-08-13 22:23:38.996994
300,San Mateo County (Unincorporated),CA,9.375,2025-08-13 22:23:39.043734
301,Carpinteria,CA,9,2025-08-13 22:23:39.091698
302,Goleta,CA,8.75,2025-08-13 22:23:39.137544
303,Guadalupe,CA,8.75,2025-08-13 22:23:39.190596
304,Lompoc,CA,8.75,2025-08-13 22:23:39.240862
305,Santa Barbara,CA,9.25,2025-08-13 22:23:39.284339
306,Santa Maria,CA,8.75,2025-08-13 22:23:39.331493
307,Solvang,CA,8.75,2025-08-13 22:23:39.384263
308,Santa Barbara County (Unincorporated),CA,7.75,2025-08-13 22:23:39.434033
309,Campbell,CA,9.875,2025-08-13 22:23:39.487122
310,Los Gatos,CA,9.25,2025-08-13 22:23:39.528695
311,Milpitas,CA,9.375,2025-08-13 22:23:39.585649
312,San Jose,CA,9.375,2025-08-13 22:23:39.636086
313,Santa Clara County (Unincorporated),CA,9.125,2025-08-13 22:23:39.68141
314,Capitola,CA,9.25,2025-08-13 22:23:39.736398
315,Santa Cruz,CA,9.75,2025-08-13 22:23:39.786303
316,Scotts Valley,CA,9.75,2025-08-13 22:23:39.833817
317,Watsonville,CA,9.75,2025-08-13 22:23:39.883818
318,Santa Cruz County (Unincorporated),CA,9.5,2025-08-13 22:23:39.937305
319,Anderson,CA,7.75,2025-08-13 22:23:39.985446
320,Shasta County (Unincorporated),CA,7.25,2025-08-13 22:23:40.036807
321,Sierra County,CA,7.25,2025-08-13 22:23:40.085884
322,Dunsmuir,CA,7.75,2025-08-13 22:23:40.136093
323,Mount Shasta,CA,7.5,2025-08-13 22:23:40.190946
324,Weed,CA,7.5,2025-08-13 22:23:40.232684
325,Yreka,CA,8.75,2025-08-13 22:23:40.272687
326,Siskiyou County (Unincorporated),CA,7.25,2025-08-13 22:23:40.316843
327,Benicia,CA,9.625,2025-08-13 22:23:40.364038
328,Dixon,CA,8.375,2025-08-13 22:23:40.408124
329,Fairfield,CA,8.375,2025-08-13 22:23:40.448822
330,Rio Vista,CA,9.125,2025-08-13 22:23:40.49412
331,Suisun City,CA,9.125,2025-08-13 22:23:40.549413
332,Vacaville,CA,8.125,2025-08-13 22:23:40.592853
333,Vallejo,CA,9.25,2025-08-13 22:23:40.642907
334,Solano County (Unincorporated),CA,7.375,2025-08-13 22:23:40.697711
335,Cloverdale,CA,10,2025-08-13 22:23:40.748185
336,Cotati,CA,10.25,2025-08-13 22:23:40.796214
337,Healdsburg,CA,9.75,2025-08-13 22:23:40.85106
338,Petaluma,CA,10.25,2025-08-13 22:23:40.898787
339,Rohnert Park,CA,9.75,2025-08-13 22:23:40.954892
340,Santa Rosa,CA,10,2025-08-13 22:23:41.002061
341,Sebastopol,CA,10.25,2025-08-13 22:23:41.058015
342,Sonoma,CA,10.25,2025-08-13 22:23:41.111686
343,Sonoma County (Unincorporated),CA,9.25,2025-08-13 22:23:41.153338
344,Ceres,CA,8.375,2025-08-13 22:23:41.20206
345,Modesto,CA,8.875,2025-08-13 22:23:41.2522
346,Oakdale,CA,8.375,2025-08-13 22:23:41.299206
347,Turlock,CA,8.625,2025-08-13 22:23:41.345617
348,Stanislaus County (Unincorporated),CA,7.875,2025-08-13 22:23:41.390212
349,Sutter County,CA,7.25,2025-08-13 22:23:41.441215
350,Corning,CA,7.75,2025-08-13 22:23:41.496301
351,Red Bluff,CA,7.5,2025-08-13 22:23:41.544286
352,Tehama County (Unincorporated),CA,7.25,2025-08-13 22:23:41.591836
353,Trinity County,CA,7.25,2025-08-13 22:23:41.646374
354,Dinuba,CA,8.5,2025-08-13 22:23:41.698285
355,Exeter,CA,8.75,2025-08-13 22:23:41.744683
356,Farmersville,CA,8.75,2025-08-13 22:23:41.792864
357,Lindsay,CA,8.75,2025-08-13 22:23:41.84738
358,Porterville,CA,9.25,2025-08-13 22:23:41.900004
359,Tulare,CA,8.25,2025-08-13 22:23:41.951526
360,Visalia,CA,8.5,2025-08-13 22:23:41.998702
361,Woodlake,CA,8.75,2025-08-13 22:23:42.050988
362,Tulare County (Unincorporated),CA,7.75,2025-08-13 22:23:42.101098
363,Sonora,CA,8.75,2025-08-13 22:23:42.15166
364,Tuolumne County (Unincorporated),CA,7.25,2025-08-13 22:23:42.20082
365,Oxnard,CA,9.25,2025-08-13 22:23:42.25948
366,Port Hueneme,CA,8.75,2025-08-13 22:23:42.311537
367,Santa Paula,CA,9.25,2025-08-13 22:23:42.353747
368,Ventura,CA,7.75,2025-08-13 22:23:42.396263
369,Ventura County (Unincorporated),CA,7.25,2025-08-13 22:23:42.436491
370,Davis,CA,9.25,2025-08-13 22:23:42.482134
371,West Sacramento,CA,9.25,2025-08-13 22:23:42.530444
372,Winters,CA,8.25,2025-08-13 22:23:42.583964
373,Woodland,CA,8,2025-08-13 22:23:42.634522
374,Yolo County (Unincorporated),CA,7.25,2025-08-13 22:23:42.68331
375,Marysville,CA,8.25,2025-08-13 22:23:42.731949
376,Wheatland,CA,7.75,2025-08-13 22:23:42.780373
377,Yuba County (Unincorporated),CA,8.25,2025-08-13 22:23:42.825856
378,Newport Beach,CA,7.75,2025-08-13 23:44:38.049396
379,Irvine,CA,7.75,2025-08-26 21:32:14.6534
380,Orange,CA,7.75,2025-08-26 21:32:50.178672
