id,po_number,user_id,text,created_at
48,6050-I-2,10,Comment 48,2025-09-22 22:08:50.097496
49,6050-L-3,10,Comment 49,2025-09-23 18:34:27.466802
50,6050-L-5,10,Comment 50,2025-09-25 15:27:04.264918
51,6049-D-1,10,Comment 51,2025-09-30 13:57:17.052344
52,6050-L-6,10,Comment 52,2025-09-30 21:04:35.167515
53,6050-L-6,10,Comment 53,2025-09-30 21:04:46.169052
54,6050-L-6,10,Comment 54,2025-09-30 21:04:55.474783
57,6049-I-3,10,Comment 57,2025-10-13 13:44:35.542287
59,6055-L-4,10,Comment 59,2025-10-17 16:29:22.830084
142,6050-D-9,15,Comment 142,2026-02-18 00:02:35.100586
190,6038-I-1,,Comment 190,2026-04-30 07:44:43.685941
191,6038-L-1,,Comment 191,2026-04-30 07:44:44.064378
192,6038-I-2,,Comment 192,2026-04-30 08:29:28.128784
193,6038-L-2,,Comment 193,2026-04-30 08:29:29.013974
196,6038-I-3,,Comment 196,2026-04-30 08:58:35.62685
197,6038-L-3,,Comment 197,2026-04-30 08:58:37.489014
268,5808-I-1,,Comment 268,2026-04-30 10:19:36.053758
269,5808-L-32,,Comment 269,2026-04-30 10:19:39.564648
270,5841-I-1,,Comment 270,2026-04-30 10:19:50.23072
271,5841-L-1,,Comment 271,2026-04-30 10:19:54.641862
272,5842-I-1,,Comment 272,2026-04-30 10:20:04.837284
273,5842-L-1,,Comment 273,2026-04-30 10:20:08.989121
274,5952-I-1,,Comment 274,2026-04-30 10:20:16.047494
275,5952-L-2,,Comment 275,2026-04-30 10:20:20.797838
276,5958-D-1,,Comment 276,2026-04-30 10:20:21.878878
277,5966-I-1,,Comment 277,2026-04-30 10:20:31.154522
278,5966-L-1,,Comment 278,2026-04-30 10:20:38.509107
279,5972-D-1,,Comment 279,2026-04-30 10:20:39.456741
280,5972-I-1,,Comment 280,2026-04-30 10:20:47.937783
281,5972-L-1,,Comment 281,2026-04-30 10:20:56.510891
282,5975-D-1,,Comment 282,2026-04-30 10:20:57.405931
283,5975-I-2,,Comment 283,2026-04-30 10:21:06.508846
284,5975-L-73,,Comment 284,2026-04-30 10:21:10.941623
285,5979-D-1,,Comment 285,2026-04-30 10:21:11.978351
286,5979-I-1,,Comment 286,2026-04-30 10:21:18.416764
287,5979-L-1,,Comment 287,2026-04-30 10:21:22.476565
288,5981-D-42,,Comment 288,2026-04-30 10:21:23.685492
289,5981-I-65,,Comment 289,2026-04-30 10:21:34.715568
290,5981-L-1,,Comment 290,2026-04-30 10:21:41.928363
291,5982-D-1,,Comment 291,2026-04-30 10:21:43.705589
292,5982-I-1,,Comment 292,2026-04-30 10:21:56.475909
293,5982-L-1,,Comment 293,2026-04-30 10:22:04.187165
294,6003-D-2,,Comment 294,2026-04-30 10:22:05.739196
295,6003-I-1,,Comment 295,2026-04-30 10:22:14.289154
296,6003-L-118,,Comment 296,2026-04-30 10:22:20.288079
297,6017-I-1,,Comment 297,2026-04-30 10:22:27.114372
298,6017-L-1,,Comment 298,2026-04-30 10:22:29.473909
299,6024-D-1,,Comment 299,2026-04-30 10:22:30.646406
300,6024-I-1,,Comment 300,2026-04-30 10:22:42.592506
301,6024-L-1,,Comment 301,2026-04-30 10:22:49.877603
302,6029-I-1,,Comment 302,2026-04-30 10:22:55.802821
303,6029-L-1,,Comment 303,2026-04-30 10:22:59.267901
304,6033-D-35,,Comment 304,2026-04-30 10:23:00.610976
305,6033-I-2,,Comment 305,2026-04-30 10:23:10.387403
306,6033-L-107,,Comment 306,2026-04-30 10:23:17.428252
307,6037-D-1,,Comment 307,2026-04-30 10:23:18.695114
308,6037-I-1,,Comment 308,2026-04-30 10:23:28.739004
309,6037-L-1,,Comment 309,2026-04-30 10:23:36.674028
310,6039-I-1,,Comment 310,2026-04-30 10:23:42.7272
311,6039-L-1,,Comment 311,2026-04-30 10:23:45.446823
312,5841-I-2,,Comment 312,2026-04-30 10:35:20.790479
313,5842-I-2,,Comment 313,2026-04-30 10:35:21.227969
314,5842-L-2,,Comment 314,2026-04-30 10:35:21.691862
315,5952-I-2,,Comment 315,2026-04-30 10:35:22.309094
316,5952-L-3,,Comment 316,2026-04-30 10:35:22.691935
317,5966-I-2,,Comment 317,2026-04-30 10:35:23.316921
318,5972-D-2,,Comment 318,2026-04-30 10:35:23.657915
319,5972-L-2,,Comment 319,2026-04-30 10:35:23.99246
320,5975-D-2,,Comment 320,2026-04-30 10:35:24.336212
321,5975-L-74,,Comment 321,2026-04-30 10:35:24.762065
322,5979-D-2,,Comment 322,2026-04-30 10:35:25.107917
323,5979-I-2,,Comment 323,2026-04-30 10:35:25.65392
324,5981-D-43,,Comment 324,2026-04-30 10:35:25.986978
325,5981-L-2,,Comment 325,2026-04-30 10:35:26.346216
326,5982-D-2,,Comment 326,2026-04-30 10:35:26.67829
327,5982-I-2,,Comment 327,2026-04-30 10:35:27.20881
328,5982-L-2,,Comment 328,2026-04-30 10:35:27.529782
329,6003-D-3,,Comment 329,2026-04-30 10:35:27.946615
330,6003-I-2,,Comment 330,2026-04-30 10:35:28.630836
331,6003-L-119,,Comment 331,2026-04-30 10:35:28.987289
332,6024-D-2,,Comment 332,2026-04-30 10:35:29.335033
333,6024-L-2,,Comment 333,2026-04-30 10:35:29.672653
334,6033-D-36,,Comment 334,2026-04-30 10:35:30.045109
335,6033-I-3,,Comment 335,2026-04-30 10:35:30.660001
336,6033-L-108,,Comment 336,2026-04-30 10:35:30.985016
337,6037-D-2,,Comment 337,2026-04-30 10:35:31.586542
338,6037-D-3,,Comment 338,2026-04-30 10:39:54.850482
339,6037-D-4,,Comment 339,2026-04-30 10:43:27.023404
341,6042-D-1,,Comment 341,2026-04-30 18:28:34.19643
342,6042-I-1,,Comment 342,2026-04-30 18:28:41.399631
343,6042-L-1,,Comment 343,2026-04-30 18:28:46.859167
344,6043-D-1,,Comment 344,2026-04-30 18:28:47.710578
345,6043-I-1,,Comment 345,2026-04-30 18:28:54.485269
346,6043-L-2,,Comment 346,2026-04-30 18:28:59.668251
405,6084-I-1,15,Comment 405,2026-06-26 22:06:51.301069
