code,description
101010,
1040-160,
1804,
1806,
1812,
2700-196,
3120-124,
3500,
3847-411,
3M,
45800,
"4"" POT",
5002,
62020,
ABEL,
ABEL1,
ABEL15,
ABEL5,
ABUT15,
ABUT5,
AC,
ACAC1,
ACAC15,
ACAC24,
ACAC36,
ACAC48,
ACAC5,
ACAN1,
ACAN15,
ACAN5,
ACER15,
ACER24,
ACER36,
ACER48,
ACHI1,
ACHI5,
ACOE36,
ACOR1,
ADEN5,
ADIA1,
ADV,
AEON1,
AEON15,
AEON5,
AESC24,
AESC36,
AGAP1,
AGAP15,
AGAP5,
AGAS1,
AGAV1,
AGAV15,
AGAV24,
AGAV5,
AGON15,
AGON24,
AGON36,
AGON48,
AGON60,
AG PROD,
AGPROD,
AGRIFIM,
AIR,
ALBI15,
ALBI24,
ALBI30,
ALBI36,
ALBI48,
ALBI5,
ALBI60,
ALERT,
ALHAMBRA,
ALLA15,
ALLSPEC,
ALNU1,
ALNU15,
ALNU24,
ALNU30,
ALNU36,
ALNU48,
ALNU5,
ALNU60,
ALOC5,
ALOE1,
ALOE15,
ALOE24,
ALOE36,
ALOE48,
ALOE5,
ALOE72,
ALOY1,
ALPI15,
ALPI5,
ALSO15,
ALST5,
ALTEC,
ALYO1,
ALYO15,
ALYO24,
ALYO5,
AMETEK,
AMIAD,
AMPE1,
AMPE15,
AMPE5,
ANEM1,
ANEM5,
ANIG1,
ANIG15,
ANIG5,
ANIS1,
ANIS15,
ANIS5,
ANTH1,
ANTH5,
ANTI1,
ANTI5,
APOLLO,
AQUA,
AQUADUCK,
AQUARIUS,
ARAL,
ARAL15,
ARAL5,
ARAU15,
ARBOR,
ARBU1,
ARBU15,
ARBU24,
ARBU36,
ARBU48,
ARBU5,
ARBU60,
ARCH,
ARCH1,
ARCH15,
ARCH24,
ARCH36,
ARCH48,
ARCH5,
ARCT1,
ARCT15,
ARCT2,
ARCT5,
AREC15,
AREC24,
AREC36,
AREC48,
AREC5,
ARIA1,
ARIS1,
ARME1,
ARME5,
ARTE,
ARTE5,
ARTO5,
ASCL1,
ASCL5,
ASPA1,
ASPA15,
ASPA5,
ASPI1,
ASPI15,
ASPI5,
ASPL,
ASPL1,
ASPL15,
ASPL5,
ASS,
ATRI1,
AUCU1,
AUCU15,
AUCU5,
AUGER,
AVOC15,
AVOC36,
AZAL1,
AZAL15,
AZAL24,
AZAL5,
AZAL7,
BACC1,
BACC5,
BACKFLOW,
BACO1,
BAILEY,
BALL1,
BAMB,
BAMB15,
BAMB24,
BAMB36,
BAMB5,
BARK,
BATTERIES,
BAUH15,
BAUH24,
BAUH36,
BAUH48,
BEAU,
BEAU5,
BEGO1,
BEGO5,
BERB1,
berb15,
BERB15,
BERB5,
BERG1,
BERMAD,
BETU15,
BETU24,
BETU30,
BETU36,
BETU48,
BETU60,
BIGN15,
BIGN5,
BISC60,
BL,
BLEC5,
BLOCK,
BLPIPE,
BL TREE,
BLUE-LOCK,
BLUELOCK,
BOTH1,
BOUG1,
BOUG15,
BOUG5,
BOULDER,
BOUT1,
BOUT5,
BOWSMITH,
BOX,
BRAC15,
BRAC24,
BRAC36,
BRAC48,
BRAH36,
BRASS,
BRASS1,
BRASS2,
BROM15,
BROM5,
BROOKS,
BROWNLINE,
BRUG15,
BRUG24,
BRUG36,
BUCKNER,
BUDD1,
BUDD5,
BULB1,
BULB5,
BUTI60,
BUXU1,
BUXU15,
BUXU24,
BUXU5,
CAES15,
CALA1,
CALA15,
CALA5,
CALI1,
CALL1,
CALL15,
CALL24,
CALL36,
CALL5,
CALSENSE,
CALY1,
CAME,
CAME1,
CAME15,
CAME5,
CAMP1,
CAMP5,
CANN1,
CANN15,
CANN5,
CARE1,
CARE15,
CARE5,
CARI1,
CARI15,
CARI5,
CARP1,
CARP15,
CARP5,
CARSON,
CARY15,
CASS1,
CASS15,
CASS24,
CASS5,
CASS60,
CEAN1,
CEAN15,
CEAN5,
CEAS5,
CEDR24,
CEDR60,
CELT15,
CELT24,
CENT1,
CENT5,
CERA15,
CERA24,
CERA30,
CERA36,
CERA48,
CERA72,
CERC1,
CERC15,
CERC24,
CERC36,
CERC48,
CERC60,
CERE48,
CERS36,
CERS48,
CEST1,
CEST15,
CEST5,
CHAM15,
CHAM24,
CHAM36,
CHAM48,
CHAM5,
CHAM60,
CHAMPION,
CHEM,
CHIL15,
CHIL24,
CHIL36,
CHIL5,
chio36,
CHIT15,
CHIT24,
CHIT36,
CHIT48,
CHLO,
CHON1,
CHON15,
CHON5,
CHOR15,
CHOR24,
chris,
CHRISTY,
CHRY1,
CHRY24,
CHRY5,
CIBO24,
CINN15,
CINN24,
CINN30,
CINN36,
CINN48,
CINN60,
CINN72,
CISS1,
CISS15,
CISS5,
CIST1,
CIST15,
CIST5,
CITR15,
CITR24,
CITR36,
CITR5,
CITRIPOT,
CLAMP,
CLA VAL,
CLAVAL,
CLAYTON,
CLEM15,
CLER1,
CLIV1,
CLIV15,
CLIV5,
CLOW,
CLYT15,
CLYT5,
CNEO1,
COCO24,
COCO36,
COCO48,
COCO5,
COCO60,
COCOS,
CODI5,
COLE1,
COLE15,
COLE5,
COLO5,
COLONIAL,
COLOR,
COMP,
CONCRETE,
COND5,
CONDUIT,
CONTR,
CONV1,
COPR1,
COPR15,
COPR5,
CORD,
CORD1,
CORD15,
CORD24,
CORD36,
CORD5,
CORE1,
CORR1,
CORR5,
CORT,
CORT5,
COTO1,
COTO5,
COTY1,
COTY15,
COTY5,
CPIPE,
CRANE,
CRAS1,
CRAS15,
CRAS5,
CRCC60,
CREATIVE,
CRIS,
CUPA15,
CUPA24,
CUPA30,
CUPA36,
CUPA42,
CUPA48,
CUPA5,
CUPA60,
CUPA72,
CUPH,
CUPH1,
CUPH5,
CUPR15,
CUPR24,
CUPR36,
CUPR5,
CV,
CYAT,
CYAT15,
CYPE15,
CYPE5,
CYRT1,
CYRT5,
CYTI15,
CYTI5,
D-40,
DABO1,
DALE1,
DALE5,
DAPH1,
DASY15,
DASY5,
DATA,
DATU15,
DAYNI,
DCB,
DCHAM15,
DCORE,
DEEP,
DEMD5,
DEND5,
DFIT,
D.G.,
DG,
DIAN1,
DIAN5,
DICE1,
DICH1,
DIET1,
DIET15,
DIET5,
DIG,
DIOS,
DIOS1,
DIOS15,
DIOS5,
DIPL1,
DIPL5,
DIST1,
DIST15,
DIST24,
DIST5,
DODO,
DODO1,
DODO15,
DODO24,
DODO5,
DPIPE,
DRAC,
DRAC15,
DRAC24,
DRAC36,
DRAC48,
DRAC5,
DRAC60,
DRAC72,
DRAIN,
DRAINS,
DRIP LABOR,
DUCH1,
DURA,
DYPS15,
ECHE1,
ECHE5,
ECHI15,
ECHI5,
ECO,
EFB,
EICH1,
EICH15,
EICH5,
EISEL,
ELAE,
ELAE1,
ELAE15,
ELAE36,
ELAE48,
ELAE5,
ELEA24,
ELEA5,
ELECTRIC,
ELEO1,
ELEO15,
ELIO24,
EMC,
ENCE1,
ENCE15,
ENSE15,
ENSE5,
EPID5,
EPIL1,
EPIL5,
EQUI15,
EQUIP,
EREM1,
EREM5,
ERIC1,
ERIG1,
ERIO1,
ERIO15,
ERIO24,
ERIO36,
ERIO48,
ERIO5,
EROSION,
ERYT,
ERYT15,
ERYT24,
ERYT36,
ERYT48,
ERYT60,
ERYT72,
ESCA1,
ESCA15,
ESCA24,
ESCA5,
ESCH1,
EUCA,
EUCA1,
EUCA15,
EUCA24,
EUCA30,
EUCA36,
EUCA5,
EUCA60,
EUGE15,
EUGE24,
EUGE36,
EUGE48,
EUGE5,
EUON1,
EUON15,
EUON5,
EUPH1,
EUPH15,
EUPH24,
EUPH48,
EUPH5,
EURY5,
EZFLO,
FATS,
FEBCO,
FEIJ1,
FEIJ15,
FEIJ24,
FEIJ36,
FEIJ5,
FERT,
FEST1,
FEST5,
FICU,
FICU15,
FICU24,
FICU30,
FICU36,
FICU48,
FICU5,
FICU60,
FICU72,
FILI,
FILTER,
FITTING,
FLG,
FLO CONTROL,
FLO-GARD,
FORT,
FORT15,
FORT24,
FORT36,
FORT5,
FR,
FRAX15,
FRAX24,
FRAX36,
FRAX48,
FRAX60,
FREIGHT,
FREM5,
FUSION RENTAL,
GAIL1,
GALV,
GALV1,
GALV5,
GAMB5,
GARD1,
GARD15,
GARD24,
GARD5,
GAS,
GAUR1,
GAUR15,
GAUR5,
GAUT5,
GAZA1,
GC,
GEIJ15,
GEIJ24,
GEIJ36,
GEIJ48,
GEIJ60,
GEIJ72,
GELS15,
GELS5,
GENI5,
GEOBLOCK,
GEOFLOW,
GERA1,
GERA5,
GFIT,
GINK15,
GINK24,
GINK36,
GINK48,
GINK60,
GLED,
GLED36,
GLED48,
GLUE,
GPH,
GPIPE,
GRAP1,
GRAPE,
GRAVEL,
GREENTECH,
GREV1,
GREV15,
GREV24,
GREV36,
GREV48,
GREV5,
GREW1,
GREW15,
GREW5,
GRINNEL,
GRISWOLD,
GUARD,
GUNN,
GY,
GYPS,
HAMMOND,
HARCO,
HARD15,
HARD5,
HARDIE,
HARP15,
HARP24,
HAWS,
HAYWARD,
HDPE,
HEADER,
HEBE1,
HEBE15,
HEBE5,
HEDE,
HEDE15,
HEDY5,
HELI1,
HELI5,
HEME1,
HEME3,
HEME5,
HESP1,
HESP15,
HESP5,
HETE1,
HETE15,
HETE5,
HEUC1,
HEUC5,
HIBB,
HIBB15,
HIBB5,
HIBI1,
HIBI15,
HIBI5,
HIT,
HONEYWELL,
HOST1,
HOST5,
HOWE,
HS1,
HSI,
HSP,
HSPOP,
HUNTER,
HY,
HYDR15,
HYDR5,
HYDRO,
HYDROMANAGER,
HYDRORAIN,
HYDROSAVER,
HYDROSCAPE,
HYDROVISOR,
HYME24,
ILEX,
ILEX1,
ILEX15,
ILEX36,
ILEX5,
IMPA,
IMPA1,
IMPA5,
IMPE1,
IMPE5,
IMPERIAL,
IRIS1,
IRIS3,
IRRBID,
IRRI,
IRRIGATION,
IRRITROL,
IRROMETER,
IRRSTOCK,
ISOC1,
JACA,
JACA15,
JACA24,
JACA30,
JACA36,
JACA48,
JACA60,
JACA72,
JACA96,
JARD,
JARDINAIRE,
JASM15,
JASM5,
JDGT,
JENSEN,
JOB,
JONES,
J&R,
JUGL,
JUGL1,
JUGL36,
JUGL60,
JUNC1,
JUNC15,
JUNC5,
JUNI1,
JUNI15,
JUNI24,
JUNI36,
JUNI48,
JUNI5,
JUST1,
JUST5,
JUTE,
KALA,
KALA1,
KALA15,
KALA2,
KALA5,
KBI,
KECK,
KECKLEY,
KENT,
KING,
KNIP,
KNIP1,
KNIP15,
KNIP5,
KOEL,
KOEL1,
KOEL15,
KOEL24,
KOEL36,
KOEL48,
KOEL60,
KUMQ15,
LAGE15,
LAGE24,
LAGE30,
LAGE36,
LAGE48,
LAGE5,
LAGE60,
LAMAX,
LAMP1,
LANDSCAPE,
LANT1,
LANT115,
LANT15,
LANT5,
LASCO,
LAT,
LAUR,
LAUR15,
LAUR24,
LAUR36,
LAUR48,
LAUR5,
LAVA1,
LAVA15,
LAVA24,
LAVA5,
LAVE1,
LEEMCO,
LEIT,
LEMEUR,
LEON,
LEPT1,
LEPT15,
LEPT24,
LEPT36,
LEPT5,
LEUC1,
LEUC15,
LEUC5,
LEYM1,
LEYM5,
LIGHTS,
LIGU1,
LIGU15,
LIGU24,
LIGU36,
LIGU5,
LIMO1,
LIMO15,
LIMO5,
LINER,
LIQU15,
LIQU24,
LIQU30,
LIQU36,
LIQU48,
LIQU5,
LIQU96,
LIRI1,
LIRI2,
LIRI48,
LIRI5,
LIRI60,
LIVI,
LOBE1,
LOBU5,
LOMA1,
LOMA15,
LOMA5,
LONI1,
LONI15,
LONI5,
LORO1,
LORO15,
LORO5,
LOTU1,
LSBID,
LSSTOCK,
LUPI1,
LUPI5,
LYON15,
LYON36,
MACF1,
MACF15,
MACF5,
MAGN15,
MAGN24,
MAGN30,
MAGN36,
MAGN48,
MAGN5,
MAGN60,
MAGN72,
MAHO1,
MAHO15,
MAHO5,
MAINT,
MALA1,
MALA5,
MALO15,
MALO5,
MALU15,
MAND1,
MAND15,
MAND5,
MARKERS,
MATCO,
MAYT1,
MAYT15,
MAYT24,
MAYT36,
MAYT5,
MELA1,
MELA15,
MELA24,
MELA30,
MELA36,
MELA48,
MELA5,
MELA60,
MENT1,
METER,
METR1,
METR15,
METR24,
METR36,
METR48,
METR5,
METR60,
MICH15,
MICH36,
MICR1,
MILI1,
MIMU1,
MIMU5,
MIRA1,
MISC,
MISC1,
MISC15,
MISC5,
ML,
MOLI5,
MORA1,
MORA5,
MORU24,
MORU36,
MORU48,
MOTOROLA,
MUHL1,
MUHL5,
MURDOCK,
MURR15,
MURR5,
MYERS,
MYOP1,
MYOP15,
MYOP5,
MYRI15,
MYRI5,
MYRT1,
MYRT15,
MYRT5,
NAILS,
NAND,
NAND1,
NAND15,
NAND5,
NASE,
NASE1,
NDS,
NELSON,
NEOD,
NEPE1,
NEPE5,
NEPH15,
NEPH5,
NERI1,
NERI15,
NERI24,
NERI30,
NERI36,
NERI5,
NETAFIM,
NIBCO,
NIPPLE,
NIRI36,
NIS,
NIT,
NITRO,
NYLOPLAST,
NYMP,
NYO,
NYOPLAST,
NYSA24,
OENO,
OENO1,
OLEA,
OLEA1,
OLEA15,
OLEA24,
OLEA36,
OLEA42,
OLEA48,
OLEA5,
OLEA54,
OLEA60,
OLEA72,
OLSON,
OOVAL,
OPHI1,
OPHI5,
OPUN,
OPUN1,
OPUN15,
OPUN24,
OPUN5,
ORIG1,
ORIG5,
OSMA15,
OSMA24,
OSMA5,
PA8S,
PACH1,
PACH15,
PACH24,
PAEO1,
PAIGE,
PAND15,
PAND5,
PANI,
PARK,
PARK24,
PARK36,
PARK48,
PART,
PART1,
PART15,
PART5,
PASS15,
PASS5,
PEB,
PEDI15,
PELA,
PELA1,
PELA5,
PENN1,
PENN15,
PENN5,
PENS1,
PENS5,
PEPCO,
PERMALOK,
PERO1,
PERO15,
PERO5,
PES,
PETR5,
PGA,
PHAC1,
PHAE15,
PHAE5,
PHIL1,
PHIL15,
PHIL24,
PHIL5,
PHLO1,
PHLO5,
PHOE,
PHOE24,
PHOE36,
PHOE48,
PHOE5,
PHOEBTH,
PHOR1,
PHOR15,
PHOR5,
PHOT1,
PHOT15,
PHOT24,
PHOT5,
PHYL15,
PHYL5,
PINU1,
PINU15,
PINU24,
PINU30,
PINU36,
PINU48,
PINU5,
PINU60,
PINU72,
PIST15,
PIST24,
PIST36,
PIST60,
PITT1,
PITT15,
PITT24,
PITT36,
PITT48,
PITT5,
PLANTS,
PLAT1,
PLAT15,
PLAT24,
PLAT30,
PLAT36,
PLAT42,
PLAT48,
PLAT5,
PLAT60,
PLAT72,
PLAT84,
PLAT96,
PLAY,
PLEC1,
PLUG,
PLUM1,
PLUM15,
PLUM24,
PLUM5,
POA1,
POA5,
POC,
PODO15,
PODO24,
PODO36,
PODO48,
PODO5,
PODO72,
PODR15,
POLAR,
POLY,
POLY1,
POLY15,
POLY5,
PONT5,
POPU1,
POPU15,
POPU24,
POPU48,
PORT15,
PORT5,
POT,
POTA1,
POTE1,
PP80,
PROS15,
PROS24,
PROS36,
PROS48,
PROT15,
PRS,
PRUN1,
PRUN15,
PRUN24,
PRUN36,
PRUN48,
PRUN5,
PSID15,
PSID48,
PSUD24,
PTS,
PTSOP,
PTSSAT,
PULC1,
PULL,
PUMP,
PUNI15,
PUNI24,
PUNI5,
PVC80FIT,
PVCFIT,
PYRA1,
PYRA15,
PYRA5,
PYRO15,
PYRT24,
PYRU15,
PYRU24,
PYRU30,
PYRU36,
PYRU48,
PYRU5,
PYRU60,
QC,
QUEEN,
QUER1,
QUER120,
QUER15,
QUER24,
QUER36,
QUER48,
QUER5,
QUER60,
QUER72,
QUER84,
R1400,
R1500,
R1800,
R5000,
R8,
RAINBIRD,
RAINMAN,
RAINMASTER,
RANU1,
RAP1,
RB i90,
RBi90,
RBRASS,
RCONT,
RDRAIN,
RDRIP,
REBAR,
REDDY,
REWATER,
RHAM1,
RHAM15,
RHAM5,
RHAP1,
RHAP15,
RHAP24,
RHAP36,
RHAP5,
RHUM15,
RHUS1,
RHUS15,
RHUS24,
RHUS30,
RHUS36,
RHUS48,
RHUS5,
RHUS60,
RIBE1,
RIBE15,
RIBE5,
RICHDEL,
RMAX,
ROBERTS,
ROBI,
ROBI15,
ROBI24,
ROBI48,
ROCK,
ROMN,
ROMN15,
ROOT,
RORI1,
ROSA1,
ROSA15,
ROSA2,
ROSA24,
ROSA5,
ROSE,
ROSE5,
ROSM1,
ROSM15,
ROSM5,
RQCV,
RR70,
RUDB1,
RUSS1,
RUSS5,
RVALVE,
RW,
SALCO,
SALI1,
SALI5,
SALV1,
SALV15,
SALV5,
SAMB1,
SAMB15,
SAMB36,
SAMB5,
SAND,
SANS1,
SANS5,
SANT1,
SANT5,
SARO5,
SAXI1,
SCAE5,
SCHE15,
SCHI15,
SCHI24,
SCHI30,
SCHI36,
SCHI48,
SCHI5,
SCHI60,
SCHI72,
SCHI84,
SCHI96,
SCIR1,
SCOTCH,
SEAF24,
SEAF36,
SEAF48,
SEAF5,
SEDU,
SEDU1,
SEDU5,
SENE1,
SENE5,
SENNINGER,
SEQU15,
SEQU24,
SEQU36,
SESL,
SESL1,
SESL5,
SIGNET,
SISY1,
SISY5,
SLE,
SLIP,
SLIPFIX,
SLV,
SOD,
SOIL,
SOLA1,
SOLA15,
SOLA24,
SOLA5,
SOLI1,
SOLL1,
SOPH15,
SOPH24,
SP,
SPAR1,
SPAT24,
SPAT36,
SPAT48,
SPEARS,
SPHA15,
SPHA5,
SPOOL,
SPOR1,
SPRAY,
STAKES,
STEN15,
STEN24,
STEN36,
STEP,
STEP5,
STEPPERS,
STIP1,
STOCK,
STOCKHAM,
STRE1,
STRE15,
STRE24,
STRE36,
STRE42,
STRE48,
STRE5,
STRE60,
STRE72,
STRONG,
STRONGBOX,
SUBS,
SUPERIOR,
SUTE1,
SWEEP,
SWING,
SWITCH,
SYRI24,
SYSTEMATIC,
SYZY1,
SYZY15,
SYZY24,
SYZY5,
T15PC,
T300,
T570,
T640,
TABE15,
TABE24,
TABE36,
TABE48,
TAGE1,
TAGE5,
TAXU,
TAXU5,
TBIRD,
TBOS,
TCONT,
TECO1,
TECO15,
TECO5,
TELEPHONE,
TERR2,
TEUC1,
TEUC5,
THEV1,
THEV15,
THEV24,
THEV36,
THEV5,
THUJ15,
THUJ24,
THYM1,
THYM5,
TIBO15,
TIBO5,
TIES,
TILA60,
TIPU15,
TIPU24,
TIPU36,
TIPU48,
TIPU60,
TOOL,
TORO,
TQCV,
TRAC1,
TRAC15,
TRAC5,
TRAD1,
TRAD5,
TRAFFIC,
TRIC5,
TRIS15,
TRIS24,
TRIS36,
TRIS5,
TROPE,
TS700,
TSB,
TUCOR,
TUFSKIN,
TULB,
TULB1,
TULB15,
TULB5,
TUPI24,
TUPI36,
TUPI48,
TURF,
TXP300,
TYPH1,
ULMU1,
ULMU15,
ULMU24,
ULMU30,
ULMU36,
ULMU48,
ULMU5,
ULMU60,
ULMU72,
UMBE5,
UMBEL36,
UNION,
V,
VALCON,
VAL MATIC,
VAULT,
VD,
V-DITCH,
VERB1,
VERB5,
VIBU1,
VIBU15,
VIBU5,
VINC1,
VINCA,
VIT,
VITI15,
VITI5,
WALLA,
WASH,
WATER,
WATERMARK,
WATTS,
WCS,
WEATHER,
WEATHERMATIC,
WEATHERTRAC,
WEATHERTRAK,
WEED,
WEST,
WEST1,
WEST15,
WEST5,
WHITTIER,
WILKINS,
WIRE,
WIST15,
WIST24,
XP300,
XYLO1,
XYLO15,
XYLO5,
YARDNEY,
YUCC1,
YUCC15,
YUCC24,
YUCC36,
YUCC48,
YUCC5,
ZAMI,
ZAMI15,
ZAMI5,
ZANT1,
ZANT15,
ZAUC,
ZAUS,
ZELK15,
ZELK24,
ZELK36,
ZELK48,
ZINN1,
ZURN,
