customer_name,customer_address,customer_state,customer_city,customer_zip
Company 13851B41,3517 Example St,CA,SAN FRANCISCO,94123
Company 9C5C927A,3672 Example St,CA,Irvine,92618
Company 1AC887C3,863 Example St,CA,IRVINE,92618
Company 72D2A124,3954 Example St,CA,Santa Ana,92705-5654
Company 149793BA,8751 Example St,CA,NEWPORT BEACH,
Company C5915011,815 Example St,CA,IRVINE,92821
Company 7158A058,8677 Example St,IL,NAPERVILLE,60563
Company B6B3B0AF,6801 Example St,CA,Anaheim,92804
Company B6B3B0AF,7385 Example St,CA,Anaheim,92804
Company EA35B4B3,5319 Example St,CA,LA HABRA,90631
Company D640F50A,6592 Example St,CA,IRVINE,92614
Company 04496F34,400 Example St,CA,COSTA MESA,92626
Company 3F7AA8C7,1065 Example St,CA,,
Company F2020C78,6600 Example St,CA,ANAHEIM,92806
Company AEF5A8A0,637 Example St,CA,Anaheim,92806
Company 4AA94171,6749 Example St,CA,ANAHEIM,92806
Company C1B120E5,6247 Example St,CA,Irvine,92617
Company C1B120E5,5324 Example St,CA,Irvine,92618
Company 2BE91F96,8094 Example St,CA,IRVINE,92618
Company 5E5A15F0,3968 Example St,CA,NEWPORT BEACH,92660
Company 7D45D4C9,6191 Example St,CA,NEWPORT BEACH,92660
Company 22EDA38C,4340 Example St,CA,IRVINE,92612
Company A0737E11,1887 Example St,CA,Temecula,92590
Company 73F0A197,,,,
Company 13667C65,6596 Example St,CA,Compton,90815
Company F6ABCC53,3890 Example St,CA,SAN CLEMENTE,92673
Company ACAE7639,2920 Example St,CA,Huntington Beach,92649
Company DEFFB02D,7048 Example St,CA,San Clemente,92673
Company DEFFB02D,3941 Example St,CA,CORONA,92879
Company 3BAAE540,7048 Example St,CA,San Clemente,92673
Company 15EE0008,7372 Example St,CA,,92610
Company 6AE737D0,1089 Example St,CA,RIVERSIDE,91101
Company 9BE82B32,6016 Example St,CA,ANAHEIM,92806
Company 78153655,5921 Example St,CA,Corona del Mar,92625
Company 3749DB02,,CA,,
Company 82C625F5,445 Example St,CA,,
Company E5BAAE4C,4408 Example St,CA,NEWPORT BEACH,92660
Company 31CA28A0,,CA,,
Company FA27D5AB,580 Example St,CA,Costa Mesa,92626
Company B06F661D,1414 Example St,CA,San Clemente,92673
Company CBF65FC2,3331 Example St,CA,COSTA MESA,92626
Company CCA48DB5,8323 Example St,CA,,
Company 8CF13053,262 Example St,CA,MISSION VIEJO,92691
Company 1DC9F75E,8362 Example St,CA,Orange,92649
Company 662CE371,810 Example St,CA,Upland,91786
Company CE5BCD98,5218 Example St,CA,Van Nuys,91406
Company A5A021FA,2834 Example St,CA,Long Beach,90813
Company 438D4C1B,6623 Example St,CA,LONG BEACH,90813
Company C11305B2,4607 Example St,CA,CORONA,92878
Company 66E3A291,5374 Example St,CA,Costa Mesa,92626
Company DD318DFF,7408 Example St,CA,LOS ANGELES,90066
Company 0B62C972,3331 Example St,CA,,
Company 9593C201,6828 Example St,CA,,
Company 444DB9E8,4408 Example St,CA,NEWPORT BEACH,92660
Company 2258A02E,5272 Example St,CA,,
Company ABF1EF61,2087 Example St,CA,NEWPORT BEACH,92660
Company 7053772E,,,,
Company EA114A2A,926 Example St,CA,,
Company 52284701,,CA,NEWPORT BEACH,
Company 0A9DADC5,926 Example St,CA,Newport Beach,92660
Company 4A6B4C52,8743 Example St,CA,Orange,92867
Company F4A0253E,,CA,,92007
Company 27C7B7D0,3826 Example St,CA,Corona,92882
Company 048F4574,311 Example St,CA,SAN DIEGO,92130
Company 66C8E929,2872 Example St,CA,SEAL BEACH,90740
Company 08367154,716 Example St,CA,Valencia,
Company 829C7373,6284 Example St,CA,Wildomar,92595
Company 4615C25B,,,,
Company 2E88A919,,,,
Company 06071D63,3381 Example St,CA,Irvine,92618
Company D4B4AD73,8860 Example St,CA,Costa Mesa,92656
Company 019A90F2,6833 Example St,CA,Orange,92868
Company 99F6E062,5220 Example St,CA,IRVINE,92618
Company 259FA254,3663 Example St,CA,,
Company 2AEA573C,5031 Example St,CA,CORONA,92882
Company 0907EA87,3669 Example St,CA,IRVINE,92618
Company C9513B3A,1778 Example St,CA,,
Company 1B2FF4EC,7842 Example St,CA,Newport Beach,92660
Company B68135A6,4947 Example St,CA,LAGUNA BEACH,92652
Company 9FA4E600,3183 Example St,CA,San Marcos,92078
Company 4FDB6480,4846 Example St,CA,NEWPORT BEACH,92660
Company 6B4DFDAD,3401 Example St,CA,Los Angeles,90025
Company 6B4DFDAD,7321 Example St,CA,SAN FRANCISCO,92806
Company 9A5D3476,9060 Example St,CA,IRVINE,92618
Company AF9E3899,8841 Example St,CA,IRVINE,92606
Company E466AFD1,407 Example St,CA,ANAHEIM,92806
Company 0BE2F1EE,,CA,,
Company 2A3FD22C,3356 Example St,CA,ANAHEIM,92806
Company 7F816E6A,1849 Example St,CA,Irvine,92865
Company 218DCEA1,,,,
Company 9CC6951F,4968 Example St,CA,,
Company E39619CC,4968 Example St,CA,,
Company C78A6F10,3508 Example St,CA,Anaheim,92807
Company 51FEE15B,,,,
Company DACB5DDC,1786 Example St,CA,Mission Viejo,92691
Company 5EFD7A86,7996 Example St,CA,WHITTIER,90608
Company 355047E6,6254 Example St,CA,Riverside,92504
Company 1D45B35A,5874 Example St,CA,COSTA MESA,92626
Company A98129EA,9000 Example St,CA,,
Company CB4573E8,3356 Example St,CA,ANAHEIM,92806
Company CD7A14A3,4408 Example St,CA,NEWPORT BEACH,92660
Company 9827F44A,4408 Example St,CA,NEWPORT BEACH,92660
Company DC2C0779,1273 Example St,CA,CORONA,92879
Company 2F6C3CD3,1258 Example St,CA,,
Company 0DF092B8,8845 Example St,CA,Newport Beach,92646
Company 03FD0A02,4968 Example St,,,
Company F8D78650,447 Example St,CA,Riverside,92503
Company F92B8916,3993 Example St,,,
Company 88F30DA4,6570 Example St,CA,IRVINE,92618
Company C9FB0822,4408 Example St,CA,Irvine,92618
Company 850D4EBF,,,,
Company 4F04F133,3755 Example St,CA,Corona,92882
Company 0CD776D3,7398 Example St,CA,RANCHO MISSION VIEJO,92697
Company 8BCA9A03,8050 Example St,CA,WHITTIER,90601
Company 0D9B77D6,3296 Example St,CA,MURRIETA,92562
Company A595E1D4,1590 Example St,CA,NEWPORT BEACH,92660
Company 1ED8697D,2694 Example St,CA,Riverside,92503
Company 5C2B4E23,5347 Example St,CA,RIVERSIDE,92503
Company B1617724,816 Example St,CA,Riverside,92503
Company 61383C18,3020 Example St,CA,Irvine,92618
Company 3983EDC3,1829 Example St,CA,Costa Mesa,92626
Company 1DD0B85E,2885 Example St,CA,COSTA MESA,92626
Company 9565219D,1829 Example St,CA,,
Company 44BDBB0E,8426 Example St,CA,Irvine,92614
Company E2931086,580 Example St,CA,Costa Mesa,92626
Company B75AEEFD,2505 Example St,CA,SAN CLEMENTE,
Company C7291A3F,6833 Example St,CA,Orange,92868
Company A827A6D9,375 Example St,CA,Irvine,92618
Company 082C0CF8,7257 Example St,CA,Irvine,92618
Company 4A45A117,8433 Example St,CA,Huntington Beach,92647
Company 59AF0896,6596 Example St,CA,Compton,90815
Company 759275BB,4408 Example St,CA,Irvine,92618
Company 18057B4B,2872 Example St,CA,SEAL BEACH,90740
Company 174C22B7,2872 Example St,CA,SEAL BEACH,90740
Company 4536CE84,518 Example St,CA,Ontario,91764
Company 741C96DD,3710 Example St,CA,Irvine,92602
Company 741C96DD,1977 Example St,CA,,
Company 09CEF710,6611 Example St,CA,,
Company DA025E42,5926 Example St,CA,ANAHEIM,92806
Company D3D17A1C,4408 Example St,CA,NEWPORT BEACH,92660
Company 43E75C2B,4408 Example St,CA,NEWPORT BEACH,92660
Company 507FA500,3117 Example St,CA,,
Company 16FADD82,8580 Example St,CA,Irvine,92606
Company 4F52C8A7,,,,
Company DBFBA742,6625 Example St,CA,Newport Beach,92660
Company 62081D85,8317 Example St,CA,,
Company D56E2134,6325 Example St,CA,COSTA MESA,92626
Company D56E2134,6325 Example St,CA,Costa Mesa,92626
Company 278E018F,6944 Example St,CA,PASADENA,91105
Company 5A72D611,,CA,Ontario,91764
Company C7084715,4461 Example St,CA,,
Company 19C7772C,5347 Example St,CA,Sacramento,95818
Company 0FD8AE3F,760 Example St,CA,MISSION VIEJO,92691
