id,factor_code,part_number,quantity
22710,545,33-13025,0.05
22711,213,10-1173,1
22712,210.2,10-1173,1
22713,210.3,10-1173,1
22714,210.4,10-1173,1
22715,261,13-1500,1
22716,270.1,13-1480,1
22717,535.1,9302-265,0.00003
22718,535,9302-222,0.000007
22719,535.1,9302-222,0.000007
22720,617,40-1880,1
22721,402.3,40-1421,1
22722,402.3,33-13025,0.015
22723,402.3,1324-144,1
22724,214,10-1173,1
22725,214,0002-10,1
22726,214,32-1056,1
22727,190,33-1120,0.1
22728,462,95-0009,1
22729,605.1,40-1561,1
22730,605.1,40-1620,1
22731,610.1,40-1581,1
22732,610.1,40-1620,1
22733,545,33-1304,1
22734,545.2,33-1302,0.25
22735,545.2,33-1304,3
22736,545.3,33-13025,0.125
22737,545.3,33-1304,1.5
22738,639.2,33-1316,6
22739,603,33-13025,1
22740,603,33-1304,100
22741,402.3,1324-146,0
22742,631.2,9301-100,1
22743,631.2,40-4057,0.2
22744,631.3,9301-100,1
22745,639.5,30-2726,0.2
22746,615,40-1620,1
22747,701,32-1004,1
22748,701,437-166,4
22749,701,9301-210,0.06
22750,550,33-1280,0.1
22751,551,33-1280,0.1
22752,210.1,0002-20,1
22753,210.1,10-5440,1
22754,210.1,10-1173,1
22755,514.2,9302-240,4
22756,514.2,9300-100,0.02
22757,514.2,33-1720,0.0044
22758,514.2,33-1160,0.0044
22759,514.2,33-1180,2
22760,514.2,9302-260,1
22761,513.1,9302-240,4
22762,513.1,9300-100,0.015
22763,513.1,33-1720,0.0044
22764,513.1,33-1160,0.0044
22765,513.1,33-1180,2
22766,513.1,9300-101,2
22767,652,9301-210,0.12
22768,652,33-2605,2
22769,450,9300-160,4
22770,450,13-1540,1
22771,552,33-1280,0.05
22772,350,33-2380,2
22773,350,33-1140,1
22774,350,30-2520,1
22775,350,30-2600,1
22776,210.2,0002-20,1
22777,210.2,22-1087,1
22778,513.2,9302-240,4
22779,513.2,9300-100,0.015
22780,513.2,33-1720,0.0044
22781,513.2,33-1160,0.0044
22782,513.2,33-1180,1
22783,513.2,9300-101,1
22784,512.1,9302-240,6
22785,512.1,9300-100,0.05
22786,512.1,33-1720,0.014
22787,512.1,33-1160,0.014
22788,512.1,9302-250,2
22789,512.1,9302-245,2
22790,451,9300-220,3
22791,511.1,9302-240,6
22792,511.1,9300-100,0.05
22793,511.1,33-1720,0.014
22794,511.1,33-1160,0.014
22795,511.1,33-1180,2
22796,511.1,9302-260,1
22797,553,33-1280,0.05
22798,210.3,15-1160,1
22799,210.3,0002-10,1
22800,210.3,22-1087,1
22801,513.3,9302-240,4
22802,513.3,9300-100,0.015
22803,513.3,33-1720,0.0044
22804,513.3,33-1160,0.0044
22805,221,15-1160,1
22806,240,0002-10,1
22807,370,9300-140,1
22808,370.7,15-1140,1
22809,207.2,12-1560,10
22810,207.2,13420-217,3
22811,207.2,406-005UV,2
22812,207.2,407-005UV,2
22813,207.2,401-005UV,2
22814,207.2,402-005UV,3
22815,207.2,13420-208,4
22816,207.3,13420-214,1
22817,410.1,20-2320,1
22818,410.1,20-2340,3
22819,410.1,15-1240,1
22820,410.1,15-1280,1
22821,410.1,40-5218,1
22822,410.1,9301-210,0.12
22823,410.1,9301-244,2
22824,410.1,33-2380,2
22825,512.3,9302-240,6
22826,512.3,9300-100,0.05
22827,512.3,33-1720,0.014
22828,512.3,33-1160,0.014
22829,512.3,9302-250,1
22830,512.3,9302-255,2
22831,510.1,9302-240,6
22832,510.1,9300-100,0.05
22833,510.1,33-1720,0.014
22834,510.1,33-1160,0.014
22835,510.1,33-1180,2
22836,510.1,9300-101,2
22837,554,33-1280,0.2
22838,150,9300-220,0.09
22839,150,9301-120,0.4
22840,150,9301-140,0.6
22841,513.4,9302-240,4
22842,513.4,9300-100,0.015
22843,513.4,33-1720,0.0044
22844,513.4,33-1160,0.0044
22845,513.4,33-1180,1
22846,513.4,9302-245,3
22847,251,0002-10,1
22848,251,15-1160,1
22849,511.2,9302-240,6
22850,511.2,9300-100,0.05
22851,511.2,33-1720,0.014
22852,511.2,33-1160,0.014
22853,511.2,33-1180,1
22854,511.2,9302-260,3
22855,410.2,20-2320,1
22856,410.2,20-2340,2
22857,410.2,15-1220,1
22858,410.2,15-1260,1
22859,410.2,9301-244,1
22860,410.2,33-2380,2
22861,410.2,9301-250,1
22862,210.4,22-1087,1
22863,210.4,30-2440,1
22864,210.4,33-2380,2
22865,210.4,33-1140,1
22866,210.4,33-2040,1
22867,207.1,9300-440,0.05
22868,207.1,33-4520,0.1
22869,513.5,9302-240,4
22870,513.5,9300-100,0.015
22871,513.5,33-1720,0.0044
22872,513.5,33-1160,0.0044
22873,513.5,33-1180,1
22874,513.5,9302-245,2
22875,510.2,9302-240,6
22876,527.5,33-1539,4
22877,220.1,15-1160,1
22878,220.1,0002-10,1
22879,220.1,10-5440,1
22880,220.1,33-2380,2
22881,207.2,13420-220,4
22882,207.2,33-1120,4
22883,638.9,412-005UV,1
22884,220.1,33-1140,1
22885,1003.1,0043-1,0.2
22886,1003.1,33-4520,0.1
22887,643,9300-80,0.2
22888,340,30-2440,1
22889,340,33-2380,2
22890,340,33-1140,1
22891,340,33-2040,1
22892,223.5,10-5440,1
22893,223.5,30-2440,1
22894,223.5,33-2380,2
22895,223.5,9301-244,1
22896,223.5,25-1515,1
22897,220.2,15-1160,1
22898,220.2,0002-10,1
22899,220.2,10-5440,1
22900,220.2,33-2380,2
22901,220.2,9301-244,1
22902,220.2,33-2040,1
22903,1002.1,0042-1,0.2
22904,1002.1,33-4520,0.1
22905,542,9302-240,9
22906,542,33-1160,0.084
22907,542,9302-270,4
22908,542,33-1340,4
22909,542,33-1360,1
22910,341,33-2040,1
22911,341,15-1140,1
22912,341,15-1080,1
22913,341,20-2120,1
22914,341,20-2140,2
22915,341,20-2110,1
22916,341,33-2380,2
22917,341,9301-244,1
22918,240,15-1140,1
22919,1001.1,9300-666,0.2
22920,1001.1,33-4520,0.1
22921,223.6,10-5440,1
22922,223.6,30-2440,1
22923,223.6,33-4510,2
22924,223.6,33-1140,1
22925,223.6,33-2040,1
22926,220.3,15-1160,1
22927,220.3,0002-10,1
22928,220.3,10-5440,1
22929,220.3,33-4510,2
22930,220.3,33-1140,1
22931,420.1,15-1740,1
22932,420.1,15-1750,1
22933,420.1,15-1580,1
22934,420.1,15-1590,2
22935,631,9301-100,1
22936,631,40-2010,0.03
22937,631,9301-160,0.17
22938,638.9,050-060UV,1
22939,632,9301-100,1
22940,632,40-2020,0.05
22941,632,9301-160,0.12
22942,633,40-2050,2
22943,330,13-1440,1
22944,220,32-1056,1
22945,330,15-1820,1
22946,330,15-1780,1
22947,330,15-1740,2
22948,330,15-1580,3
22949,330,9301-301,1
22950,330,9301-250,2
22951,634,9301-100,1
22952,634,40-1980,0.1
22953,634,9301-160,0.42
22954,230,0002-10,1
22955,230,10-5500,1
22956,130,9300-180,0.11
22957,130,9301-120,0.4
22958,130,9301-140,0.6
22959,131,9300-180,0.09
22960,131,9301-120,0.75
22961,131,9301-140,0.25
22962,630.1,40-1280,1
22963,535,9302-265,0.00003
22964,535,33-3026,0.000238
22965,132,9300-180,0.095
22966,132,9301-100,1
22967,133,9300-180,0.068
22968,133,9301-100,1
22969,223.1,10-5440,1
22970,223.1,30-2440,1
22971,223.1,25-1515,1
22972,223.1,33-4500,1
22973,223.1,33-4510,2
22974,627.1,9300-282,0.07
22975,223.2,10-5440,1
22976,223.2,30-2440,1
22977,223.2,33-2380,2
22978,223.2,25-1515,1
22979,223.2,33-2581,1
22980,1005.1,45,0.2
22981,1005.1,33-4520,0.1
22982,223.3,10-5440,1
22983,223.3,30-2440,1
22984,223.3,33-2380,2
22985,223.3,25-1515,1
22986,223.3,33-2580,1
22987,524.1,9302-240,1
22988,1004.1,0044-1,0.2
22989,1004.1,33-4520,0.1
22990,527.5,9302-240,7
22991,527.5,9300-100,0.12
22992,527.5,33-1720,0.38
22993,527.5,33-1160,0.38
22994,187,9301-160,0.07
22995,700,15-1080,1
22996,420.1,9301-244,1
22997,420.1,33-2380,2
22998,420.1,9301-250,1
22999,543,9302-240,11
23000,543,33-1160,0.19
23001,543,9302-270,10
23002,543,33-1340,10
23003,543,33-1360,1
23004,241,10-5500,1
23005,241,30-2440,1
23006,241,33-4510,2
23007,241,33-2040,1
23008,241,33-1140,1
23009,140,9300-200,0.1
23010,140,9301-120,0.4
23011,140,9301-140,0.6
23012,420.2,15-1740,1
23013,420.2,15-1750,1
23014,420.2,15-1580,1
23015,420.2,15-1590,2
23016,420.2,40-2145,1
23017,420.2,9301-210,0.12
23018,420.2,9301-244,1
23019,420.2,33-2380,2
23020,1000.1,9300-481,0.05
23021,1000.1,33-4520,0.125
23022,544,9302-240,7
23023,544,33-1160,0.038
23024,544,33-1340,3
23025,544,33-1360,1
23026,242,10-5500,1
23027,242,30-2440,1
23028,242,33-2380,2
23029,242,33-2040,1
23030,242,9301-244,1
23031,141,9300-200,0.09
23032,141,9301-120,0.75
23033,141,9301-140,0.25
23034,420.3,15-1740,1
23035,420.3,15-1750,1
23036,420.3,15-1580,1
23037,420.3,15-1590,2
23038,420.3,40-5218,1
23039,420.3,9301-210,0.12
23040,420.3,9301-244,1
23041,420.3,33-2380,2
23042,1000.2,9300-665,0.05
23043,1000.2,33-4520,0.125
23044,142,9300-200,0.093
23045,142,9301-100,1
23046,143,9300-200,0.066
23047,143,9301-100,1
23048,650,44-5826,1
23049,515.1,9302-240,4
23050,515.1,9300-100,0.015
23051,515.1,33-1720,0.0044
23052,515.1,33-1160,0.004
23053,515.1,9302-250,2
23054,515.1,9302-255,2
23055,651,40-4019,1
23056,514.1,9302-240,4
23057,514.1,9300-100,0.015
23058,514.1,33-1720,0.0044
23059,514.1,33-1160,0.0044
23060,514.1,33-1180,1
23061,514.1,9302-260,3
23062,510.2,9300-100,0.05
23063,700,20-2120,2
23064,510.2,33-1720,0.014
23065,510.2,33-1160,0.014
23066,555,33-1280,0.2
23067,151,9300-220,0.1
23068,151,9301-120,0.75
23069,151,9301-140,0.25
23070,410.3,15-2130,1
23071,410.3,15-2140,2
23072,410.3,15-2150,1
23073,410.3,15-2160,1
23074,410.3,9301-244,1
23075,410.3,33-2380,2
23076,410.3,9301-250,1
23077,509.1,9302-240,7
23078,509.1,9300-100,0.12
23079,509.1,33-1720,0.038
23080,509.1,33-1160,0.038
23081,509.1,9302-250,2
23082,509.1,9302-245,2
23083,509.1,33-1340,10
23084,509.1,40-1462,1
23085,206.1,9300-420,0.05
23086,206.1,33-4520,0.1
23087,510.3,9302-240,6
23088,510.3,9300-100,0.05
23089,510.3,33-1720,0.014
23090,510.3,33-1160,0.014
23091,510.3,33-1180,1
23092,510.3,9302-245,3
23093,556,33-1280,1
23094,152,9301-100,1
23095,152,9300-220,0.08
23096,509.2,9302-240,7
23097,509.2,9300-100,0.12
23098,509.2,33-1720,0.038
23099,509.2,33-1160,0.038
23100,509.2,33-1180,2
23101,509.2,9302-255,2
23102,509.2,33-1340,10
23103,509.2,40-1462,1
23104,508.1,9302-240,7
23105,508.1,9300-100,0.15
23106,508.1,33-1720,0.038
23107,508.1,33-1160,0.038
23108,508.1,33-1180,2
23109,508.1,9302-260,1
23110,508.1,33-1340,10
23111,508.1,40-1462,1
23112,205.1,9300-400,0.05
23113,205.1,33-4520,0.1
23114,510.4,9302-240,6
23115,510.4,9300-100,0.05
23116,510.4,33-1720,0.014
23117,510.4,33-1160,0.014
23118,510.4,33-1180,1
23119,510.4,9302-245,2
23120,557,33-1280,0.1
23121,153,9300-220,0.07
23122,153,9301-100,1
23123,507.1,9302-240,7
23124,507.1,9300-100,0.12
23125,507.1,33-1720,0.038
23126,507.1,33-1160,0.038
23127,507.1,33-1180,2
23128,507.1,9300-102,2
23129,507.1,33-1340,10
23130,507.1,40-1462,1
23131,509.3,9302-240,7
23132,509.3,9300-100,0.12
23133,509.3,33-1720,0.038
23134,509.3,33-1160,0.038
23135,509.3,9302-250,1
23136,509.3,9302-255,2
23137,509.3,33-1340,10
23138,509.3,40-1462,1
23139,204.1,9300-380,0.075
23140,204.1,33-4520,0.1
23141,510.5,9302-240,6
23142,510.5,9300-100,0.05
23143,510.5,33-1720,0.014
23144,510.5,33-1160,0.014
23145,510.5,33-1180,2
23146,510.5,9302-245,2
23147,558,33-1280,0.2
23148,154,9301-160,0.008
23149,507.2,9302-240,7
23150,507.2,9300-100,0.12
23151,507.2,33-1720,0.038
23152,507.2,33-1160,0.038
23153,507.2,33-1340,10
23154,507.2,40-1462,1
23155,506.1,9302-240,8
23156,506.1,9300-100,0.15
23157,506.1,33-1720,0.048
23158,506.1,33-1160,0.048
23159,506.1,33-1340,12
23160,506.1,40-1462,1
23161,506.1,9302-273,3
23162,203.1,9300-360,0.1
23163,203.1,33-4520,0.1
23164,510.6,9302-240,6
23165,510.6,33-1180,1
23166,510.6,9302-245,2
23167,507.3,9302-240,7
23168,507.3,9300-100,0.12
23169,507.3,33-1720,0.038
23170,507.3,33-1160,0.038
23171,507.3,33-1180,1
23172,507.3,9302-245,3
23173,507.3,33-1340,10
23174,507.3,40-1462,1
23175,506.2,9302-240,8
23176,506.2,9300-100,0.15
23177,506.2,33-1720,0.048
23178,506.2,33-1160,0.048
23179,506.2,33-4521,3
23180,506.2,33-1340,12
23181,506.2,40-1462,1
23182,505.1,9302-240,9
23183,505.1,9300-100,0.3
23184,505.1,33-1720,0.084
23185,505.1,33-1160,0.084
23186,505.1,33-1340,15
23187,505.1,40-1462,1
23188,505.1,9302-273,3
23189,202.1,9300-340,0.1
23190,202.1,33-4520,0.1
23191,560,33-1286,0.2
23192,505.2,9302-240,9
23193,505.2,9300-100,0.3
23194,505.2,33-1720,0.084
23195,505.2,33-1160,0.084
23196,505.2,33-1340,15
23197,505.2,40-1462,1
23198,504.1,9302-240,10
23199,700,20-2140,2
23200,504.1,9300-100,0.4
23201,504.1,33-1720,0.12
23202,504.1,33-1160,0.12
23203,504.1,9302-181,3
23204,504.1,33-1340,17
23205,504.1,40-1462,1
23206,507.4,9302-240,7
23207,507.4,9300-100,0.12
23208,507.4,33-1720,0.038
23209,507.4,33-1160,0.038
23210,507.4,33-1180,1
23211,507.4,9302-245,2
23212,507.4,33-1340,10
23213,507.4,40-1462,1
23214,201.1,9300-320,0.15
23215,201.1,33-4520,0.1
23216,460,33-1100,2
23217,505.3,9302-240,9
23218,505.3,9300-100,0.3
23219,505.3,33-1720,0.06
23220,505.3,33-1160,0.084
23221,505.3,33-1340,15
23222,505.3,40-1462,1
23223,505.3,9302-243,2
23224,505.3,9302-245.1,4
23225,503.1,9302-240,11
23226,503.1,9300-100,0.6
23227,503.1,33-1720,0.19
23228,503.1,33-1160,0.19
23229,503.1,9302-181,3
23230,503.1,33-1340,20
23231,503.1,40-1462,1
23232,507.5,33-1180,2
23233,507.5,9302-245,4
23234,507.5,33-1340,10
23235,507.5,40-1462,1
23236,402.1,40-2145,1
23237,402.1,9301-210,0.04
23238,402.1,9301-241,1
23239,200.1,9300-300,0.15
23240,200.1,33-4520,0.1
23241,402.2,40-5218,1
23242,402.2,9301-210,0.04
23243,401.1,9301-182,1
23244,401.1,33-2020,2
23245,401.1,33-2000,0.08
23246,360,0002-10,1
23247,259,13-1505,1
23248,259,15-1645,4
23249,259,15-1725,1
23250,259,15-2125,1
23251,259,15-2126,1
23252,259,15-2127,3
23253,259,9301-301,1
23254,259,9301-250,2
23255,461,40-5218,1
23256,503.2,9302-240,14
23257,503.2,9300-100,0.8
23258,503.2,33-1720,0.236
23259,503.2,33-1160,0.236
23260,503.2,33-1340,20
23261,503.2,40-1462,1
23262,503.2,33-4521,3
23263,503.2,9302-241,1
23264,502.1,9302-240,14
23265,502.1,9300-100,0.8
23266,502.1,33-1720,0.236
23267,502.1,33-1160,0.236
23268,502.1,9302-181,3
23269,502.1,33-1340,22
23270,502.1,40-1462,1
23271,505.4,9302-240,9
23272,505.4,9300-100,0.3
23273,505.4,33-1720,0.084
23274,505.4,33-1160,0.084
23275,505.4,33-1340,15
23276,505.4,40-1462,1
23277,505.4,9302-243,2
23278,505.4,9300-102,2
23279,507.6,9302-240,7
23280,507.6,9300-100,0.12
23281,507.6,33-1720,0.038
23282,507.6,33-1160,0.038
23283,507.6,33-1180,2
23284,507.6,9302-245,2
23285,507.6,33-1340,10
23286,507.6,40-1462,1
23287,400.1,40-5218,1
23288,400.1,9301-210,0.12
23289,260,13-1500,1
23290,260,15-2120,1
23291,260,15-2100,1
23292,260,15-2060,4
23293,260,15-1640,4
23294,260,15-1720,1
23295,260,9301-301,1
23296,260,9301-250,2
23297,505.5,9302-240,9
23298,505.5,9300-100,0.3
23299,505.5,33-1720,0.084
23300,505.5,33-1160,0.084
23301,505.5,33-1340,15
23302,505.5,40-1462,1
23303,505.5,9302-250,2
23304,505.5,9302-245,2
23305,503.3,9302-241,1
23306,503.3,33-1340,20
23307,503.3,40-1462,1
23308,501.1,9302-240,16
23309,501.1,9300-100,1
23310,501.1,33-1720,0.31
23311,501.1,33-1160,0.2
23312,501.1,9302-181,3
23313,501.1,33-1340,30
23314,501.1,40-1462,2
23315,399.1,150-180BS,2
23316,601.1,40-1502,1
23317,160,9300-240,0.051
23318,160,9301-120,0.4
23319,160,9301-140,0.6
23320,261,15-1720,1
23321,261,15-2120,1
23322,261,15-2100,1
23323,261,15-2060,4
23324,261,15-1640,4
23325,261,9301-301,1
23326,261,9301-250,2
23327,505.6,9302-240,9
23328,505.6,9300-100,0.3
23329,505.6,33-1720,0.084
23330,505.6,33-1160,0.084
23331,505.6,33-1340,15
23332,505.6,40-1462,1
23333,505.6,9302-243,2
23334,505.6,9302-260,2
23335,500.1,9302-240,20
23336,500.1,9300-100,3
23337,500.1,33-1720,0.8
23338,500.1,33-1160,0.6
23339,500.1,9302-274,3
23340,500.1,33-1340,40
23341,500.1,40-1462,2
23342,501.2,9302-240,16
23343,501.2,9300-100,1
23344,501.2,33-1720,0.31
23345,501.2,33-1160,0.2
23346,501.2,33-4521,3
23347,501.2,33-1340,30
23348,501.2,40-1462,2
23349,400.2,9301-183,1
23350,400.2,9301-210,0.12
23351,400.2,9301-241,1
23352,600.1,40-1440,1
23353,161,9300-240,0.039
23354,161,9301-120,0.75
23355,161,9301-140,0.25
23356,262,15-2120,1
23357,262,15-2080,1
23358,262,15-2040,2
23359,262,15-1640,2
23360,262,15-1720,2
23361,262,9301-301,1
23362,601.2,40-1520,1
23363,505.7,9302-240,9
23364,505.7,9302-181,3
23365,505.7,33-1340,15
23366,505.7,40-1462,1
23367,500.2,9302-240,20
23368,500.2,9300-100,3
23369,500.2,33-1720,0.8
23370,500.2,33-1160,0.6
23371,500.2,33-4521,5
23372,500.2,33-1340,40
23373,500.2,40-1462,2
23374,162,9300-240,0.059
23375,162,9301-100,1
23376,600.2,40-4090,1
23377,498.1,9302-240,30
23378,498.1,9300-100,5
23379,498.1,33-1720,1
23380,498.1,33-1160,1
23381,498.1,9302-274,3
23382,498.1,33-1340,35
23383,498.1,33-1360,1
23384,505.8,9302-240,9
23385,505.8,9300-100,0.3
23386,505.8,33-1720,0.084
23387,505.8,33-1160,0.084
23388,505.8,9302-241,1
23389,505.8,33-1340,15
23390,505.8,40-1462,1
23391,505.8,33-4521,3
23392,396.1,200-180BS,2
23393,163,9300-240,0.042
23394,163,9301-100,1
23395,505.9,9302-241,1
23396,505.9,33-1340,15
23397,505.9,40-1462,1
23398,395.1,200-180,2
23399,164,9301-160,0.008
23400,700,9300-160,1
23401,470,33-2520,1
23402,470,10-4500,1
23403,391.1,125-180BS,2
23404,471,33-2520,1
23405,370,0002-40,1
23406,390.1,125-180,2
23407,270,13-1480,1
23408,270,15-2020,1
23409,270,15-2000,1
23410,270,15-1960,4
23411,270,15-1620,4
23412,270,15-1700,1
23413,270,9301-301,1
23414,270,9301-250,2
23415,371,0002-10,1
23416,371,9300-140,1
23417,371,11-1440,1
23418,371,11-1660,1
23419,170,9300-260,0.027
23420,170,9301-100,1
23421,373,15-1060,1
23422,373,15-1140,1
23423,373,20-2120,1
23424,373,20-2140,2
23425,373,20-2110,1
23426,373,26-1300,1
23427,171,9300-260,0.047
23428,171,9301-100,1
23429,471,10-4500,1
23430,172,9301-160,0.015
23431,480,33-1400,1
23432,382.1,9301-257,1
23433,382.1,9301-210,0.085
23434,382.1,33-2020,2
23435,382.1,33-2000,0.08
23436,381.1,9301-182,1
23437,381.1,9301-210,0.056
23438,382.2,9301-299,1
23439,382.2,9301-210,0.085
23440,382.2,33-2020,2
23441,382.2,33-2000,0.08
23442,380,9301-180,1
23443,380,9301-210,0.056
23444,380,33-2020,2
23445,380,33-2000,0.08
23446,380,12-2248,3
23447,380,9301-240,1
23448,381.2,32-1001,1
23449,381.2,9301-210,0.056
23450,381,40-2146,1
23451,381,9301-210,0.06
23452,280,13-1460,1
23453,280,15-1920,1
23454,280,15-1900,1
23455,280,15-1600,4
23456,280,15-1680,1
23457,280,9301-301,1
23458,280,9301-250,2
23459,380.1,40-5218,1
23460,380.1,9301-210,0.056
23461,380.1,33-2020,2
23462,380.1,33-2000,0.08
23463,380.1,12-2248,3
23464,380.1,9301-240,1
23465,180,9300-280,0.074
23466,180,9301-100,1
23467,382,9301-257,1
23468,382,9301-210,0.085
23469,382,33-2020,2
23470,382,33-2000,0.08
23471,380.2,40-2146,1
23472,380.2,9301-210,0.056
23473,380.2,33-2020,2
23474,380.2,33-2000,0.08
23475,380.2,12-2248,3
23476,380.2,9301-240,1
23477,380.2,9301-241,1
23478,181,9300-280,0.059
23479,181,9301-100,1
23480,182,9301-160,0.015
23481,185,9301-160,0.02
23482,186,9300-310,0.0275
23483,186,9301-100,1
23484,373.1,15-1060,1
23485,373.1,15-1080,1
23486,373.1,20-2120,1
23487,373.1,20-2140,2
23488,373.1,26-1300,1
23489,490,33-1400,1
23490,490,33-2520,1
23491,490,32-1007,1
23492,390,15-1300,2
23493,371.1,30-2520,1
23494,371.1,33-2380,2
23495,371.1,33-1140,1
23496,371.1,30-2600,1
23497,371.1,11-1440,1
23498,371.1,11-1660,1
23499,270.1,150-360BS,1
23500,270.1,150-300BS,1
23501,270.1,150-060BS,4
23502,270.1,408-015BS,4
23503,270.1,498-015BS,1
23504,270.1,9301-301,1
23505,370.1,0002-20,1
23506,370.1,9300-140,1
23507,290,13-1440,1
23508,290,15-1820,1
23509,290,15-1800,1
23510,290,15-1760,4
23511,290,15-1580,4
23512,290,15-1660,1
23513,290,9301-301,1
23514,290,9301-250,2
23515,371.2,0002-10,1
23516,371.2,9300-120,1
23517,392,33-2020,2
23518,392,33-2000,0.08
23519,190,9300-480,0.1
23520,370.2,30-2520,1
23521,370.2,33-2380,2
23522,370.2,33-1140,1
23523,370.2,22-1530,1
23524,291,13-1440,1
23525,291,15-1820,1
23526,291,15-1780,1
23527,291,15-1740,2
23528,291,15-1580,2
23529,291,9301-301,1
23530,291,9301-250,2
23531,371.3,30-2520,1
23532,371.3,33-2380,2
23533,371.3,33-1140,1
23534,371.3,30-2600,1
23535,371.3,11-1080,0
23536,371.3,11-1260,0
23537,370.3,30-2520,1
23538,370.3,22-1530,1
23539,370.3,33-4500,1
23540,370.3,33-4510,2
23541,292,15-2167,1
23542,292,15-2166,1
23543,292,15-2130,2
23544,292,15-2150,1
23545,292,13-1420,1
23546,292,9301-301,1
23547,292,9301-250,2
23548,371.4,0002-10,1
23549,371.4,9300-120,1
23550,899,9300-662,9
23551,899,33-1680,0.05
23552,899,33-1380,2
23553,899,9302-240,7
23554,899,9300-100,0.38
23555,899,33-1720,0.038
23556,899,33-1160,0.038
23557,192,9300-485,0.1
23558,370.4,30-2520,1
23559,370.4,22-1530,1
23560,370.4,33-2380,2
23561,370.4,33-2580,1
23562,371.5,0002-10,1
23563,371.5,9300-120,1
23564,371.5,30-2600,1
23565,371.5,33-2380,2
23566,371.5,9301-244,1
23567,371.5,11-1440,1
23568,371.5,11-1660,1
23569,900,9300-662,9
23570,900,33-1680,0.05
23571,900,33-1380,2
23572,900,9302-240,6
23573,900,9300-100,0.14
23574,900,33-1720,0.014
23575,900,33-1160,0.014
23576,395,12-2200,3
23577,371.6,0002-10,1
23578,371.6,9300-120,1
23579,371.6,30-2600,1
23580,371.6,33-2380,2
23581,371.6,9301-244,1
23582,371.6,11-1080,0
23583,371.6,11-1260,0
23584,901,9300-662,6
23585,901,33-1680,0.05
23586,901,33-1380,1
23587,901,9302-240,4
23588,901,9300-100,0.044
23589,901,33-1720,0.0044
23590,901,33-1160,0.0044
23591,370.6,30-2520,1
23592,370.6,33-2380,2
23593,370.6,9301-244,1
23594,370.6,22-1530,1
23595,396,15-1380,2
23596,800,9302-271,0.005
23597,800,33-13035,0.067
23598,902,9300-662,6
23599,902,33-1680,0.05
23600,902,33-1380,1
23601,902,9302-240,2
23602,902,9300-100,0.008
23603,902,33-1720,0.0008
23604,902,33-1160,0.0008
23605,801,9302-240,6
23606,801,9300-100,0.14
23607,801,33-1720,0.014
23608,801,33-1160,0.014
23609,801,33-1180,1
23610,801,9302-245,3
23611,397,33-2020,2
23612,397,33-2000,0.08
23613,370.7,0002-20,1
23614,370.7,9300-120,1
23615,370.7,30-2600,1
23616,370.7,33-2380,2
23617,370.7,9301-244,1
23618,498,9302-240,30
23619,498,9300-100,5
23620,498,33-1720,1
23621,498,33-1160,1
23622,498,9302-241,2
23623,498,33-1340,35
23624,498,33-1360,1
23625,903,5010-000,0.35
23626,802,9302-240,4
23627,802,9300-100,0.044
23628,802,33-1720,0.0044
23629,802,33-1160,0.0044
23630,802,33-1180,1
23631,802,9302-245,3
23632,600,40-1440,1
23633,398,15-1440,2
23634,370.8,0002-40,1
23635,370.8,9300-140,1
23636,370.8,33-2380,2
23637,370.8,33-1140,1
23638,499,9302-240,40
23639,499,9300-100,10
23640,499,33-1720,2
23641,499,33-1160,2
23642,499,9302-241,2
23643,499,33-1340,60
23644,499,40-1462,3
23645,904,9302-240,7
23646,904,9300-100,0.3
23647,904,33-1720,0.3
23648,904,33-1160,0.3
23649,904,33-1540,0.334
23650,803,9302-240,2
23651,803,9300-100,0.008
23652,803,33-1720,0.0008
23653,803,33-1160,0.0008
23654,601,40-1501,1
23655,399,150-180,2
23656,261.1,15-2120,1
23657,261.1,15-2080,1
23658,261.1,15-2040,2
23659,261.1,15-1640,2
23660,261.1,9301-301,1
23661,261.1,9301-250,2
23662,261.1,15-1720,1
23663,500,9302-240,20
23664,500,9300-100,3
23665,500,33-1720,1
23666,500,33-1160,0.3
23667,500,9302-241,2
23668,500,33-1340,40
23669,500,40-1462,2
23670,370.9,30-2520,1
23671,370.9,33-4510,2
23672,370.9,33-1140,1
23673,370.9,22-1530,1
23674,905,9303-002,225
23675,804,9302-240,7
23676,804,9300-100,0.38
23677,804,33-1720,0.038
23678,804,33-1160,0.038
23679,804,33-1180,1
23680,804,9302-245,3
23681,602,40-1385,1
23682,400,40-5218,1
23683,400,9301-210,0.12
23684,501,9302-240,16
23685,501,9300-100,1
23686,501,33-1720,0.31
23687,501,33-1160,0.1
23688,501,9302-241,1
23689,501,33-1340,30
23690,501,40-1462,2
23691,401,9301-180,1
23692,401,33-2020,2
23693,401,33-2000,0.08
23694,259.1,13-1602,1
23695,259.1,13-1603,2
23696,259.1,13-1604,3
23697,259.1,15-2021,1
23698,259.1,15-2022,4
23699,259.1,15-2023,2
23700,259.1,9301-301,1
23701,259.1,9301-250,2
23702,300,13-1500,1
23703,300,15-2120,1
23704,300,15-2080,1
23705,300,15-2040,2
23706,300,15-1640,3
23707,300,9301-301,1
23708,300,9301-250,2
23709,502,9302-240,14
23710,502,9300-100,1
23711,502,33-1720,0.236
23712,502,33-1160,0.236
23713,502,9302-241,1
23714,502,33-1340,22
23715,502,40-1462,1
23716,906,33-1120,6
23717,604,40-1620,1
23718,402,40-5218,1
23719,402,9301-210,0.04
23720,360.2,30-2440,1
23721,360.2,33-2380,2
23722,360.2,33-1140,1
23723,360.2,33-2040,1
23724,503,9302-240,11
23725,503,9300-100,0.7
23726,503,33-1720,0.19
23727,503,33-1160,0.1
23728,503,9302-241,1
23729,503,33-1340,20
23730,503,40-1462,1
23731,200,9300-300,0.15
23732,200,33-1120,0.1
23733,605,40-1560,1
23734,605,40-1620,1
23735,360.3,30-2440,1
23736,360.3,33-2040,1
23737,360.3,33-4500,1
23738,360.3,33-4510,2
23739,504,9302-240,10
23740,504,9300-100,0.4
23741,504,33-1720,0.12
23742,504,33-1160,0.12
23743,504,9302-241,1
23744,504,33-1340,17
23745,504,40-1462,1
23746,201,9300-320,0.15
23747,201,33-1120,0.1
23748,100,9300-120,0.12
23749,100,9301-120,0.4
23750,100,9301-140,0.6
23751,606,40-1640,1
23752,606,40-1560,1
23753,101,9300-120,0.093
23754,101,9301-120,0.75
23755,101,9301-140,0.25
23756,360.4,30-2440,1
23757,360.4,33-2380,2
23758,360.4,33-2040,1
23759,360.4,33-2580,1
23760,505,9302-240,9
23761,505,9300-100,0.3
23762,505,33-1720,0.06
23763,505,33-1160,0.042
23764,505,9302-241,1
23765,505,33-1340,15
23766,505,40-1462,1
23767,202,9300-340,0.1
23768,202,33-1120,0.1
23769,102,9300-120,0.064
23770,506,9302-240,8
23771,506,9300-100,0.2
23772,506,33-1720,0.048
23773,506,33-1160,0.048
23774,506,9302-241,1
23775,506,33-1340,12
23776,506,40-1462,1
23777,203,9300-360,0.1
23778,203,33-1120,0.1
23779,507,9302-240,7
23780,507,9300-100,0.25
23781,507,33-1720,0.038
23782,507,33-1160,0.02
23783,507,33-1180,2
23784,507,9302-245,4
23785,507,33-1340,10
23786,507,40-1462,1
23787,204,9300-380,0.075
23788,204,33-1120,0.1
23789,508,9302-240,7
23790,508,9300-100,0.15
23791,508,33-1720,0.038
23792,508,33-1160,0.038
23793,508,33-1180,2
23794,508,9302-260,2
23795,508,33-1340,10
23796,508,40-1462,1
23797,205,9300-400,0.05
23798,205,33-1120,0.1
23799,610,40-1580,1
23800,610,40-1620,1
23801,509,9302-240,7
23802,509,9300-100,0.15
23803,509,33-1720,0.038
23804,509,33-1160,0.038
23805,509,9302-250,2
23806,509,9302-255,2
23807,509,33-1340,10
23808,509,40-1462,1
23809,206,9300-420,0.05
23810,206,33-1120,0.1
23811,611,40-1640,1
23812,611,40-1580,1
23813,510,9302-240,6
23814,510,9300-100,0.05
23815,510,33-1720,0.014
23816,510,33-1160,0.008
23817,510,33-1180,2
23818,510,9302-245,3
23819,207,9300-440,0.05
23820,207,33-1120,0.1
23821,250.1,0002-10,1
23822,250.1,9301-244,1
23823,250.1,33-2380,2
23824,511,9302-240,6
23825,511,9300-100,0.05
23826,511,33-1720,0.014
23827,511,33-1160,0.014
23828,511,33-1180,2
23829,511,9302-260,2
23830,410,15-2130,1
23831,410,15-2140,2
23832,410,15-2150,1
23833,410,15-2160,1
23834,410,40-5218,1
23835,410,9301-210,0.12
23836,410,9301-244,1
23837,410,33-2380,2
23838,350.1,33-2380,2
23839,350.1,30-2600,1
23840,350.1,9300-488,1
23841,350.1,33-2582,1
23842,512,9302-240,6
23843,512,9300-100,0.05
23844,512,33-1720,0.014
23845,512,33-1160,0.014
23846,512,9302-250,1
23847,512,9302-245,2
23848,411,15-2130,1
23849,411,15-2140,2
23850,411,15-2150,1
23851,411,15-2160,1
23852,411,40-5218,1
23853,411,9301-210,0.12
23854,411,9301-244,1
23855,411,33-2380,2
23856,310,13-1480,1
23857,310,15-2020,1
23858,310,15-1980,1
23859,310,15-1940,2
23860,310,15-1620,3
23861,310,9301-301,1
23862,310,9301-250,2
23863,370.21,30-2520,1
23864,370.21,33-2380,2
23865,370.21,33-1140,1
23866,350.2,30-2520,1
23867,350.2,30-2600,1
23868,350.2,33-4500,1
23869,350.2,33-4510,2
23870,513,9302-240,4
23871,513,9300-100,0.02
23872,513,33-1720,0.0044
23873,513,33-1160,0.0044
23874,513,33-1200,2
23875,513,9302-245,4
23876,412,15-2130,1
23877,412,15-2140,2
23878,412,15-2150,1
23879,412,15-2160,1
23880,412,40-2145,1
23881,412,9301-210,0.12
23882,412,9301-244,1
23883,412,33-2380,2
23884,210,0002-10,1
23885,210,10-5440,1
23886,350.3,30-2520,1
23887,350.3,30-2600,1
23888,350.3,33-2380,2
23889,350.3,33-2580,1
23890,615,40-4020,1
23891,514,9302-240,4
23892,514,9300-100,0.02
23893,514,33-1720,0.0044
23894,514,33-1160,0.0044
23895,514,33-1180,2
23896,514,9302-260,2
23897,110,9300-140,0.16
23898,110,9301-120,0.4
23899,110,9301-140,0.6
23900,515,9302-240,4
23901,515,9300-100,0.02
23902,515,33-1720,0.0044
23903,515,33-1160,0.0044
23904,515,9302-250,1
23905,515,9302-255,1
23906,212,20-2121,3
23907,212,10-5440,1
23908,111,9300-140,0.13
23909,111,9301-120,0.75
23910,111,9301-140,0.25
23911,350.5,30-2520,1
23912,350.5,30-2600,1
23913,350.5,33-2380,2
23914,350.5,9301-244,1
23915,516,9302-240,2
23916,516,9300-100,0.003
23917,516,33-1720,0.0008
23918,516,33-1160,0.0008
23919,112,9300-140,0.159
23920,112,9301-100,1
23921,350.6,33-2380,2
23922,350.6,33-1140,1
23923,350.6,30-2600,1
23924,350.6,9300-489,1
23925,517,9302-240,2
23926,517,9300-100,0.002
23927,517,33-1720,0.0008
23928,517,33-1160,0.0008
23929,113,9300-140,0.1136
23930,113,9301-100,1
23931,518,9302-240,2
23932,518,9300-100,0.002
23933,518,33-1720,0.0008
23934,518,33-1160,0.0008
23935,518,9302-250,1
23936,518,9302-255,1
23937,620,40-1860,0.05
23938,519,9302-240,6
23939,519,9300-100,0.05
23940,519,33-1720,0.014
23941,519,33-1160,0.008
23942,545.1,33-13025,0.45
23943,545.1,33-1304,4
23944,241.1,10-5500,1
23945,241.1,30-2440,1
23946,241.1,33-2380,2
23947,241.1,33-2580,1
23948,241.1,33-2040,1
23949,621,9300-111,0.08
23950,520,9302-240,4
23951,520,9300-100,0.015
23952,520,33-1720,0.0044
23953,520,33-1160,0.0022
23954,544.1,9302-240,7
23955,544.1,33-1160,0.038
23956,544.1,9302-270,1
23957,544.1,33-1340,3
23958,544.1,33-1360,1
23959,544.1,33-1180,2
23960,544.1,9302-260,2
23961,1000,9300-665,0.05
23962,1000,33-1120,0.1
23963,240.1,0002-10,1
23964,240.1,15-1160,1
23965,240.1,10-5500,1
23966,240.1,9301-244,1
23967,240.1,33-2380,2
23968,521,9302-240,7
23969,521,9300-100,0.15
23970,521,33-1720,0.38
23971,521,33-1160,0.38
23972,420,15-1740,1
23973,420,15-1750,1
23974,420,15-1580,1
23975,420,15-1590,2
23976,420,40-5218,1
23977,420,9301-210,0.12
23978,420,9301-244,1
23979,420,33-2380,2
23980,1001,9300-666,0.1
23981,1001,33-1120,0.1
23982,340.1,9300-486,1
23983,340.1,33-2380,2
23984,340.1,33-1140,1
23985,340.1,33-2040,1
23986,522,9302-240,2
23987,522,9300-100,0.016
23988,522,33-1720,0.0008
23989,522,33-1160,0.0004
23990,320,13-1460,1
23991,320,15-1920,1
23992,320,15-1880,1
23993,320,15-1600,3
23994,320,9301-301,1
23995,320,9301-250,2
23996,1002,0042-1,0.1
23997,1002,33-1120,0.1
23998,542.1,9302-240,9
23999,542.1,33-1160,0.084
24000,542.1,9302-270,5
24001,542.1,33-1340,4
24002,542.1,33-1360,1
24003,542.1,33-1180,2
24004,542.1,9302-260,2
24005,523,9302-240,2
24006,523,9300-100,0.002
24007,523,33-1720,0.0006
24008,523,33-1160,0.0006
24009,220,15-1160,1
24010,220,0002-10,1
24011,220,10-5440,1
24012,1003,0043-1,0.1
24013,1003,33-1120,0.1
24014,625,40-1880,0.1
24015,340.3,30-2440,1
24016,340.3,33-2380,2
24017,340.3,33-2040,1
24018,340.3,33-2580,1
24019,524,9302-240,1
24020,221,0002-10,1
24021,221,10-5460,1
24022,120,9300-160,0.14
24023,120,9301-120,0.4
24024,120,9301-140,0.6
24025,1004,0044-1,0.1
24026,1004,33-1120,0.1
24027,222,0002-10,1
24028,222,15-1160,2
24029,222,10-5480,1
24030,121,9300-160,0.11
24031,121,9301-120,0.75
24032,121,9301-140,0.25
24033,1005,45,0.1
24034,1005,33-1120,0.1
24035,626,9300-281,0.1
24036,525,9302-240,6
24037,525,9300-100,0.05
24038,525,33-1720,0.014
24039,525,33-1160,0.014
24040,525,33-1539,2
24041,627,40-1890,0.07
24042,340.5,30-2440,1
24043,340.5,33-2380,2
24044,340.5,33-2040,1
24045,340.5,9301-244,1
24046,526,9302-240,4
24047,526,9300-100,0.02
24048,526,33-1720,0.0044
24049,526,33-1160,0.0044
24050,526,33-1539,1
24051,223,10-5440,1
24052,223,30-2440,1
24053,223,33-2380,2
24054,223,33-1140,1
24055,223,25-1515,1
24056,122,9300-160,0.134
24057,122,9301-100,1
24058,628,9301-100,1
24059,628,40-1990,0.06
24060,628,9301-160,0.33
24061,340.6,9300-487,1
24062,340.6,33-2380,2
24063,340.6,33-1140,1
24064,340.6,33-2040,1
24065,527,9302-240,2
24066,527,9300-100,0.002
24067,527,33-1720,0.0008
24068,527,33-1160,0.0008
24069,527,33-1539,0.5
24070,123,9300-160,0.095
24071,123,9301-100,1
24072,629,9301-100,1
24073,629,40-2000,0.03
24074,629,9301-160,0.27
24075,340.7,33-2380,2
24076,340.7,33-2040,1
24077,340.7,33-2581,1
24078,340.7,9300-486,1
24079,528,9302-240,6
24080,528,9300-100,0.05
24081,528,33-1720,0.014
24082,528,33-1160,0.014
24083,528,33-1539,2
24084,537.2,33-13025,0.025
24085,630,40-1020,1
24086,529,9302-240,4
24087,529,9300-100,0.015
24088,529,33-1720,0.0044
24089,529,33-1160,0.0044
24090,529,33-1539,1
24091,450,41-1501,0.15
24092,651,40-1974,2
24093,380.3,33-2000,0.08
24094,380.3,33-2020,2
24095,380.3,13-1020,120
24096,380.3,12-1560,50
24097,193,9300-484,0.1
24098,544,9302-270,2
24099,182.1,9301-100,1
24100,182.1,9301-160,0.04
24101,546,33-1289,0.2
24102,999,LABOR,0
24103,380.2,9301-253,1
24104,400.2,9301-253,1
24105,402.1,9301-253,1
24106,412,9301-253,1
24107,412,9301-241,1
24108,420.2,9301-241,1
24109,420.2,9301-253,1
24110,651.1,40-1420,1
24111,639.6,9301-160,0.08
24112,213,0002-10,1
24113,213,22-1087,1
24114,510,33-1340,6
24115,510,40-1462,1
24116,510.1,33-1340,6
24117,510.1,40-1462,1
24118,510.2,33-1340,6
24119,510.2,40-1462,1
24120,510.3,33-1340,6
24121,510.3,40-1462,1
24122,510.4,33-1340,6
24123,510.4,40-1462,1
24124,510.5,33-1340,6
24125,510.5,40-1462,1
24126,510.6,33-1340,0
24127,510.6,40-1462,0
24128,511,33-1340,6
24129,511,40-1462,1
24130,511.1,40-1462,1
24131,511.1,33-1340,6
24132,511.2,40-1462,1
24133,511.2,33-1340,6
24134,512,40-1462,1
24135,512,33-1340,6
24136,512.1,33-1340,6
24137,512.1,40-1462,1
24138,512.3,40-1462,1
24139,512.3,33-1340,6
24140,628.1,9301-100,1
24141,628.1,9301-160,0.33
24142,629.1,9301-100,1
24143,629.1,9300-313,0.03
24144,631.1,9301-100,1
24145,631.1,9300-312,0.03
24146,632.1,9301-100,1
24147,632.1,9300-311,0.05
24148,634.1,9301-100,1
24149,634.1,9301-160,0.45
24150,400.3,9301-299,1
24151,400.3,9301-210,0.15
24152,630.4,40-1100,2
24153,630.4,40-1462,1
24154,400.3,9301-241,1
24155,400.3,9301-253,1
24156,600.3,40-1441,1
24157,600.4,40-1412,1
24158,600.5,40-1503,1
24159,600.6,40-4092,1
24160,601.3,40-1501,1
24161,600.7,40-1461,1
24162,403,9301-257,1
24163,403,9301-210,0.25
24164,403,13-1604,2
24165,616,40-4022,1
24166,616,40-1620,1
24167,618,40-1640,1
24168,618,40-5207,1
24169,542.2,9302-240,10
24170,542.2,33-1160,0.12
24171,542.2,9302-270,7.5
24172,542.2,33-1340,10
24173,542.2,33-1360,1
24174,601.4,40-4100,1
24175,449,9300-160,1
24176,208,9300-220,0.015
24177,208,9301-100,1
24178,209,9300-240,0.015
24179,209,9301-100,1
24180,639.7,GRAVEL,0.05
24181,220,10-1173,1
24182,220.1,10-1173,1
24183,220.2,10-1173,1
24184,220.3,10-1173,1
24185,221,10-1173,1
24186,222,10-1173,1
24187,223,10-1173,1
24188,223.1,10-1173,1
24189,223.2,10-1173,1
24190,223.3,10-1173,1
24191,223.5,10-1173,1
24192,223.6,10-1173,1
24193,210,10-1173,1
24194,212,10-1173,1
24195,230,11-3150,1
24196,240.1,11-3150,1
24197,241,11-3150,1
24198,241.1,11-3150,1
24199,242,11-3150,1
24200,451,41-1501,10
24201,449,41-1501,0.15
24202,186,9301-160,0.057
24203,186.1,9301-160,0.07
24204,499.2,9302-240,50
24205,499.2,9300-100,18
24206,499.2,33-1720,3
24207,499.2,33-1160,3
24208,499.2,9302-241,3
24209,499.2,33-1340,100
24210,499.2,40-1462,4
24211,636.3,33-1181,0.1
24212,636.3,9301-140,0.006
24213,627,9301-160,0.05
24214,604,40-1602,1
24215,629.1,9301-160,0.27
24216,631.1,9301-160,0.17
24217,632.1,9301-160,0.12
24218,634.1,40-1985,0.1
24219,628.1,40-1996,0.02
24220,394,075-2300,1
24221,380,20-1080,2
24222,380.1,20-1080,2
24223,380.2,20-1080,2
24224,390,20-1020,2
24225,390.1,20-1040,2
24226,391,20-1020,2
24227,395,20-1040,2
24228,395.1,20-1100,2
24229,398,20-1060,2
24230,399,20-1080,2
24231,400.1,20-1080,2
24232,400.2,20-1080,2
24233,400.3,20-1120,2
24234,402,20-1080,2
24235,402.1,20-1080,2
24236,402.2,20-1080,2
24237,546.1,33-1289,6
24238,799,9301-160,0.01
24239,799,33-13035,0.085
24240,627.1,9301-160,0.05
24241,600.9,40-4106,1
24242,607,33-5052,1
24243,607,40-0007,1
24244,638.1,12-3002,8
24245,638.1,13-1172,20
24246,638.1,33-2381,2
24247,210.5,10-5440,1
24248,210.5,25-1521,1
24249,210.6,10-5440,1
24250,210.6,25-1522,1
24251,636.4,40-4009,0.2
24252,370.11,25-1523,1
24253,602.1,40-1420,1
24254,600.8,40-1974,2
24255,636.5,30-2726,60
24256,636.5,9301-180,1
24257,636.5,9301-210,0.056
24258,636.5,9301-140,0.6
24259,636.6,30-2726,200
24260,636.6,30-2716,1
24261,636.6,9301-140,0.03
24262,207.3,13420-217,2
24263,207.3,12-1560,15
24264,207.3,406-005UV,2
24265,207.3,407-005UV,2
24266,207.3,401-005UV,2
24267,207.3,402-005UV,1
24268,207.3,13420-220,3
24269,207.3,33-1120,4
24270,207.3,13420-208,5
24271,207.2,13240-215,1
24272,420.4,40-5218,1
24273,420.4,9301-210,0.12
24274,420.4,9301-244,1
24275,420.4,33-2380,2
24276,420.5,9301-183,1
24277,420.5,9301-210,0.12
24278,420.5,9301-244,1
24279,420.5,33-2380,2
24280,420.5,9301-241,1
24281,420.5,9301-253,1
24282,125,9300-140,0.068
24283,125,9301-100,1
24284,126,9300-160,0.057
24285,126,9301-100,1
24286,127,9300-180,0.041
24287,127,9301-100,1
24288,128,9300-200,0.04
24289,128,9301-100,1
24290,129,9300-220,0.038
24291,129,9301-100,1
24292,135,9300-240,0.025
24293,135,9301-100,1
24294,136,9300-260,0.028
24295,136,9301-100,1
24296,114.1,9301-100,1
24297,124.1,9301-100,1
24298,144.1,9301-100,1
24299,154.1,9301-100,1
24300,134.1,9301-100,1
24301,164.1,9301-100,1
24302,172.1,9301-100,1
24303,172.1,9301-160,0.05
24304,154.1,9301-160,0.057
24305,164.1,9301-160,0.057
24306,185.1,9301-100,1
24307,185.1,9301-160,0.05
24308,187.1,9301-100,1
24309,187.1,9301-160,0.06
24310,187.2,9301-100,1
24311,187.2,9301-160,0.057
24312,186.2,9301-100,1
24313,186.2,9301-160,0.05
24314,639.6,32-1057,2
24315,395,33-2020,2
24316,395.1,33-2020,1
24317,396,33-2020,1
24318,390,33-2020,2
24319,390.1,33-2020,1
24320,391,33-2020,1
24321,391.1,33-2020,1
24322,210,32-1056,1
24323,210.1,32-1056,1
24324,210.2,32-1056,1
24325,210.3,32-1056,1
24326,210.5,32-1056,1
24327,210.6,32-1056,1
24328,213,32-1056,1
24329,230,32-1056,1
24330,360,32-1056,1
24331,370.7,32-1056,1
24332,370.8,32-1056,1
24333,371,32-1056,1
24334,370,32-1056,1
24335,370.1,32-1056,1
24336,636.7,30-2726,50
24337,636.8,40-1421,1
24338,431,9301-120,0.1
24339,431,9301-140,0.5
24340,638,40-1260,1
24341,534.1,33-1739,0.007
24342,602.2,40-4030,1
24343,370.91,0002-45,1
24344,370.91,32-1056,1
24345,220.4,10-5440,1
24346,220.4,15-1160,1
24347,220.4,25-1522,1
24348,395,406-010,2
24349,210.4,32-1056,1
24350,220.1,32-1056,1
24351,220.2,32-1056,0
24352,220.3,32-1056,1
24353,220.4,32-1056,1
24354,223,32-1056,1
24355,223.1,32-1056,1
24356,223.2,32-1056,1
24357,223.3,32-1056,1
24358,223.5,32-1056,1
24359,223.6,32-1056,1
24360,240,32-1056,1
24361,240.1,32-1056,1
24362,241,32-1056,1
24363,241.1,32-1056,1
24364,242,32-1056,1
24365,250.1,32-1056,1
24366,251,32-1056,1
24367,171.1,9301-100,1
24368,153.1,9301-120,1
24369,635.11,95-0400,0
24370,639.8,9301-210,0.025
24371,548,12-1440,21
24372,548,9300-666,1
24373,548,9302-245,4
24374,471,12-3011,5
24375,471,33-2603,1
24376,639.9,20-2080,1
24377,568,9302-240,2
24378,568,9300-100,0.02
24379,568,33-1720,0.001
24380,568,33-1160,0.001
24381,640.1,30-2726,20
24382,630.4,40-1300,1
24383,1006,15-1582,0.05
24384,1007,15-1583,0.05
24385,1008,15-1584,0.05
24386,1009,15-1585,0.05
24387,1010,15-1586,0.05
24388,243,15-1020,1
24389,243,15-1100,1
24390,223.7,30-2440,1
24391,223.7,33-2040,1
24392,223.7,32-1056,1
24393,380.4,32-1001,1
24394,380.4,9301-210,0.056
24395,380.4,33-2020,2
24396,380.4,33-2000,0.08
24397,380.4,12-2248,3
24398,380.4,9301-240,1
24399,380.4,9301-241,1
24400,380.4,20-1080,2
24401,420.6,15-1740,1
24402,420.6,15-1750,1
24403,420.6,15-1580,1
24404,420.6,15-1590,2
24405,420.6,9301-210,0.12
24406,420.6,9301-244,1
24407,420.6,33-2380,2
24408,420.6,9301-241,1
24409,420.6,32-1002,1
24410,400.4,32-1002,1
24411,400.4,9301-210,0.12
24412,400.4,9301-241,1
24413,400.4,20-1100,2
24414,380.5,32-1007,1
24415,380.5,33-5070,2
24416,380.5,40-1054,1
24417,380.5,9301-210,0.056
24418,380.5,32-1011,4
24419,482,2300-310,1
24420,482,13-1166,10
24421,432,32-1010,1
24422,432,9301-210,0.03
24423,432,33-5070,2
24424,432,32-1011,3
24425,432,33-1304,1
24426,100,33-1961,0.0005
24427,101,33-1961,0.001
24428,102,33-1961,0.0005
24429,110,33-1961,0.0005
24430,111,33-1961,0.0005
24431,112,33-1961,0.0007
24432,113,33-1961,0.0005
24433,113,33-1962,0.0005
24434,114,33-1961,0.0005
24435,114.1,33-1961,0.0005
24436,120,33-1961,0.0005
24437,121,33-1961,0.0005
24438,122,33-1961,0.0007
24439,122,33-1962,0.0007
24440,123,33-1961,0.0005
24441,123,33-1962,0.0005
24442,124,33-1961,0.0005
24443,124.1,33-1961,0.0005
24444,125,33-1961,0.0005
24445,126,33-1961,0.0005
24446,127,33-1961,0.0005
24447,128,33-1961,0.0007
24448,129,33-1961,0.0007
24449,130,33-1961,0.0005
24450,131,33-1961,0.0005
24451,132,33-1961,0.0007
24452,132,33-1962,0.0007
24453,133,33-1961,0.0005
24454,133,33-1962,0.0005
24455,134,33-1961,0.0005
24456,134.1,33-1961,0.0005
24457,135,33-1961,0.0007
24458,136,33-1961,0.001
24459,140,33-1961,0.0007
24460,141,33-1961,0.0007
24461,142,33-1961,0.001
24462,142,33-1962,0.001
24463,143,33-1961,0.0007
24464,143,33-1962,0.0007
24465,144,33-1961,0.0007
24466,144.1,33-1961,0.0007
24467,150,33-1961,0.0007
24468,151,33-1961,0.0007
24469,152,33-1961,0.001
24470,152,33-1962,0.001
24471,153,33-1961,0.0007
24472,153,33-1962,0.0007
24473,154,33-1961,0.0007
24474,154.1,33-1961,0.0007
24475,160,33-1961,0.0007
24476,161,33-1961,0.0007
24477,162,33-1961,0.001
24478,162,33-1962,0.001
24479,163,33-1961,0.0007
24480,163,33-1962,0.0007
24481,164,33-1961,0.0007
24482,164.1,33-1961,0.0007
24483,170,33-1961,0.001
24484,170,33-1962,0.001
24485,171,33-1961,0.0007
24486,171,33-1962,0.0007
24487,172,33-1961,0.0007
24488,172.1,33-1961,0.0007
24489,180,33-1961,0.001
24490,180,33-1962,0.001
24491,181,33-1961,0.001
24492,181,33-1962,0.001
24493,182,33-1961,0.001
24494,182,33-1962,0.001
24495,182.1,33-1961,0.001
24496,182.1,33-1962,0.001
24497,185,33-1961,0.001
24498,185.1,33-1961,0.001
24499,186,33-1961,0.001
24500,186.1,33-1961,0.001
24501,186.2,33-1961,0.001
24502,187.2,33-1961,0.001
24503,200,33-1961,0.0005
24504,200.1,33-1961,0.0005
24505,201,33-1961,0.0005
24506,201.1,33-1961,0.0005
24507,202,33-1961,0.0005
24508,202.1,33-1961,0.0005
24509,203,33-1961,0.0005
24510,203.1,33-1961,0.0005
24511,204,33-1961,0.0007
24512,204.1,33-1961,0.0007
24513,205,33-1961,0.0007
24514,205.1,33-1961,0.0007
24515,206,33-1961,0.0007
24516,206.1,33-1961,0.0007
24517,207,33-1961,0.0007
24518,207.1,33-1961,0.0007
24519,208,33-1961,0.0007
24520,209,33-1961,0.0007
24521,637.4,33-5070,8
24522,637.4,32-1020,1
24523,1011,95-0410,0.01
24524,630.2,40-1020,1
24525,633.1,40-2080,2
24526,633.1,40-2050,1
24527,625.2,33-1333,0.055
24528,625.2,33-1304,5
24529,625.2,40-1880,0.05
24530,600.1,40-1880,1
24531,481,32-1007,1
24532,482,32-1007,1
24533,637.5,25-1431,1
24534,637.5,27-1053,1
24535,637.5,32-1191,2
24536,637.5,22-1199,2
24537,637.5,9312-221,2
24538,637.5,15-2040,3
24539,637.5,15-1560,2
24540,637.5,20-1650,2
24541,637.5,1-900,1
24542,637.5,95-0049,1
24543,637.5,32-1011,2
24544,637.5,100-201,9
24545,637.5,33-13025,0.33
24546,637.5,40-1749,1
24547,545.4,33-13025,0.19
24548,545.4,33-1304,2.5
24549,402.4,40-1421,1
24550,402.4,33-13025,0.015
24551,402.4,33-1141,1
24552,402.4,33-2380,2
24553,402.4,050-060,1
24554,402.4,407-005,1
24555,402.4,26-1066,1
24556,630.3,29-0046,1
24557,410.4,15-2130,1
24558,410.4,15-2167,1
24559,410.4,15-1240,1
24560,410.4,9301-250,1
24561,410.4,33-1141,1
24562,410.4,33-2385,2
24563,620.1,40-1860,0.1
24564,625.21,33-13025,0.055
24565,625.21,33-1304,5
24566,625.21,40-1880,0.1
24567,621.1,33-13025,0.055
24568,621.1,33-1304,5
24569,621.1,40-1860,0.02
24570,625.1,40-1880,0.08
24571,626.1,9300-281,0.08
24572,627.11,40-1890,0.1
24573,627.11,9301-160,0.05
24574,632.11,9301-100,1
24575,632.11,40-2020,0.1
24576,632.11,9301-160,0.12
24577,631.11,9301-100,1
24578,631.11,40-2010,0.07
24579,631.11,9301-160,0.17
24580,631.12,9301-100,1
24581,631.12,9300-312,0.06
24582,631.12,9301-160,0.17
24583,629.11,9301-100,1
24584,629.11,40-2000,0.07
24585,629.11,9301-160,0.27
24586,629.12,9301-100,1
24587,629.12,9300-313,0.06
24588,629.12,9301-160,0.27
24589,627.12,9300-282,0.1
24590,627.12,9301-160,0.05
24591,632.12,9301-100,1
24592,632.12,9300-311,0.06
24593,632.12,9301-160,0.12
24594,610,40-1100,1
24595,610,40-1020,1
24596,605,40-1100,1
24597,605,40-1020,1
24598,605,40-1974,2
24599,660,33-1377,0.0003
24600,625.4,9300-280,0.05
24601,625.4,33-1333,0.055
24602,625.4,33-1304,5
24603,472,9301-283,1
24604,472,9301-210,0.35
24605,610,40-1974,2
24606,381.2,20-1100,2
24607,402.5,20-2000,1
24608,402.5,20-2100,1
24609,402.5,20-2110,1
24610,402.5,15-1100,1
24611,402.5,13420-006,2
24612,402.5,40-1421,1
24613,402.5,33-13025,0.015
24614,605.1,40-1100,1
24616,605.1,40-1020,1
24617,637.6,30-2726,80
24618,630.5,40-1100,1
24619,630.5,40-1140,1
24620,630.6,9300-283,1
24621,630.6,9300-284,1
24622,630.6,9300-285,1
24623,499.3,9302-240,40
24624,499.3,9300-100,10
24625,499.3,33-1720,2
24626,499.3,33-1160,2
24627,499.3,9302-181,6
24628,499.3,33-1340,60
24629,499.3,40-1462,3
24630,243,40-1421,1
24631,194,9300-311,0.0275
24632,194,9301-100,1
24633,194,9301-160,0.07
24634,194,33-1961,0.001
24635,630.5,40-1020,1
24636,617,40-1020,1
24637,243,22-1290,1
24638,800.1,9302-271,0.006
24639,800.1,95-0411,0.001
24640,800.1,33-1296,0.25
24641,619,33-5056,1
24642,619,40-0007,1
24643,619,401-070,1
24644,402.6,32-1002,1
24645,402.6,9301-210,0.015
24646,402.6,9301-241,1
24647,402.6,9301-253,1
24648,451,12-6000,20
24649,630.5,40-1397,1
24650,630.6,40-1397,1
24651,800.1,95-0410,0.006
24652,402.7,40-1427,1
24653,402.7,33-13025,0.015
24654,402.7,1324-144,1
24655,402.7,1324-146,1
24656,600,40-1974,2
24657,600.1,40-1974,2
24658,600.2,40-1974,2
24659,600.3,40-1974,2
24660,600.4,40-1974,2
24661,600.5,40-1974,2
24662,600.6,40-1974,2
24663,600.7,40-1974,2
24664,600.9,40-1974,2
24665,601,40-1974,2
24666,601.1,40-1974,2
24667,601.2,40-1974,2
24668,601.3,40-1974,2
24669,601.4,40-1974,2
24670,602,40-1974,2
24671,602.1,40-1974,2
24672,602.2,40-1974,2
24673,603,40-1974,2
24674,604,40-1974,2
24675,605.1,40-1974,2
24676,606,40-1974,2
24677,607,40-1974,2
24678,610.1,40-1974,2
24679,611,40-1974,2
24680,615,40-1974,2
24681,616,40-1974,2
24682,617,40-1974,2
24683,618,40-1974,2
24684,619,40-1973,4
24685,800.1,33-13035,0.02
24686,611.1,40-1640,1
24687,611.1,40-1581,1
24688,611.1,40-1974,2
24689,800.1,95-0074,0.04
24690,800.1,33-1529,0.002
24691,507.7,9302-240,7
24692,507.7,9300-100,0.25
24693,507.7,33-1720,0.038
24694,507.7,33-1160,0.038
24695,507.7,33-1210,2
24696,507.7,9302-245,3
24697,507.7,33-1340,10
24698,507.7,40-1462,1
24699,535.1,0519-100,0.000025
24700,535,0519-100,0.000025
24701,800.1,95-0078,0.0002
24702,503.4,9302-243,2
24703,503.4,9302-245.1,6
24704,503.4,9302-240,11
24705,503.4,9300-100,0.7
24706,503.4,33-1720,0.19
24707,503.4,33-1160,0.1
24708,503.4,33-1340,20
24709,503.4,40-1462,1
24710,380.6,32-1003,1
24711,380.6,9301-210,0.06
24712,380.6,33-2020,2
24713,380.6,33-2000,0.08
24714,380.6,12-2248,3
24715,380.6,9301-240,1
24716,380.6,20-1080,2
24717,380.7,32-1000,1
24718,380.7,9301-210,0.056
24719,380.7,33-2020,2
24720,380.7,33-2000,0.08
24721,380.7,12-2248,3
24722,380.7,9301-240,1
24723,380.7,20-1080,2
24724,380.7,9301-241,1
24725,380.7,9301-253,1
24726,630.2,40-1974,1
24727,647,30-2042,1
24728,212,32-1056,1
24729,372,9300-140,1
24730,372,32-1056,1
24731,372,20-2341,3
24732,374,20-2561,3
24733,374,32-1056,1
24734,212,15-1140,1
24735,372,15-1280,1
24736,374,15-1380,1
24737,545.4,40-1975.1,4
24738,545.3,40-1975.1,3
24739,545,40-1975.1,4
24740,545.1,40-1975.1,4
24741,545.2,40-1975.1,6
24742,562,33-1286,0.2
24743,606,40-1100,1
24744,610.1,40-1880,1
24745,611,40-1880,1
24746,611.1,40-1880,1
24747,651,40-1620,1
24748,638.5,40-4009,100
24749,638.6,40-4009,200
24750,800.1,33-1289,0.05
24751,800.1,33-1304,1.1
24752,800,95-0411,0.001
24753,641,40-4009,0.1
24754,225,0002-46,1
24755,225,32-1056,1
24756,630.3,40-1020,1
24757,1013,95-0410,0.05
24758,1013,9301-160,0.09
24759,630.3,40-1974,2
24760,601.1,40-1880,1
24761,615.1,40-4012,1
24762,615.1,40-1620,1
24763,615.1,40-1974,2
24764,616.1,40-4019,1
24765,616.1,40-1620,1
24766,616.1,40-1974,2
24767,501.3,9302-243,2
24768,501.3,9302-245.1,6
24769,501.3,9302-240,13
24770,501.3,9300-100,0.8
24771,501.3,33-1720,0.25
24772,501.3,33-1160,0.1
24773,501.3,33-1340,30
24774,501.3,40-1462,2
24775,499.4,9302-240,35
24776,499.4,9300-100,8
24777,499.4,33-1720,2
24778,499.4,33-1160,1.5
24779,499.4,9302-241,2
24780,499.4,33-1340,50
24781,499.4,40-1462,3
24782,522,33-3018,0.0002
24783,522,33-1730,0.0002
24784,520,33-3018,0.0011
24785,520,33-1730,0.0011
24786,519,33-3018,0.003
24787,519,33-1730,0.003
24788,510,33-3018,0.003
24789,510,33-1730,0.003
24790,507,33-3018,0.009
24791,507,33-1730,0.009
24792,505,33-3018,0.02
24793,505,33-1730,0.02
24794,503,33-3018,0.05
24795,503,33-1730,0.05
24796,501,33-3018,0.05
24797,501,33-1730,0.05
24798,500,33-3018,0.15
24799,500,33-1730,0.15
24800,800.2,9302-271,0.006
24801,800.2,95-0411,0.001
24802,800.2,33-1296,0.25
24803,800.2,33-1304,1.1
24804,800.2,95-0410,0.006
24805,800.2,33-1303,0.023
24806,800.2,95-0122,0.07
24807,800.2,33-1529,0.002
24808,800.2,95-0078,0.0002
24809,800.2,33-1289,0.05
24810,522,32-1056,1
24811,520,32-1056,1
24812,519,32-1056,1
24813,516,32-1056,1
24814,513,32-1056,1
24815,510,32-1056,1
24816,507,32-1056,1
24817,505,32-1056,1
24818,503,32-1056,1
24819,601.2,40-1020,1
24820,601.3,40-1020,1
24821,601,40-1020,1
24822,601.1,40-1020,1
24823,601.4,40-1020,1
24824,602,40-1020,1
24825,142,33-1964,0.001
24826,152,33-1964,0.001
24827,162,33-1964,0.001
24828,170,33-1964,0.001
24829,132,33-1964,0.0007
24830,122,33-1964,0.0007
24831,112,33-1964,0.0007
24832,112,33-1962,0.0007
24833,610.1,40-1020,1
24834,611,40-1020,1
24835,611.1,40-1020,1
24836,615,40-1020,1
24837,615.1,40-1020,1
24838,616,40-1020,1
24839,616.1,40-1020,1
24840,469,21-2390,1
24841,635.11,95-0049,1
24842,651,40-1020,1
24843,505.3,33-3018,0.015
24844,505.11,9300-100,0.3
24845,505.11,9302-240,9
24846,505.11,33-1720,0.06
24847,505.11,33-1160,0.03
24848,505.11,9302-245,4
24849,505.11,33-1340,15
24850,505.11,40-1462,1
24851,505.11,33-3018,0.015
24852,505.11,33-1720,0.084
24853,505.11,32-1056,1
24854,505.11,9302-263,1
24855,507.8,9302-263,1
24856,507.8,9300-100,0.25
24857,507.8,9302-240,7
24858,507.8,33-1720,0.038
24859,507.8,33-1160,0.02
24860,507.8,9302-245,4
24861,507.8,33-1340,10
24862,507.8,40-1462,1
24863,507.8,33-3018,0.01
24864,507.8,33-1720,0.01
24865,507.8,32-1056,1
24866,192,33-1120,0.1
24867,193,33-1120,0.1
24868,191,33-4520,0.125
24869,191,9300-480,0.05
24870,402.8,32-1020,1
24871,402.8,9301-210,0.015
24872,402,13420-275,2
24873,402.1,13420-275,2
24874,402.2,13420-275,2
24875,402.3,13420-275,2
24876,402.4,13420-275,2
24877,402.5,13420-275,2
24878,402.6,13420-275,2
24879,402.7,13420-275,2
24880,402.8,13420-275,2
24881,630,40-1974,2
24882,637.9,30-2726,30
24883,137,33-1961,0.001
24884,137,9301-100,1
24885,137,9300-280,0.025
24888,395,20-1020,3
24938,146,10-4501,10
