project_name,project_address,project_state,project_city,project_zip,point_of_contact,contact_phone_number,status,date_received,date_needed,start_date,engineer_name,architect_name,is_active,bid_completion,bid_number,priority_number,builder_name,builder_plan_date,engineer_plan_date,architect_plan_date,bid_schedule_comments
Project DE60BBED,,CA,beverly hills,90210,Person 5C83F5C4,,Active,2026-06-05,2026-06-08,,,,true,,B11718,96,Company D76E7C8E,,,,
Project 289AD45F,4747 Example St,CA,HUNTINGTON BEACH,92648,,,Active,2025-12-10,2025-12-22,,,,false,155000,B11585,,,,,,
Project D6C3A668,345 Example St,CA,IRVINE,92617,,,Active,,,,,,false,133000,b11597,,,,,,
Project F31CBA8B,,CA,NEWPORT BEACH,91801,Person 2699B763,555-0120,Active,2026-03-26,2026-04-17,,,Person 38C71A0F,true,,B11661,50,Company C9395630,,,2026-03-20,
Project 765EE059,4402 Example St,CA,Gardena,,,,Archived,,,,,,false,,,,,,,,
Project 4E8C4F33,1540 Example St,CA,Redondo Beach,,,,Active,,,,,,true,,,,,,,,
Project 96F9A3A0,8379 Example St,CA,Costa Mesa,92626,,,Archived,,,,,,false,,,,,,,,
Project B9A2AD84,8831 Example St,CA,RANCHO CUCAMONGA,91739,,,Active,,,,,,true,,,,,,,,
Project C6168DAE,8831 Example St,CA,RANCHO CUCAMONGA,91739,Person F868B31C,555-0140,Active,2025-05-08,2025-06-16,,,,true,,,,,,,,
Project 0DABC0F0,8831 Example St,CA,RANCHO CUCAMONGA,91739,,,Active,,,,,,false,955000,B11474,,,,,,
Project 4FACB104,8831 Example St,CA,RANCHO CUCAMONGA,91739,,,Active,,,,,,true,,,,,,,,
Project DFB44CF8,3317 Example St,CA,Irvine,,,,Archived,,,,,,false,,,,,,,,
Project 8A721BAC,6215 Example St,CA,Irvine,,,,Archived,,,,,,false,,,,,,,,
Project CBC93D0C,,CA,IRVINE,92612,Person 07801560,555-0137,Active,2026-06-03,2026-06-09,,,,false,325000,B11715,93,Company 44BDBB0E,,,,
Project 7A968723,,CA,Monte Nido,92673,Person 04E0ACF1,555-0138,Won,2026-07-27,2026-07-27,2026-07-27,,,true,3500,B11748,126,Company C1B120E5,,,,
Project C55BE1FE,,CA,Yorba Linda,92673,Person 6D3B5F33,555-0189,Won,2026-07-27,2026-07-27,2026-07-27,Person E39619CC,Person E39619CC,true,3200,B11747,125,Company 22EDA38C,2026-07-27,2026-07-27,2026-07-27,
Project 0B0EFEA0,8905 Example St,CA,Placentia,92782,Person 6780F40B,555-0183,Active,2025-08-16,2025-08-16,,,,true,,,,,,,,
Project 188D96F1,,CA,CARLSBAD,,Person 4A09C50E,555-0113,Active,2026-07-06,2026-07-13,,,,true,,B11736,114,Company 55DC89E0,,,,
Project 2606406E,991 Example St,CA,Santa Ana,92705,,,Archived,,,,,,false,,,,,,,,
Project 0DF4C586,4899 Example St,CA,LOS ANGELES,90066,,,Active,2026-06-10,2026-06-19,,,,false,,B11457,,,,,,
Project 3412C8D5,1259 Example St,CA,SAN DIEGO,92121,,,Active,2026-04-03,2026-04-06,,,,true,,B11657,52,,,,,
Project ED6301BB,1622 Example St,CA,Fullerton,92831,,,Archived,,,,,,false,,,,,,,,
Project 9B792B82,,CA,SAN MARCOS,92069,Person 4205D25C,555-0114,Active,2026-04-23,2026-07-10,,,,false,330000,B11681,67,Company DEFFB02D,,,,
Project 501995F8,511 Example St,CA,Irvine,,,,Archived,,,,,,false,,,,,,,,
Project 9BDFBB6E,5815 Example St,CA,Silverado Canyon,,,,Archived,,,,,,false,,,,,,,,
Project A9270A78,1867 Example St,CA,Silverado Canyon,,,,Archived,,,,,,false,,,,,,,,
Project 2A83D294,,CA,Palm Springs,92264,Person 0FBEF749,555-0180,Active,2026-08-25,2026-09-08,2026-11-30,,,false,622250,B11766,144,Company F71604E0,,,,
Project A876F573,5599 Example St,CA,IRVINE,92618,,,Won,2025-06-17,2025-07-11,,,,false,200000,B11487,,,,,,
Project 84A20B8A,4968 Example St,CA,IRVINE,,Person FD7A6691,555-0129,Lost,2025-09-11,2025-09-17,,,,false,685000,B11511,,,,,,
Project 617E248F,2420 Example St,CA,Anaheim,,,,Archived,,,,,,false,,,,,,,,
Project 0946C2F1,5053 Example St,CA,LONG BEACH,90807,Person 65F44C08,555-0149,Active,,,,,,true,,,,,,,,
Project 3F6B24F2,3693 Example St,CA,IRVINE,,Person 70B3D846,555-0153,Active,2026-03-03,2026-03-27,,,,true,100000,B11641,33,Company E83FB205,,,,
Project 36B2A7AB,,CA,IRVINE,,,,Won,,,,,,false,550000,,,,,,,
Project 2803B313,134 Example St,CA,TEMECULA,92590,,,Active,,,,,,false,4600000,B11558,,,,,,
Project 831ECFE4,134 Example St,CA,TEMECULA,92590,Person DE83C32A,555-0170,Active,,,,,,true,,,,,,,,
Project 912D295E,134 Example St,CA,TEMECULA,92590,,,Lost,2025-10-31,2025-12-03,,,,false,665000,B11559,,,,,,
Project DC7563D9,400 Example St,CA,TEMECULA,92673,,,Active,,,,,,true,,,,,,,,
Project 5FCCB19E,,CA,TEMECULA,92673,,,Active,,,,,,true,,,,,,,,
Project 7A9537BF,3240 Example St,CA,TEMECULA,92673,Person 01046DC0,555-0170,Active,2026-02-09,2026-02-17,,,,false,40000,B11616,12,Company 3754F439,,,,
Project F9705954,134 Example St,CA,TEMECULA,92590,Person DE83C32A,555-0170,Active,,,,,,true,,,,,,,,
Project 87AB446C,134 Example St,CA,TEMECULA,92590,Person DE83C32A,555-0174,Active,2025-10-31,2025-11-20,,,,true,,,,,,,,
Project 7280ACB7,134 Example St,CA,TEMECULA,92590,,,Active,,,,,,true,,,,,,,,
Project 7D7A0E36,134 Example St,CA,TEMECULA,92590,Person DE83C32A,555-0174,Active,2025-10-31,2025-11-19,,,,true,,,,,,,,
Project 60130C41,134 Example St,CA,TEMECULA,92590,,,Active,,,,,,true,,,,,,,,
Project 727ED1D4,134 Example St,CA,TEMECULA,92590,,,Active,,,,,,true,,,,,,,,
Project 6AC79ADE,,CA,TEMECULA,92673,,,Active,,,,,,true,,,,,,,,
Project EA5578D3,,CA,TEMECULA,92673,,,Active,,,,,,true,,,,,,,,
Project EC2CA849,,CA,TEMECULA,92673,,,Active,,,,,,true,,,,,,,,
Project 093924A9,2611 Example St,CA,Whittier,,,,Archived,,,,,,false,,,,,,,,
Project 133A524B,976 Example St,CA,Irvine,,,,Archived,,,,,,false,,,,,,,,
Project F5EF0E74,1769 Example St,CA,Irvine,92618,,,Archived,,,,,,false,,,,,,,,
Project 941A21E8,5304 Example St,CA,Irvine,,,,Archived,,,,,,false,,,,,,,,
Project 7115DE74,5874 Example St,CA,COSTA MESA,92626,Person 1766A90E,555-0186,Active,,,,,,false,875000,B11503,,,,,,
Project 0333773A,,CA,TEMECULA,,Person 60F6D26C,555-0139,Active,2026-04-17,2026-05-01,,,,false,63803,B11676,61,Company 27C7B7D0,,,,
Project 65329D24,5877 Example St,CA,Irvine,,,,Archived,,,,,,false,,,,,,,,
Project AA8FD544,,CA,IRVINE,,,,On Hold,,,,,,true,,,,,,,,
Project B5D98A50,,CA,IRVINE,,,,On Hold,,,,,,true,,,,,,,,
Project C139D386,3167 Example St,CA,IRVINE,92618,Person C9718402,555-0168,Active,2025-05-30,2025-06-09,,,,true,,,,,,,,
Project CE698181,3167 Example St,CA,IRVINE,92618,,,Won,,,,,,false,835000,B11416,,,,,,
Project B323F773,,CA,IRVINE,,,,On Hold,,,,,,true,,,,,,,,
Project 727A7B8D,3167 Example St,CA,IRVINE,92618,Person C9718402,555-0168,Won,2025-08-22,2025-08-29,2025-09-08,,,false,450000,,,,,,,
Project 59DC2673,,CA,IRVINE,,,,On Hold,,,,,,true,,,,,,,,
Project C2077C47,2864 Example St,CA,Irvine,,,,Archived,,,,,,false,,,,,,,,
Project 28A44054,6688 Example St,CA,San Juan Capistrano,,,,Archived,,,,,,false,,,,,,,,
Project 4194097B,8401 Example St,CA,IRVINE,92618,,,Active,,,,,,true,,,,,,,,
Project 3AEB2EDB,,CA,COSTA MESA,,,,Lost,,,,,,false,105000,B11542,,,,,,
Project 50542D0D,7942 Example St,CA,COSTA MESA,,Person 03877221,555-0127,Active,2025-12-20,2026-01-07,,Person 9DBF3267,Person 1550860D,false,300000,B11590,,,,,,
Project 488E6684,8905 Example St,CA,Placentia,,,,Archived,,,,,,false,,,,,,,,
Project 7A1EE16C,6010 Example St,CA,RANCHO MISSION VIEJO,92673,,,Lost,,,,,,false,645000,B11471,,,,,,
Project 6CC10A7A,,CA,MURRIETA,,Person 88C6BD4F,555-0144,Active,2025-10-21,2025-10-27,,,,false,33202,B11552,,,,,,
Project 3948E09C,2331 Example St,CA,Ladera Ranch,,,,On Hold,,,,,,true,,,,,,,,
Project AF52F6CA,9023 Example St,CA,RANCHO MISSION VIEJO,,,,Archived,,,,,,false,,,,,,,,
Project 89A0AF04,7757 Example St,CA,Artesia,90701,,,Archived,,,,,,false,,,,,,,,
Project 1B335E2E,7366 Example St,CA,EASTVALE,91752,Person B004F406,555-0125,Lost,2025-06-19,2025-07-15,,,,false,10,B11494,,,,,,
Project E2C87858,2849 Example St,CA,ALHAMBRA,91801,Person D6A24CF6,555-0117,Active,2025-11-06,2025-12-03,,,,false,101583,B11561,,,,,,
Project 195569B4,,CA,ANAHEIM,92806,Person EBFB4858,555-0173,Active,2026-02-24,2026-03-05,2026-06-02,,,false,600000,B11632,25,Company E83FB205,,,,
Project 8DF55B8B,,,IRVINE,,,555-0125,Active,,,,,,true,,,,,,,,
Project D320793C,411 Example St,CA,IRVINE,,Person 95651619,555-0192,Won,2025-08-08,2025-08-21,,,,false,530000,B11515,,,,,,
Project E189A22B,8310 Example St,CA,Fontana,,,,Archived,,,,,,false,,,,,,,,
Project 6A222EE6,,,IRVINE,,,,Active,,,,,,true,,,,,,,,
Project C54C2040,8593 Example St,CA,CARSON,90745,Person CE7F5146,555-0188,Active,2025-12-09,2026-01-02,,Person 29A06563,Person 1326C46C,false,1350000,B11580,,,,,,
Project DC2CE2DB,,CA,FONTANA,92335,Person D1082A3F,555-0149,Active,2026-02-18,2026-02-19,,Person CE95CC6C,Person D86F116C,false,125000,B11623,16,Company F8D78650,,,,
Project 4A9E58E4,3131 Example St,CA,Gardena,90247,,,Archived,,,,,,false,,,,,,,,
Project AA4D84E5,2140 Example St,CA,Irvine,,,,Archived,,,,,,false,,,,,,,,
Project 0B710FB2,5642 Example St,CA,Irvine,,,,Archived,,,,,,false,,,,,,,,
Project 858DF69F,3388 Example St,CA,HAWTHORNE,90250,,,Active,2025-03-24,2025-04-10,,,,false,10,B11453,,,,,,
Project 64A104EE,6704 Example St,CA,Irvine,,,,Archived,,,,,,false,,,,,,,,
Project BF8CD205,4968 Example St,CA,IRVINE,92602,,,Active,,,,,,true,,,,,,,,
Project 2995722D,4968 Example St,CA,IRVINE,92602,,,Active,,,,,,true,,,,,,,,
Project ACF1548A,,CA,IRVINE,92602,,,Active,,,,,,true,,,,,,,,
Project F3D2275D,,CA,IRVINE,92602,,,Active,,,,,,true,,,,,,,,
Project 10183C5E,7914 Example St,CA,IRVINE,92618,Person 4205D25C,,Active,,,,,,false,65000,B11485,,,,,,
Project EEE52908,,CA,La Mirada,90638,Person AA3CE186,555-0127,Active,2026-09-04,2026-09-17,,,,true,,B11776,155,Company CE5BCD98,,,,
Project B1FA8904,,CA,Beaumont,,Person C1B6714D,555-0116,Active,2026-08-04,2026-08-24,,,,false,245000,B11750,128,Company 2C3FA4A7,,,,
Project B960D792,,CA,EL MONTE,,Person 5D542D40,555-0112,Active,2025-05-21,2025-06-04,,,,true,,,,,,,,
Project 8EF7520B,,CA,EL MONTE,91732,,,Active,,,,,,true,,,,,,,,
Project 667FF087,,CA,EL MONTE,,,,Won,2025-05-21,2025-06-04,,,,false,700000,B11158,,,,,,
Project 977A98C6,,CA,Pasadena,,Person C53F683A,555-0169,Active,2026-06-05,,,,,true,,B11719,97,Company 932F3669,,,,
Project 28AD4165,8975 Example St,CA,ALTADENA,91001,,,Active,,,,,,true,,,,,,,,
Project 342E2F42,,CA,ALTADENA,91001,,,Active,,,,,,true,,,,,,,,
Project 7AFFBDCC,4968 Example St,CA,IRVINE,92602,Person CD5F428F,555-0156,Active,,,,,,true,,,,,,,,
Project 013B0A80,,CA,IRVINE,92602,,,Active,,,,,,true,,,,,,,,
Project 8BF90429,4968 Example St,CA,IRVINE,92602,,,Active,,,,,,true,,,,,,,,
Project 7128C1D1,5995 Example St,CA,LONG Beach,90807,,,Archived,,,,,,false,,,,,,,,
Project 6BAD114A,9026 Example St,CA,IRVINE,92618,Person BE4D0CB5,555-0132,Won,2025-07-07,2025-07-22,,,,false,200000,B11499,,,,,,
Project CF2A98D6,2341 Example St,CA,Rancho Mission Viejo,,,,Archived,,,,,,false,,,,,,,,
Project 78BB62DA,,,,,,,Active,,,,,,true,,,,,,,,
Project B3235EE0,6304 Example St,CA,COVINA,91723,Person B63958A9,555-0124,Lost,2025-04-07,2025-04-29,,,,false,550000,B1159,,,,,,
Project 73AD9FF0,1053 Example St,CA,Compton,,,,Archived,,,,,,false,,,,,,,,
Project 1563A0AB,2873 Example St,CA,Huntington Beach,,,,Lost,,,,,,false,,,,,,,,
Project E6721FB3,2352 Example St,CA,Irvine,,,,Archived,,,,,,false,,,,,,,,
Project 67CE9794,,CA,HUNTINGTON BEACH,92660,Person DED3B21B,,Active,2026-06-18,2026-07-08,,,,false,700000,B11647,40,Company 19C7772C,,,,
Project C55F9F6A,6344 Example St,CA,Rancho Mission Viejo,,,,Archived,,,,,,false,,,,,,,,
Project 5AB85A01,2590 Example St,CA,LAGUNA BEACH,92651,,,Archived,,,,,,false,,,,,,,,
Project 3BA09C04,7209 Example St,CA,Brea,,,,Archived,,,,,,false,,,,,,,,
Project F920DDA2,4205 Example St,CA,IRVINE,92618,Person B004F406,555-0129,Lost,2025-06-19,2025-07-15,,,,false,10,B11491,,,,,,
Project 852773EA,,CA,Inglewood,,,,Archived,,,,,,false,,,,,,,,
Project 3D2C9748,1735 Example St,CA,San Juan Capistrano,,,,Archived,,,,,,false,,,,,,,,
Project EB27A8D4,3284 Example St,CA,SANTA CLARITA,91321,Person 51814515,555-0115,Active,,,,,,true,,,,,,,,
Project 9C18CD0D,3284 Example St,CA,SANTA CLARITA,91321,,,Active,,,,,,true,,,,,,,,
Project 3E390CE6,3284 Example St,CA,SANTA CLARITA,91321,,,Lost,2025-07-31,2025-08-15,,,,false,10,B11510,,,,,,
Project EFF091F4,189 Example St,CA,San Pedro,,,,Archived,,,,,,false,,,,,,,,
Project 69965ACA,3851 Example St,CA,RANCHO CUCAMONGA,91730,Person 3FF410A2,555-0133,Lost,2025-09-11,2025-09-24,,,,false,10,B11527,,,,,,
Project 33770B5B,,CA,Orange,92868,Person E81434C6,555-0160,Active,2026-08-13,2026-09-15,,,,false,59000,B11760,138,Company 99C258BA,,,,
Project CE01E4CD,,CA,ALTADENA,91001,,,Active,,,,,,true,,,,,,,,
Project CBE543EA,,CA,YORBA LINDA,92886,,,Active,2026-01-20,2026-02-04,,,,false,115000,B11607,,,,,,
Project 55D6A6BF,6061 Example St,CA,Irvine,,,,Archived,,,,,,false,,,,,,,,
Project A15F7B61,2309 Example St,CA,Placentia,,,,Archived,,,,,,false,,,,,,,,
Project DB98B134,8287 Example St,CA,Laguna Beach,92806,,,Archived,,,,,,false,,,,,,,,
Project E89A2B75,1908 Example St,CA,WHITTIER,90601,Person E2C09AC1,,Active,2026-07-10,2026-07-24,2026-09-14,,Person CEE19556,true,235000,B11773,152,Company CEE19556,,,2026-06-26,
Project 36342544,3037 Example St,CA,San Juan Capistrano,,,,Archived,,,,,,false,,,,,,,,
Project EBFE17B6,4185 Example St,CA,Valencia,,,,Archived,,,,,,false,,,,,,,,
Project 669DD611,2920 Example St,CA,Huntington Beach,92649,Person 73F0A197,555-0160,On Hold,,,,,,true,,,,,,,,
Project DB02D1AD,,CA,IRVINE,,,,Won,,,,,,true,100000,,,,,,,
Project 8F261487,2939 Example St,CA,IRVINE,,Person 70B3D846,555-0153,Active,2026-03-03,2026-03-27,,,,true,,B11640,32,Company E83FB205,,,,
Project 9F7BD008,,CA,IRVINE,,,,Won,,,,,,true,500000,,,,,,,
Project 4221AE76,781 Example St,CA,Irvine,,,,Archived,,,,,,false,,,,,,,,
Project 144EB480,781 Example St,CA,Irvine,,,,Archived,,,,,,false,,,,,,,,
Project 3C7FE167,3857 Example St,CA,Yorba Linda,92887,,,Archived,,,,,,false,,,,,,,,
Project FAAED9E2,,CA,COMMERCE,,Person BE4D0CB5,555-0119,Lost,2026-02-24,2026-03-23,,,,false,10,B11635,28,Company 44BDBB0E,,,,
Project C11D110D,1713 Example St,CA,Riverside,,,,Archived,,,,,,false,,,,,,,,
Project 04C648F9,5911 Example St,CA,GLENDORA,91740,Person 95651619,555-0192,Active,2025-09-29,2025-10-13,,,,true,,,,,,,,
Project 67B1C568,5911 Example St,CA,GLENDORA,91740,,,Active,2025-09-29,2025-10-13,,,,false,10,B11540,,,,,,
Project 302837AB,,CA,FONTANA,,,,Active,,,,,,true,,,,,,,,
Project 87D9D638,,CA,ALTADENA,91001,,,Active,,,,,,true,,,,,,,,
Project B0D58228,,CA,FONTANA,,,,Active,2025-11-06,2026-01-09,,,,false,1650000,B11562,,,,,,
Project A4113BD0,,CA,FONTANA,,,,Active,,,,,,true,,,,,,,,
Project 1C276973,8508 Example St,CA,Fontana,,,,Archived,,,,,,false,,,,,,,,
Project F1B52C7F,2560 Example St,CA,Menifee,,,,Archived,,,,,,false,,,,,,,,
Project 1E64D36B,2235 Example St,CA,San Gabriel,91775,Person 4ECAA770,555-0138,Lost,2026-03-09,2026-04-06,,Person 29A06563,Person 0B3DB8E1,true,50000,B11645,37,Company 3983EDC3,,2026-03-05,2026-03-05,
Project DAC9A549,,CA,Inglewood,90305,Person 7E5E60E5,555-0114,Active,2026-09-04,2026-09-24,,,,true,,B11775,154,Company 787242C8,,,,
Project 8F338413,,CA,Commerce,,Person 2699B763,555-0187,Active,2026-07-20,2026-08-06,,,,true,,B10726,,Company 22EDA38C,,,,
Project F43A445A,192 Example St,CA,Irvine,,,,Archived,,,,,,false,,,,,,,,
Project BB9DB7D5,1379 Example St,CA,Huntington Beach,,,,Archived,,,,,,false,,,,,,,,
Project BFA40102,,CA,ONTARIO,,,,Active,2026-01-28,2026-02-18,,Person 0E31DC2C,Person B1D0E4F4,true,,B11609,6,Company 829C7373,,,,
Project 182A712F,2920 Example St,CA,Huntington Beach,92649,,555-0160,On Hold,,,,,,true,,,,,,,,
Project 3A6F67DB,,CA,IRVINE,92660,Person 4A6B4C52,555-0115,Active,2026-02-11,2026-01-24,2026-02-03,,,false,1,B5964,2,,,2025-03-14,,
Project AAE045F1,1105 Example St,CA,Valencia,,,,Archived,,,,,,false,,,,,,,,
Project 1B07D06B,1105 Example St,CA,Valencia,,,,Archived,,,,,,false,,,,,,,,
Project A25A980B,4826 Example St,CA,MORENO VALLEY,,Person D1082A3F,555-0182,Active,2025-10-16,2025-11-04,,,,false,267052,B11548,,,,,,
Project 775CE62F,2433 Example St,CA,ALHAMBRA,91801,,,Lost,2025-07-30,2026-08-20,,,,false,410000,B11451,,,,,,
Project 07A4D97D,2053 Example St,CA,ALHAMBRA,91801,Person 2699B763,555-0109,Active,,,,,,true,,,,,,,,
Project DD9AE5E1,,CA,COSTA MESA,,Person EC60BAEF,555-0190,Active,2026-02-20,2026-03-02,,Person 99E77016,Person 017E60F5,false,325000,B11626,18,Company CD7A14A3,,2026-01-26,2025-11-07,
Project 63334E51,,CA,COTO DE CAZA,,Person D4482408,555-0143,Active,2026-03-07,2026-03-30,,,,true,1200000,B11644,36,Company 61383C18,,,,
Project C267F229,,CA,COVINA,,Person 4205D25C,555-0114,Lost,2025-02-28,2025-03-25,,,,false,465000,B11434,,,,,,
Project CF7DD8B3,1348 Example St,CA,FONTANA,92337,Person E39619CC,555-0127,Active,2025-11-25,,,,,true,,,,,,,,
Project 4E51E18E,3037 Example St,CA,Covina,91722,,,Archived,,,,,,false,,,,,,,,
Project 9D340303,8050 Example St,CA,WHITTIER,90601,,,Archived,,,,,,false,,,,,,,,
Project EA13F643,4992 Example St,CA,Irvine,,,,Archived,,,,,,false,,,,,,,,
Project 4B03A011,7102 Example St,CA,Costa Mesa,92626,,,Archived,,,,,,false,,,,,,,,
Project 809EDF17,5288 Example St,CA,SANTA ANA,92704,Person 9DE6187B,555-0166,Active,,,,Person 762E61E2,Person 2661CACB,false,,,,,,,,
Project 7F29B713,5389 Example St,CA,Irvine,92618,,,Archived,,,,,,false,,,,,,,,
Project 8EFA87EA,4909 Example St,CA,Irvine,,,,Archived,,,,,,false,,,,,,,,
Project EC05FAE2,3398 Example St,CA,DANA POINT,92629,Person 7AB1CC36,555-0127,Lost,2025-09-03,2025-09-12,,,,false,10,B11522,,,,,,
Project 81751762,8188 Example St,CA,DANA POINT,92629,,,Lost,2025-06-17,2025-07-09,,,,false,2600000,B11448,,,,,,
Project 42E736A1,,CA,RANCHO MISSION VIEJO,,,,Active,,,,,,true,,,,,,,,
Project 2D621C6E,5838 Example St,CA,RANCHO MISSION VIEJO,,Person 4CA90EDF,555-0133,Active,2026-06-29,2026-07-15,,,,true,,B11732,110,Company 61383C18,,,,
Project 14508A58,,CA,RANCHO MISSION VIEJO,,Person 4CA90EDF,,Active,,2026-07-15,,,,false,1500000,,,Company 61383C18,,,,
Project EC7E37C4,3575 Example St,CA,SAN Clemente,,,,Archived,,,,,,false,,,,,,,,
Project 463B71F0,5499 Example St,CA,Azusa,,,,Lost,2025-03-18,2025-07-22,,,,false,10,B11450,,,,,,
Project 3F8580AA,,CA,RANCHO MISSION VIEJO,,Person 4205D25C,555-0114,Active,2026-08-12,2026-09-10,2027-03-08,,,true,,B11756,134,Company DEFFB02D,,,,
Project F1E44A26,,CA,Palm Desert,,Person B79AE213,555-0122,Active,2026-07-15,2026-07-24,,,,false,,B11744,122,Company 0FD8AE3F,,,,
Project B53A4FDB,6463 Example St,CA,EASTVALE,,,,Active,,,,,,true,,,,,,,,
Project 5F3B2F57,6463 Example St,CA,EASTVALE,,Person B004F406,555-0133,Active,2025-06-19,2025-07-07,,,,true,,,,,,,,
Project 911E83DA,6463 Example St,CA,EASTVALE,,,,Active,,,,,,true,,,,,,,,
Project C9E1C32F,6463 Example St,CA,EASTVALE,92880,Person B004F406,555-0133,Lost,2025-06-19,2025-07-14,,,,false,10,B11490,,,,,,
Project F434C73D,6463 Example St,CA,EASTVALE,,,,Active,2025-06-19,2025-07-15,,,,false,10,B11489,,,,,,
Project 987AFC38,,CA,RANCHO PALOS VERDES,90275,Person 6BB7744F,555-0101,Active,2026-02-24,2026-03-12,,,Person 38C71A0F,false,81847,B11631,24,Company 6AE737D0,,,,
Project 621A0BC9,5951 Example St,CA,LOMA LINDA,,,,Lost,,,,,,false,10,B11495,,,,,,
Project 07660042,5951 Example St,CA,LOMA LINDA,,,,Active,,,,,,true,,,,,,,,
Project 3E8C7C00,5951 Example St,CA,LOMA LINDA,,,,Active,,,,,,true,,,,,,,,
Project 67C2E704,,CA,WHITTIER,90601,Person 6D138E42,555-0158,Active,2026-03-24,2026-04-16,,Person 9FBBD76F,Person C62AE7D3,true,,B11660,49,Company 9A5D3476,,,,
Project E0F4E381,,CA,Temecula,,Person 95651619,555-0149,Lost,2026-05-27,2026-06-11,,,,false,10,B11708,86,Company A827A6D9,,,,
Project 71557B2A,,CA,Temecula,,Person 95651619,555-0192,Lost,2026-05-27,2026-06-11,,,,false,10,B11709,87,Company A827A6D9,,,,
Project 877917F8,,CA,Rancho Mission Viejo,,Person 70B3D846,555-0153,Won,2026-05-28,2026-06-10,2026-10-24,,,false,1075000,B11711,89,Company 7BDB935E,,,,
Project 56EBF607,,CA,Rancho Mission Viejo,,,,Won,,,,,,false,1,,,,,,,
Project 088DAFE8,1241 Example St,CA,Rancho Mission Viejo,,,,Active,,,,,,true,,,,,,,,
Project 5FF778BB,,CA,Rancho Mission Viejo,,,,Won,,,,,,false,1130000,,,,,,,
Project EB6B6CCC,4123 Example St,CA,Irvine,,,,Archived,,,,,,false,,,,,,,,
Project 341F9830,4968 Example St,CA,IRVINE,92602,,,Active,,,,,,true,,,,,,,,
Project 8B05E0F9,7279 Example St,CA,Whittier,,,,Archived,,,,,,false,,,,,,,,
Project F4E76744,3991 Example St,CA,Anaheim,,,,Archived,,,,,,false,,,,,,,,
Project 2BB8A6B2,,CA,,,,,Archived,,,,,,false,,,,,,,,
Project D52C2F34,6382 Example St,CA,ENCINITAS,,,,Active,,,,,,true,,,,,,,,
Project C6CE37B5,,CA,CORONA,,,,Lost,2026-04-16,,,,,true,75000,B11670,,,,,,
Project 2E5974BF,5861 Example St,CA,CORONA,,Person CD5F428F,555-0125,Active,2025-11-11,2025-12-01,,,,true,,,,,,,,
Project DFE6AAB1,5861 Example St,CA,CORONA,,,,Lost,,,,,,false,425000,B1167,,,,,,
Project 6F4C8995,3939 Example St,CA,CORONA,92880,Person 36A4E644,555-0125,Lost,2025-04-11,2025-05-02,,,,false,10,B11464,,,,,,
Project 1D2451E4,3656 Example St,CA,CHINO,91001,,,Active,,,,,,true,,,,,,,,
Project 09CCACA8,,CA,CHINO,91001,,,Active,,,,,,false,690000,B11598,,,,,,
Project A79149C5,,CA,ONTARIO,,,,Active,,,,,,true,,,,,,,,
Project F0AD6A4F,,CA,ONTARIO,,,,Active,,,,,,true,,b11609,,,,,,
Project 416A4E6A,,CA,FOUNTAIN VALLEY,92708,Person D413AF0A,555-0162,Active,2026-08-10,2026-08-28,,,,true,,B11608,5,Company 048F4574,,,,
Project 2B3F2AFA,5914 Example St,CA,Los Angeles,90004,,,Archived,,,,,,false,,,,,,,,
Project 60379524,2977 Example St,CA,Lake Forest,,,,Archived,,,,,,false,,,,,,,,
Project 12EB5E4B,7923 Example St,CA,Lake Forest,92630,,,Archived,,,,,,false,,,,,,,,
Project 5F12261E,,CA,IRVINE,92612,Person 3313FECA,555-0110,Active,2026-08-12,2026-08-17,,,,true,,B11758,136,Company 019A90F2,,,,
Project D0C0D18D,2859 Example St,CA,BEAUMONT,,,,Active,,,,,,true,,,,,,,,
Project B18DBD59,2859 Example St,CA,BEAUMONT,,,,Active,,,,,,true,,,,,,,,
Project 2E3D4B74,2859 Example St,CA,BEAUMONT,,,,Active,,,,,,true,,,,,,,,
Project 4BEB011B,2859 Example St,CA,BEAUMONT,,,,Active,,,,,,true,,,,,,,,
Project C5FCE4D2,2859 Example St,CA,BEAUMONT,,Person 18B69859,555-0181,Active,2025-08-18,2025-09-15,2025-11-17,,,true,,,,,,,,
Project A9BB2F68,2859 Example St,CA,BEAUMONT,,,,Active,,,,,,true,,,,,,,,
Project 5550D82C,2859 Example St,CA,BEAUMONT,,,,Lost,,,,,,false,6350000,B11509,,,,,,
Project 8BB7F839,2859 Example St,CA,BEAUMONT,,,,Active,,,,,,true,,,,,,,,
Project 33814250,2859 Example St,CA,BEAUMONT,,,,Active,,,,,,true,,,,,,,,
Project 5142BE42,7842 Example St,CA,NEWPORT BEACH,92660,Person 455C1DB3,555-0117,Active,2025-11-05,2025-12-19,,,,false,120000,B11560,,,,,,
Project 084F2CD8,7579 Example St,CA,Laguna Beach,,,,Archived,,,,,,false,,,,,,,,
Project 6A29DDCE,,CA,Glendora,,Person A30E5BC0,555-0150,Active,2026-06-24,2026-07-10,,,,false,120000,B11731,109,Company 174C22B7,,,,
Project F6428423,,CA,MURRIETA,,Person F8532EA8,555-0174,Active,2025-09-19,2025-09-23,,,,false,15500,B11531,,,,,,
Project 04C11088,,CA,VALENCIA,,Person B5A96D35,555-0114,Active,2026-04-23,2026-05-13,,,,true,,B11680,66,Company DEFFB02D,,,,
Project C65F58D3,,CA,ORANGE,,Person 807F1D14,555-0177,Active,2026-05-13,2026-05-22,,,,false,,B11684,74,Company 40603142,,,,
Project A2135A3B,,CA,IRVINE,92801,Person BE4D0CB5,555-0127,Active,2025-04-25,2025-05-01,,,,true,,,,,,,,
Project D5EB8A20,7761 Example St,CA,TORRANCE,90802,Person 23E76F73,555-0153,Lost,2025-03-14,2025-03-31,,,,false,70000,B11443,,,,,,
Project 8AD21B4B,2608 Example St,CA,Rialto,,,,Archived,,,,,,false,,,,,,,,
Project 5273A864,3007 Example St,CA,NEWPORT BEACH,92660,Person D4482408,555-0143,Active,2025-10-25,2025-11-03,,,,false,380000,B11555,,,,,,
Project 06855B02,3272 Example St,CA,CYPRESS,,Person D1082A3F,555-0149,Won,2025-03-19,2025-03-20,2025-03-31,,,false,185000,B11449,,,,,,
Project F6B4DD63,1820 Example St,CA,SAN JUAN CAPISTRANO,,Person 88F2FC3C,555-0137,Won,2026-03-13,2026-03-31,,,,false,885000,B11648,41,Company 9C5C927A,,,,
Project 8B3A188A,,CA,HEMET,,Person E347B67A,555-0114,Active,2026-05-08,2026-05-11,2026-07-06,,,true,,B11686,76,Company A0737E11,,,,
Project CC9902C4,3507 Example St,CA,Irvine,,,,Archived,,,,,,false,,,,,,,,
Project 2F2D4467,1999 Example St,CA,Irvine,,,,Archived,,,,,,false,,,,,,,,
Project B7EF91C6,,CA,Irvine,,,,Archived,,,,,,false,,,,,,,,
Project 7DC6BD97,1999 Example St,CA,Irvine,,,,Archived,,,,,,false,,,,,,,,
Project 29BE600C,7399 Example St,CA,MENIFEE,92618,Person F3A6B021,555-0168,Lost,2025-08-14,2025-09-03,,,,false,10,B11328,,,,,,
Project A9DFD057,7399 Example St,CA,MENIFEE,92618,,,Active,,,,,,true,,,,,,,,
Project F39CD238,,CA,GARDEN GROVE,,,,Active,2026-03-16,2026-04-03,,,,true,,B11649,42,,,,,
Project 0F167497,,CA,GARDEN GROVE,,,,Active,,,,,,false,182150,b11649,,,,,,
Project 36BB1074,3584 Example St,CA,GARDEN Grove,92841,,,Archived,,,,,,false,,,,,,,,
Project 697E652C,4973 Example St,CA,Garden Grove,92841,,,Archived,,,,,,false,,,,,,,,
Project 993E1F71,8050 Example St,CA,WHITTIER,90601,Person 234EC90E,555-0126,Active,2026-01-06,2026-01-27,,Person 122A2FBC,Person 05755677,false,330000,B11596,,,,,,
Project 97C4A46F,8050 Example St,CA,Whittier,90601,,,Archived,,,,,,false,,,,,,,,
Project 9014AD7B,1853 Example St,CA,Whittier,,,,Archived,,,,,,false,,,,,,,,
Project 6766B7CE,6329 Example St,CA,Irvine,,,,Archived,,,,,,false,,,,,,,,
Project 46477905,,CA,IRVINE,92620,,,Active,,,,,,true,,,,,,,,
Project 8B2C1275,,CA,IRVINE,92620,,,Lost,,,,,,false,1300000,,,,,,,
Project AB3FECA5,2159 Example St,CA,Huntington Beach,,,,Archived,,,,,,false,,,,,,,,
Project 969FCFB1,8498 Example St,CA,GLENDORA,91740,Person 43C51356,555-0166,Lost,2025-05-01,2025-05-23,,,,false,285000,B11470,,,,,,
Project E7A58FE2,,CA,GLENDORA,,Person 60F6D26C,,Active,2026-02-18,2026-03-02,,Person 71F4CF8B,Person 416B2DAE,false,130000,B11622,22,Company 27C7B7D0,,2025-08-16,2025-09-16,
Project AD614A3A,,CA,TEMECULA,92590,Person 01046DC0,555-0170,Active,2026-05-05,2026-05-18,2026-06-25,Person 5BBA6C6F,Person B1D0E4F4,false,835000,B11604,4,Company 04496F34,,,,
Project D30F318F,,CA,TEMECULA,92590,,,Active,,,,,,false,10000,,,,,,,
Project 413A2901,7961 Example St,CA,Whittier,,,,Archived,,,,,,false,,,,,,,,
Project 09F8BBFB,7961 Example St,CA,Whittier,90601,,,Archived,,,,,,false,,,,,,,,
Project B792F741,5068 Example St,CA,HUNTINGTON BEACH,92647,Person 5A3208A4,555-0147,Active,2025-10-28,2025-11-10,,,,false,525000,B11551,,,,,,
Project 0DBA9349,3615 Example St,CA,Huntington Beach,,,,Archived,,,,,,false,,,,,,,,
Project A7D8E74C,6364 Example St,CA,Newport Beach,92660,,,Archived,,,,,,false,,,,,,,,
Project 27AE0D1A,,CA,IRVINE,92618,Person CE7EF798,555-0191,Active,2025-12-23,2026-01-20,,Person 3C9F83CD,Person B01E14FB,true,,,,,,,,
Project 7A524B84,1550 Example St,CA,Irvine,,,,Archived,,,,,,false,,,,,,,,
Project 44EB120B,471 Example St,CA,IRVINE,92630,Person 92A3420D,555-0125,Won,2025-04-10,2025-04-28,,,,false,525000,B11461,,,,,,
Project BA530C93,7464 Example St,CA,IRVINE,,Person 4B7A63FA,555-0162,Won,2026-01-17,2026-01-17,,Person E39619CC,Person E39619CC,true,45000,B200,,,,,,
Project 80F3E524,471 Example St,CA,IRVINE,92630,,,Active,,,,,,true,,,,,,,,
Project 5A9E7616,471 Example St,CA,IRVINE,92630,,,Active,2025-12-23,2026-01-20,,,,false,440000,B11593,,,,,,
Project 35E451B3,,CA,BREA,,Person A40B6CBD,555-0104,Active,2026-08-26,2026-08-28,,,,false,125000,B11767,145,,,,,
Project 05ECBE98,,CA,Orange,92865,Person D554E13B,555-0180,Active,2026-08-04,2026-08-18,,,,false,400000,B11752,130,Company 9A5D3476,,,,
Project FFD4B818,4843 Example St,CA,Santa Ana,92704,,,Archived,,,,,,false,,,,,,,,
Project 3DF2C107,1355 Example St,CA,Santa Ana,92704,,,Archived,,,,,,false,,,,,,,,
Project CEEEA345,,CA,PERRIS,92571,Person 5AC1A38A,555-0108,Active,2026-07-09,2026-07-22,,,,true,,B11740,118,Company EBE6D56D,,,,
Project B3113F95,4682 Example St,CA,Perris,,,,Archived,,,,,,false,,,,,,,,
Project 68459889,6312 Example St,CA,Whittier,,,,Archived,,,,,,false,,,,,,,,
Project ABC3F633,,CA,Palm Springs,,Person FBB57698,555-0181,Active,2026-05-13,2026-06-03,2026-05-30,,,false,950000,B11703,81,Company 6B4DFDAD,,,,
Project 2E2BB09C,,CA,Palm Springs,,,,Active,,,,,,true,,,,,,,,
Project 83AFB4A8,,CA,ONTARIO,,,,Active,,,,,,true,,,,,,,,
Project 6CC970DF,7054 Example St,CA,LOMA LINDA,92350,Person B63958A9,555-0124,Active,2025-06-27,2025-07-18,,,,true,,,,,,,,
Project 69CEE400,7054 Example St,CA,LOMA LINDA,,,,Active,,,,,,true,,,,,,,,
Project 634814C7,7054 Example St,CA,LOMA LINDA,,,,Active,,,,,,true,,,,,,,,
Project 9F35DA41,7054 Example St,CA,LOMA LINDA,,,,Active,,,,,,true,,,,,,,,
Project D56F10BA,7054 Example St,CA,LOMA LINDA,,,,Active,,,,,,true,,,,,,,,
Project D58035E1,7054 Example St,CA,LOMA LINDA,,,,Active,,,,,,true,,,,,,,,
Project 17BD56BB,7054 Example St,CA,LOMA LINDA,,Person B63958A9,555-0124,Lost,2025-06-27,2025-07-18,,,,false,10,B11496,,,,,,
Project CE4FAC6E,7054 Example St,CA,LOMA LINDA,,Person B63958A9,,Active,,,,,,true,,,,,,,,
Project A9E5AE02,6401 Example St,CA,Rancho Mission Viejo,,,,Archived,,,,,,false,,,,,,,,
Project F60757CB,365 Example St,CA,Huntington Beach,92646,,,Archived,,,,,,false,,,,,,,,
Project A7637B90,8050 Example St,CA,Whittier,90601,,,Archived,,,,,,false,,,,,,,,
Project 8F80ECAF,,CA,DANA POINT,,Person 079BCF9E,555-0176,Active,2026-03-16,2026-03-18,2026-04-15,,Person E35BFB23,false,25000,B11650,43,Company 4F04F133,,,2025-10-03,
Project AE611175,3478 Example St,CA,GLENDORA,91741,,,Active,2026-09-03,2026-09-18,,,,true,565000,B11611,11,,,,,
Project 6C120182,838 Example St,CA,Placentia,,,,Archived,,,,,,false,,,,,,,,
Project F9A8BD1E,,CA,Moreno Valley,,Person 1B3CFFC2,,Active,2026-08-12,2026-08-12,2026-07-08,,,true,179731,B11759,137,Company AEA00F64,,,,
Project 238A35BB,5154 Example St,CA,RANCHO CUCAMONGA,91739,,,Active,,,,,,true,,,,,,,,
Project DD624C48,5154 Example St,CA,RANCHO CUCAMONGA,91739,,,Active,,,,,,true,,,,,,,,
Project 1E052777,7735 Example St,CA,Irvine,,,,Archived,,,,,,false,,,,,,,,
Project 39BEF645,5637 Example St,CA,Irvine,,,,Archived,,,,,,false,,,,,,,,
Project 841D1072,337 Example St,CA,Irvine,,,,Archived,,,,,,false,,,,,,,,
Project 51E04EF3,,CA,NEWPORT BEACH,,Person 0A34742C,555-0177,On Hold,,,,,,true,,,,,,,,
Project 88CFB9AA,137 Example St,CA,Pomona,91766,,,Archived,,,,,,false,,,,,,,,
Project 75399CA9,2815 Example St,CA,Culver City,90230,,,Archived,,,,,,false,,,,,,,,
Project 8D01D5CC,,CA,ORANGE,92869,Person 384683BC,555-0165,Won,2026-04-21,2026-04-29,,,,true,,B11678,63,Company EA63A85C,,,,
Project D88D6B6C,8504 Example St,CA,ORANGE,92869,Person A766E416,555-0165,Won,2025-05-30,2025-06-09,,,,false,85000,B11480,,,,,,
Project 91DE46C1,7202 Example St,CA,ORANGE,,,,Archived,,,,,,false,,,,,,,,
Project BB6C3C05,4567 Example St,CA,Fountain Valley,,,,Archived,,,,,,false,,,,,,,,
Project 92AABABC,6202 Example St,CA,Santa Ana,92701,,,Archived,,,,,,false,,,,,,,,
Project 1D4F034A,788 Example St,CA,CHINO,91785,,,Active,,,,,,true,,,,,,,,
Project F34612B3,8313 Example St,CA,CHINO,91785,Person 7B9CC714,555-0143,Lost,2025-11-25,2025-12-09,,,,false,10,B11578,,,,,,
Project 1005B738,788 Example St,CA,CHINO,91785,,,Active,,,,,,true,,,,,,,,
Project BAF677A5,,CA,RIVERSIDE,,,,Lost,,,,,,false,1350000,,,,,,,
Project 9AA333E4,,CA,RIVERSIDE,,Person A7328D5C,,Lost,,2026-08-07,2026-09-03,,,false,200000,,,Company E2A27C10,,,,
Project E74B11CE,,CA,RIVERSIDE,,,,Lost,,,,,,false,100000,,,,,,,
Project B0F94AC9,,CA,RIVERSIDE,,,,Lost,,,,,,false,10,,,,,,,
Project 52F96806,,CA,Riverside,,Person A7328D5C,555-0191,Lost,2026-05-14,2026-06-02,,,,false,275000,B11704,82,Company DBFBA742,,,,
Project 13F16FCE,,CA,RIVERSIDE,,,,Lost,,,,,,false,400000,,,,,,,
Project 9886A156,,CA,RIVERSIDE,,Person A7328D5C,,Lost,,2026-07-15,,,,false,200000,,,Company 81829458,,,,
Project 2109EA06,,CA,RIVERSIDE,,Person A7328D5C,555-0191,Active,2026-06-17,2026-08-07,2026-09-10,,,true,,B11727,105,Company DBFBA742,,,,
Project 173DAD04,,CA,RIVERSIDE,,Person A7328D5C,,Lost,,,,,,false,635000,,,Company 81829458,,,,
Project AEB3C59C,,CA,RIVERSIDE,,Person A7328D5C,,Active,,2026-07-15,,,,true,,,,Company 81829458,,,,
Project 4BE1C4D3,2457 Example St,CA,ORANGE,92869,,,Won,,,,,,false,114000,b11648,,,,,,
Project 7B81A3E0,2712 Example St,CA,Whittier,,,,Archived,,,,,,false,,,,,,,,
Project 6D9CB3A5,116 Example St,CA,Placentia,,,,Archived,,,,,,false,,,,,,,,
Project D07EEA9A,,CA,ONTARIO,,Person C1B6714D,555-0116,Lost,2026-07-02,2026-07-20,,,,false,10,B11735,113,Company 366298AB,,,,
Project 9CD8CDF7,,CA,HUNTINGTON BEACH,92649,Person 2CE5DFC9,555-0176,Active,2026-06-30,2026-07-08,,,,true,,B11734,112,Company 019A90F2,,,,
Project 5B59313C,5581 Example St,CA,IRVINE,92617,Person 1766A90E,555-0165,Won,2025-07-17,2025-08-01,,,,false,607330000,B11505,,,,,,
Project C19B7C32,7780 Example St,CA,GLENDALE,91202,Person 24883A57,555-0179,Active,,,,Person 698841FB,Person 7516CDD6,false,,,,,,,,
Project 74628CD2,,CA,RANCHO MISSION VIEJO,,,,Active,,,,,,true,,,,,,,,
Project F3A202EE,295 Example St,CA,Irvine,,,,Archived,,,,,,false,,,,,,,,
Project 27A99856,2360 Example St,CA,IRVINE,92618,Person E8ECBC96,555-0174,Lost,2025-05-27,2025-06-12,,,,false,165000,B11038,,,,,,
Project 8C9EC8A7,,CA,IRVINE,92618,,,Active,,,,,,true,,,,,,,,
Project 2C6B79E4,,CA,IRVINE,92618,Person 95651619,555-0192,Lost,2026-02-09,2026-02-23,,Person 9DBF3267,Person E59A8A70,false,475000,B11617,13,Company A827A6D9,,,,
Project 6EDD3BCD,,CA,IRVINE,92618,,,Lost,,,,,,true,,,,,,,,
Project F42B843F,,CA,MONTEBELLO,,Person 578A5DBB,555-0171,Lost,2025-03-17,2025-03-31,,,,false,485000,B11444,,,,,,
Project 83E3A178,1223 Example St,CA,Irvine,,,,Archived,,,,,,false,,,,,,,,
Project 1EF2F789,160 Example St,CA,Irvine,92618,,,Archived,,,,,,false,,,,,,,,
Project DFA2DDB9,6127 Example St,CA,IRVINE,92618,Person CE951DF7,555-0184,Active,2025-08-01,2025-08-27,,,,true,,,,,,,,
Project FC3CC21E,8774 Example St,CA,IRVINE,92618,,,Active,,,,,,true,,,,,,,,
Project 10908C42,6127 Example St,CA,IRVINE,92618,,,Lost,,,,,,false,655000,B11513,,,,,,
Project 1F3CF24F,8720 Example St,CA,Chino,,,,Archived,,,,,,false,,,,,,,,
Project 4185B1B8,1615 Example St,CA,Irvine,,,,Archived,,,,,,false,,,,,,,,
Project B90EC6D0,,CA,EL MONTE,,,,Active,,,,,,false,375000,B11538,,,,,,
Project 4DDB68A8,600 Example St,CA,Valencia,,,,Archived,,,,,,false,,,,,,,,
Project AE27E271,6691 Example St,CA,Azusa,,,,Archived,,,,,,false,,,,,,,,
Project E09EE643,,CA,Fullerton,,,,Active,2026-05-15,2026-05-15,2026-05-15,,,false,,B11706,84,,,,,
Project 53BDD3C2,,CA,LOS ANGELES,,,,Active,,,,,,false,185000,,,,,,,
Project F67F4EA7,,CA,LOS ANGELES,,Person 5CECCB20,555-0149,Active,2026-02-23,2026-03-03,,Person 11F04AA6,Person 0E86CCAE,true,,B11629,21,Company A5A021FA,2026-01-16,2025-10-14,2026-01-23,
Project F1D9E10B,2142 Example St,CA,TUSTIN,92780,,,Archived,,,,,,false,,,,,,,,
Project 77B5B07C,,CA,IRVINE,92620,,,Lost,,,,,,false,3400000,,,,,,,
Project 7DA438EB,,CA,IRVINE,92620,Person 4205D25C,555-0114,Active,2026-06-05,2026-06-26,2026-09-22,,,true,,B11717,95,Company DEFFB02D,,,,
Project 14A3796B,7344 Example St,CA,Fontana,,,,Archived,,,,,,false,,,,,,,,
Project 10A75ED4,8341 Example St,CA,POMONA,92337,Person E39619CC,555-0127,Active,2025-11-25,2025-12-10,,,,false,370000,B11576,,,,,,
Project B55A4992,8796 Example St,CA,Orange,,,,Archived,,,,,,false,,,,,,,,
Project 6CA70078,,CA,Riverside,,,,Active,,,,,,true,,,,,,,,
Project 3B83922C,,CA,Riverside,,,,Active,,,,,,true,,,,,,,,
Project 5229EEB2,,CA,Riverside,,,,On Hold,2026-06-15,2026-06-19,,,,false,100000,B11725,103,Company 08367154,,,,
Project A8F7C590,542 Example St,CA,LOS ANGELES,90004,Person E39619CC,555-0127,Active,2025-07-28,2025-09-27,,,,false,210000,B11508,,,,,,
Project 4EDC4269,,CA,Norwalk,,Person D0E4F818,555-0146,Active,2026-08-27,2026-09-16,,,,true,,B11768,146,Company 50FD1FF2,,,,
Project 4EDC4269,,CA,Norwalk,,,,Active,,,,,,true,,,,,,,,
Project 8293C896,,CA,Norwalk,,,,Active,,,,,,true,,,,,,,,
Project 5B6F311D,,CA,Norwalk,,,,Active,,,,,,true,,,,,,,,
Project 14084089,5130 Example St,CA,Mission Viejo,,,,Archived,,,,,,false,,,,,,,,
Project CD8E9B36,,CA,WHITTIER,,,,Active,,,,,,false,85000,B11638,,,,,,
Project 11FB1985,,CA,WHITTIER,,,,Active,,,,,,true,,,,,,,,
Project 70AD9E35,5319 Example St,CA,Costa Mesa,,,,Active,,,,,,false,,B6061.2nd,,,,,,
Project 5B6C62D7,8910 Example St,CA,Costa Mesa,,Person 1766A90E,555-0161,Active,2025-09-26,2025-09-26,,,,true,,,,,,,,
Project 662EB8B5,6624 Example St,CA,Costa Mesa,,,,Archived,,,,,,false,,,,,,,,
Project 37D8BBEC,6624 Example St,CA,Costa Mesa,,,,Archived,,,,,,false,,,,,,,,
Project 6516814A,3201 Example St,CA,Costa Mesa,,,,Archived,,,,,,false,,,,,,,,
Project 9B584427,1972 Example St,CA,COSTA MESA,92656,,,Active,,,,,,false,26999.99,B6061,,,,,,
Project E69A8778,1638 Example St,CA,LA HABRA,90631,Person D14098EE,555-0179,Active,2025-03-24,2025-04-04,,,,true,,,,,,,,
Project F7AED618,,CA,LA HABRA,90631,,,Lost,2025-03-24,2025-04-04,,,,false,10,B11452,,,,,,
Project C7589F01,1638 Example St,CA,LA HABRA,90631,,,Active,,,,,,true,,,,,,,,
Project BFC3B1F8,1638 Example St,CA,LA HABRA,90631,Person D14098EE,555-0179,Active,,,,,,true,,,,,,,,
Project D0CA3293,533 Example St,CA,LAKE ELSINORE,,Person 52D9D681,555-0101,Active,2026-05-11,2026-05-20,,Person C8729025,Person 440F685E,false,675000,B11586,,,,,,
Project 56A7953E,7202 Example St,CA,Lake Forest,92618,,,Archived,,,,,,false,,,,,,,,
Project 97B4B05A,,CA,Irvine,92612,Person 94747F8A,,Active,2026-06-23,2026-07-27,,,,true,525000,B11730,108,,,,,
Project B84B15E4,3497 Example St,CA,Anaheim,,,,Archived,,,,,,false,,,,,,,,
Project FCF50028,2228 Example St,CA,Anaheim,,,,Archived,,,,,,false,,,,,,,,
Project A92941CC,,CA,RIVERSIDE,,Person 2B80E893,555-0182,Active,2025-09-29,2025-10-23,,,,false,1335767,B11539,,,,,,
Project F977DE56,4205 Example St,CA,IRVINE,92618,Person 92E53FE6,555-0130,Lost,2025-05-29,2025-06-13,,,,false,250000,B11479,,,,,,
Project B4892150,4205 Example St,CA,IRVINE,92618,,,Active,,,,,,true,,,,,,,,
Project 7180F8CB,4205 Example St,CA,IRVINE,92618,,,Active,,,,,,true,,,,,,,,
Project E61EF9A5,4205 Example St,CA,IRVINE,92618,,,Active,,,,,,true,,,,,,,,
Project 54E56A86,8401 Example St,CA,IRVINE,92618,,,Active,,,,,,true,,,,,,,,
Project D7D5F04B,4968 Example St,CA,IRVINE,,,,Lost,2025-09-23,2025-10-10,,,,false,235000,B11535,,,,,,
Project D00C2C67,8871 Example St,CA,RANCHO MISSION VIEJO,,Person BD6A7C06,555-0119,Won,2025-10-14,2025-10-24,,,,false,675000,B11546,,,,,,
Project 5284C9AF,1115 Example St,CA,RANCHO MISSION VIEJO,,Person D7E12349,555-0191,Won,2025-09-24,2025-09-26,,,,false,180000,B11537,,,,,,
Project 5A914221,4465 Example St,CA,Altadena,91001,,,Archived,,,,,,false,,,,,,,,
Project B2623003,5165 Example St,CA,ALTADENA,91001,Person A0F28CDA,555-0175,Won,,,,,,false,160000,B11519,,,,,,
Project E31C798A,5632 Example St,CA,RIVERSIDE,92596,Person 8CAC9B84,555-0198,Lost,2025-11-14,2025-11-21,,,,false,620000,B11572,,,,,,
Project B9532ACB,,CA,WINCHESTER,,Person 787EAA58,555-0173,Lost,2026-01-28,2026-02-06,,Person F902051C,Person 494F44A0,false,10,b11610,9,Company C5915011,,,,
Project BD17992D,,CA,Palm Springs,,Person B846BE6F,555-0190,Active,2026-09-09,2026-09-18,,,,true,,B11779,158,Company 32A37BDE,,,,
Project 00721472,7961 Example St,CA,Whittier,,,,Archived,,,,,,false,,,,,,,,
Project 353C9E67,853 Example St,CA,LONG BEACH,90805,,,Archived,,,,,,false,,,,,,,,
Project D5B6994B,4900 Example St,CA,Long Beach,,,,Archived,,,,,,false,,,,,,,,
Project 14A2A594,4325 Example St,CA,Irvine,,,,Archived,,,,,,false,,,,,,,,
Project 7B663FBF,,CA,RANCHO MISSION VIEJO,92694,,,On Hold,,,,,,true,,,,,,,,
Project 7EF16EEA,4968 Example St,CA,RANCHO MISSION VIEJO,92694,,,On Hold,,,,,,true,,,,,,,,
Project B0B1859B,2298 Example St,CA,RANCHO MISSION VIEJO,,,,Archived,,,,,,false,,,,,,,,
Project 72E09621,,CA,RANCHO MISSION VIEJO,92694,,,On Hold,,,,,,true,,,,,,,,
Project 0114CAB2,,CA,RANCHO MISSION VIEJO,92694,,,On Hold,,,,,,true,,,,,,,,
Project D08A5153,,CA,RANCHO MISSION VIEJO,92694,,,On Hold,,,,,,true,,,,,,,,
Project 18F21D87,,CA,RANCHO MISSION VIEJO,92694,,,On Hold,,,,,,true,,,,,,,,
Project EB60F6A9,,CA,RANCHO MISSION VIEJO,92694,,,On Hold,,,,,,true,,,,,,,,
Project 67B2FECF,,CA,LOS ANGELES,,Person BE4D0CB5,555-0119,Active,2026-03-27,2026-04-15,,,,false,407911,B11663,53,Company E2931086,,,,
Project E88B5223,6681 Example St,CA,Rosemead,,,,Archived,,,,,,false,,,,,,,,
Project 93600A46,,CA,IRVINE,92618,,,Active,2025-01-19,2025-01-22,,,,false,530000,B11606,,,,,,
Project D4613113,,CA,ALTADENA,91001,,,Active,,,,,,true,,,,,,,,
Project ACD1AAC4,,CA,IRVINE,92618,,,Active,,,,,,true,,,,,,,,
Project 66C9991A,,CA,NEWPORT BEACH,92660,Person DED3B21B,,Active,2026-03-12,2026-04-15,,,,false,10,B11646,39,Company E79DE96B,,,,
Project 4888FDD2,,CA,Lakewood,,Person B63958A9,555-0124,Active,2026-09-01,2026-09-18,,,,true,,B11772,150,Company D640F50A,,,,
Project 390AEF0C,7802 Example St,CA,CYPRESS,90630,Person 7B031342,555-0189,Active,2025-09-22,2025-10-05,,,,false,155000,B11532,,,,,,
Project 576B0902,1089 Example St,CA,RIVERSIDE,,Person C29D0850,555-0127,Active,2025-12-11,,,Person A1261A59,Person DAD8C860,true,,,,,,,,
Project 2C2D3ECE,1089 Example St,CA,RIVERSIDE,,,,Active,2025-12-08,2025-12-12,,,,false,480000,B11581,,,,,,
Project 57A4D146,5080 Example St,CA,STANTON,90680,Person 3B74B7F8,555-0132,Active,2026-02-11,2026-02-12,,Person B0537C1F,Person 6E7B42C9,false,140000,B11618,14,Company C7291A3F,,2025-11-13,2025-11-13,
Project 656C56A5,,,FONTANA,,,,Active,,,,,,true,,,,,,,,
Project 2179B59C,7368 Example St,CA,El Monte,,,,Archived,,,,,,false,,,,,,,,
Project 90F2FEA5,6873 Example St,CA,Dana Point,,,,Active,,,,,,true,,,,,,,,
Project BC42254B,2505 Example St,CA,San Clemente,,Person B75AEEFD,555-0189,Won,2025-05-12,2025-05-12,,,,false,95000,B11564,,,,,,
Project 49CB8DD5,3752 Example St,CA,Dana Point,,,,Active,,,,,,true,,,,,,,,
Project 139DB860,1918 Example St,CA,COVINA,91724,Person 234EC90E,555-0123,Lost,2026-04-27,2026-04-30,,,,true,100000,B11675,69,Company EA63A85C,,,,
Project 40066059,361 Example St,CA,Hemet,92545,,,Active,,,,,,false,56556,b11686,,,,,,
Project 28FB6B6B,7961 Example St,CA,Whittier,,,,Archived,,,,,,false,,,,,,,,
Project 059DB06B,8050 Example St,CA,Whittier,90601,,,Archived,,,,,,false,,,,,,,,
Project E78CCC57,,CA,San Marcos,92078,,555-0174,Active,2026-07-08,2026-07-10,,,,false,,B11737,115,Company 9FA4E600,,,,
Project B594FCB4,,CA,MENIFEE,,Person C29D0850,555-0105,Lost,2026-08-05,2026-08-26,2026-09-16,,,false,1,B11754,132,Company 3754F439,,,,
Project 6F3F4722,,CA,MENIFEE,,,,Active,,,,,,true,,,,,,,,
Project 29050B03,,CA,MENIFEE,,,,Active,,,,,,true,,,,,,,,
Project 1A0214C5,,CA,MENIFEE,,,,Active,,,,,,true,,,,,,,,
Project 0A94B345,,CA,MENIFEE,,,,Active,,,,,,true,,,,,,,,
Project 6178385E,8911 Example St,CA,MORENO VALLEY,92806,Person BD34A544,555-0159,Active,2026-03-24,2026-03-25,,,,true,665000,B11659,48,Company 72D2A124,,,,
Project 7D9F5D55,3403 Example St,CA,Upland,,,,Archived,,,,,,false,,,,,,,,
Project B66938DC,,CA,MONTEBELLO,,Person 4C849B3A,555-0182,Active,,,,,,true,,,,,,,,
Project 11B9E6F9,,CA,MONTEBELLO,,Person 4C849B3A,555-0172,Lost,2025-03-26,2025-04-16,,,,false,2558000,B11455,,,,,,
Project C4CA318D,5977 Example St,CA,Montebello,,,,Archived,,,,,,false,,,,,,,,
Project CE70F46F,5774 Example St,CA,Ontario,,,,Archived,,,,,,false,,,,,,,,
Project E251695F,2873 Example St,CA,LOS ANGELES,,Person 4205D25C,555-0114,Active,2026-01-09,2026-02-12,,Person D3E7E7C1,Person 6EA3F9B9,false,55000,B11600,,Company DEFFB02D,,2025-12-25,2024-04-12,
Project 68E1D9E7,,CA,IRVINE,92620,Person 4205D25C,555-0114,Active,2026-06-02,2026-06-23,2026-09-22,,,false,,B11716,94,Company DEFFB02D,,,,
Project 1A959477,3345 Example St,CA,TBD,,,,Active,,,,,,false,50000,,,,,,,
Project 2A3FD22C,,CA,ANAHEIM,92806,,555-0183,Active,2026-04-29,2026-04-29,2026-04-29,,,true,,B11701,71,Company 2FDE03BA,,,,
Project 51FA3577,3345 Example St,CA,Anaheim,92806,,555-0183,Active,2026-04-22,2026-04-24,,,,false,10,4071,65,Company F2020C78,,,,
Project 2B5C53B2,,CA,CARSON,,Person CE7F5146,,Active,2026-08-25,2026-08-24,2026-08-24,,,true,150000,B11765,143,Company 7BDB935E,,,,
Project 4CA5253E,,CA,WHITTIER,90601,,,Active,,,,,,true,,,,,,,,
Project D0122E67,,CA,Anaheim,,,,Archived,,,,,,false,,,,,,,,
Project D49A32A1,7961 Example St,CA,Whittier,,,,Archived,,,,,,false,,,,,,,,
Project B493A143,,CA,Whittier,,,,Archived,,,,,,false,,,,,,,,
Project 8C94DC6E,8200 Example St,CA,San Juan Capistrano,92675,,,Archived,,,,,,false,,,,,,,,
Project ADFAC850,8200 Example St,CA,San Juan Capistrano,92675,,,On Hold,,,,,,true,,,,,,,,
Project 3897239D,164 Example St,CA,San Gabriel,91776,,,Archived,,,,,,false,,,,,,,,
Project AFB9EDA2,5539 Example St,CA,LAKE ELSINORE,92595,,,Active,,,,,,true,,,,,,,,
Project 954F2ACF,5539 Example St,CA,LAKE ELSINORE,92595,,,Active,2025-12-31,2026-01-22,,,,false,1785000,B11594,,,,,,
Project 8C07BBBB,5539 Example St,CA,LAKE ELSINORE,92595,Person 2AA3FA5A,555-0174,Active,,,,Person 24E1CB33,Person E59A8A70,false,,,,,,,,
Project A7FB15DC,4612 Example St,CA,Irvine,,,,Archived,,,,,,false,,,,,,,,
Project 3E107E68,5876 Example St,CA,Gardena,,,,Archived,,,,,,false,,,,,,,,
Project 4E1CA3B7,7000 Example St,CA,Altadena,91001,,,Archived,,,,,,false,,,,,,,,
Project 438AA189,8075 Example St,CA,ALTADENA,91001,Person 890A1682,555-0121,On Hold,,,,,,true,,,,,,,,
Project F033077E,7000 Example St,CA,Altadena,91001,,,Archived,,,,,,false,,,,,,,,
Project 0783C511,8075 Example St,CA,Altadena,91001,,,Archived,,,,,,false,,,,,,,,
Project 9A16D003,,CA,MORENO VALLEY,,,,Active,2025-03-27,2025-04-10,,,,false,215000,B11456,,,,,,
Project 1ED8BEF1,,CA,EL CAJON,,Person 4205D25C,,Active,2026-07-22,2026-07-30,,,,true,,B11749,127,Company 9FA4E600,,,,
Project AA36A0CC,,CA,RANCHO MISSION VIEJO,,,,Lost,2026-04-10,,,,,false,1154316.02,B11658,57,,,,,
Project 5975D082,,CA,RANCHO MISSION VIEJO,,Person 70B3D846,555-0153,Lost,2026-04-13,2026-05-08,2026-05-25,,,false,1175000,B11673,59,Company 0907EA87,,,,
Project A7014A97,8484 Example St,CA,RANCHO MISSION VIEJO,,,,Archived,,,,,,false,,,,,,,,
Project 1565D361,8259 Example St,CA,ORANGE,92865,Person 1C329538,555-0115,Lost,2025-03-19,2025-04-04,,,,false,,B11407,,,,,,
Project FE5E58F9,3876 Example St,CA,MURRIETA,92562,,,Lost,2025-06-24,2025-04-10,,,,false,10,B11454,,,,,,
Project 6B6DFCD7,3876 Example St,CA,MURRIETA,92562,,,Active,,,,,,true,,,,,,,,
Project 2880AD94,2302 Example St,CA,Fontana,,,,Archived,,,,,,false,,,,,,,,
Project AB57583F,7923 Example St,CA,IRVINE,,,,Active,,,,,,true,,,,,,,,
Project 1F5AB25B,7923 Example St,CA,IRVINE,,,,Active,,,,,,true,,,,,,,,
Project DC48EB81,7923 Example St,CA,IRVINE,,,,Active,,,,,,true,,,,,,,,
Project 4FB97377,7923 Example St,CA,IRVINE,,Person 7742FEE1,555-0121,Active,2025-12-01,2026-01-05,,,,true,,,,,,,,
Project 5BAC2D38,7923 Example St,CA,IRVINE,,,,Active,2025-12-01,2026-01-05,,,,false,645000,B11579,,,,,,
Project 9B1AEB76,4685 Example St,CA,Ontario,,,,Archived,,,,,,false,,,,,,,,
Project 90C06688,5577 Example St,CA,Anaheim,,,,Archived,,,,,,false,,,,,,,,
Project 0ABF3FC4,,CA,GARDENA,90247,Person 9A0FC5C0,,Active,2026-06-02,2026-06-15,,,,true,,B11724,102,Company 048F4574,,,,
Project F9814243,,CA,GARDENA,90247,,,Active,,,,,,true,,,,,,,,
Project A67C3062,5264 Example St,CA,GARDENA,,Person 3C64250A,555-0178,Active,2025-10-23,2026-06-09,2027-03-13,,,true,,B11553,,Company 8D07D1D1,,,,
Project 0A626596,4644 Example St,CA,ORANGE,92869,Person BE4D0CB5,555-0119,Active,2026-06-17,2026-07-06,,,,false,10000,B11728,106,Company 44BDBB0E,,,,
Project 00AA7FDD,,CA,MONTCLAIR,,Person F8532EA8,,Active,2026-03-17,2026-03-25,,,,false,576720,B11652,45,Company C11305B2,,,,
Project 196BBE80,8395 Example St,CA,RANCHO MISSION VIEJO,,Person A40B6CBD,555-0104,Active,2025-05-02,2025-05-27,,,,true,,,,,,,,
Project 404EE8A4,8395 Example St,CA,RANCHO MISSION VIEJO,,,,Active,,,,,,true,,,,,,,,
Project 209FD0E5,3966 Example St,CA,Rancho Santa Margarita,,,,Archived,,,,,,false,,,,,,,,
Project 0D87FCCE,6010 Example St,CA,RANCHO MISSION VIEJO,92673,,,Active,,,,,,true,,,,,,,,
Project 907FA4E3,3919 Example St,CA,WINCHESTER,92596,Person 865F8305,555-0145,Active,2025-08-21,2025-09-05,,,,true,,,,,,,,
Project AC9A54CC,3919 Example St,CA,WINCHESTER,92596,Person 4205D25C,555-0114,Active,2026-05-06,2026-05-29,2026-07-06,,,true,0,B11516,,Company DEFFB02D,,,,
Project 16AF7942,,CA,ONTARIO,,Person 4205D25C,,Active,2026-02-27,2026-05-29,,,,true,0,B11636,29,Company DEFFB02D,,,,
Project BF3F1F70,1283 Example St,CA,LA VERNE,91750,,,Archived,,,,,,false,,,,,,,,
Project B596C6F6,3211 Example St,CA,Whittier,,,,Archived,,,,,,false,,,,,,,,
Project 7991BDCC,8050 Example St,CA,WHITTIER,90601,Person E39619CC,555-0114,Won,2026-02-20,2026-03-09,,,,true,990000,B11574,,,,,,
Project 4717935C,6618 Example St,CA,BEAUMONT,92223,Person 01938A58,555-0175,Active,2025-09-11,2026-01-13,,,,false,1175000,B11525,,,,,,
Project FB9178EF,8050 Example St,CA,WHITTIER,90601,Person 234EC90E,555-0126,Active,2025-10-27,2025-11-20,,,,false,1160000,B11556,,,,,,
Project B67B9422,9042 Example St,CA,Rancho mission viejo,,,,Archived,,,,,,false,,,,,,,,
Project 8AE6ACB5,,CA,San Diego,,Person A7328D5C,555-0191,Active,2026-08-31,2026-09-29,,,,true,,B11770,148,Company DBFBA742,,,,
Project 11A9CDF9,,CA,San Diego,,Person A7328D5C,555-0191,Active,2026-08-31,2026-09-22,,,,true,,B11771,149,Company DBFBA742,,,,
Project 95A49335,5212 Example St,CA,SILVERADO,92676,Person AA3CE186,555-0173,Active,2025-09-04,2025-09-17,,,,false,128000,B11523,,,,,,
Project 2034A3FF,6661 Example St,CA,TUSTIN,92782,Person F9352E35,555-0163,Active,2025-09-11,2025-09-24,,,,false,50000,B11526,,,,,,
Project 0E90423A,788 Example St,CA,Costa Mesa,,,,Archived,,,,,,false,,,,,,,,
Project 72928165,3919 Example St,CA,WINCHESTER,92596,,,Active,,,,,,false,180000,,,,,,,
Project D7E4688D,2448 Example St,CA,Irvine,,,,Archived,,,,,,false,,,,,,,,
Project EDB9C514,3750 Example St,CA,Irvine,,,,Archived,,,,,,false,,,,,,,,
Project 81689F39,4386 Example St,CA,Temecula,,,,Archived,,,,,,false,,,,,,,,
Project D612F285,3919 Example St,CA,WINCHESTER,92596,,,Active,,,,,,false,360000,,,,,,,
Project 54DC389F,,CA,Ontario,,Person 60B3CD82,555-0131,Active,2026-05-29,2026-06-15,2026-07-15,,,true,,B11712,90,Company 662CE371,,,,
Project EB60D606,,CA,Ontario,,,,Active,,,,,,true,,,,,,,,
Project EAAE3CCA,,CA,Ontario,,,,Active,,,,,,true,,,,,,,,
Project 9FBA0012,,CA,Ontario,,Person 60B3CD82,,Active,,,,,,false,525000,,,Company 662CE371,,,,
Project 1C96CAD3,,CA,Ontario,,Person 60B3CD82,,Active,,,,,,false,525000,,,Company 662CE371,,,,
Project A63D119B,3211 Example St,CA,Irvine,,,,Archived,,,,,,false,,,,,,,,
Project 61E81F50,699 Example St,CA,Irvine,,,,Archived,,,,,,false,,,,,,,,
Project 7CCDA83B,,,IRVINE,,,,On Hold,,,,,,true,,,,,,,,
Project F05BA2C4,3473 Example St,CA,Irvine,92620,,,Archived,,,,,,false,,,,,,,,
Project C1153CBF,,CA,Irvine,,,,Won,2026-06-02,,,,,false,252000,B11074,72,Company 0A9DADC5,,,,
Project 550F5943,,CA,Irvine,,,,Won,2026-06-02,,,,,false,150000,B11714,92,,,,,
Project F322D7F6,5329 Example St,CA,Irvine,,,,Archived,,,,,,false,,,,,,,,
Project 1C10B91C,6162 Example St,CA,Irvine,92603,,,Archived,,,,,,false,,,,,,,,
Project 1EEB70B8,401 Example St,CA,LA HABRA,90631,Person 0AF71016,555-0100,Lost,2026-01-31,2026-01-19,,Person 14A093E4,Person C7B217C9,false,195000,B11595,,,,,,
Project EEE9D898,,CA,Fountain Valley,92708,Person 2EFD3FBE,555-0136,Active,2026-09-04,2026-09-17,,,,true,,B11399,151,Company 3983EDC3,,,,
Project 1A73E6B4,837 Example St,CA,Santa Ana,92704,,,Archived,,,,,,false,,,,,,,,
Project 060EAA80,423 Example St,CA,IRVINE,92620,Person AA3CE186,555-0173,Active,2025-04-24,2025-05-13,,,,false,450000,B11467,,,,,,
Project 983ABEC3,6790 Example St,CA,Santa Ana,,,,Archived,,,,,,false,,,,,,,,
Project 35B3B2F8,8093 Example St,CA,ROWLAND HEIGHTS,91748,,,Active,,,,,,true,,,,,,,,
Project 22253DD0,5154 Example St,CA,RANCHO CUCAMONGA,91739,,,Active,,,,,,true,,,,,,,,
Project 14037AF4,5154 Example St,CA,RANCHO CUCAMONGA,91739,,,Active,,,,,,true,,,,,,,,
Project 42DCBD45,5154 Example St,CA,RANCHO CUCAMONGA,91739,,,Active,,,,,,true,,,,,,,,
Project 9C1BC348,5154 Example St,CA,RANCHO CUCAMONGA,91739,,,Active,,,,,,true,,,,,,,,
Project 7F5E8759,,CA,RANCHO CUCAMONGA,91739,,,Active,,,,,,false,375000,,,,,,,
Project 72072C49,,CA,Rancho Mission Viejo,,Person CA80526D,555-0130,Active,2025-12-12,2026-01-21,,,,false,1700000,B11588,,,,,,
Project 555DFBEC,,CA,Irvine,92618,Person CDED2A2C,555-0126,Active,2026-06-11,2026-06-25,,,,false,795000,B11721,99,Company C1B120E5,,,,
Project 8F7D1A8A,3356 Example St,CA,San Clemente,,Person AC0397B7,555-0114,Active,,,,,,true,,,,,,,,
Project 355047E6,7731 Example St,CA,Riverside,92504,Person 6780F40B,555-0189,Won,2026-01-12,2026-01-12,,Person E39619CC,Person E39619CC,false,10000,B11601,,,,,,
Project BDE64FA3,,CA,ALISO VIEJO,,Person 0AF71016,555-0138,Active,2026-08-17,2026-08-24,,,Person B1D0E4F4,true,,B11761,139,,,,,
Project D02D13DC,,,HIGHLAND,,Person 2BB561D7,555-0131,On Hold,,,,,,true,,,,,,,,
Project 801E8F11,1593 Example St,CA,Rancho Mission Viejo,,,,Archived,,,,,,false,,,,,,,,
Project B6454A55,6730 Example St,CA,ROLLING HILLS ESTATES,90274,,555-0149,Active,2025-11-19,2025-11-26,,,,false,68000,B11575,,,,,,
Project C1EBF144,1560 Example St,CA,Chino Hills,91709,,,Active,,,,,,true,,,,,,,,
Project 942AAB11,1560 Example St,CA,Chino Hills,91709,,,Active,,,,,,true,,,,,,,,
Project AD2E80E8,1560 Example St,CA,Chino Hills,91709,,,Active,,,,,,true,,,,,,,,
Project 0583105E,1560 Example St,CA,Chino Hills,91709,,,Active,,,,,,true,,,,,,,,
Project 05802A1A,1560 Example St,CA,Chino Hills,91709,,,Active,,,,,,true,,,,,,,,
Project 5AC2A045,4135 Example St,CA,Chino Hills,91709,,,Active,,,,,,true,,,,,,,,
Project 23DF41F2,1560 Example St,CA,Chino Hills,91709,,,Active,,,,,,true,,,,,,,,
Project 5B69F7D5,1560 Example St,CA,Chino Hills,91709,,,Active,,,,,,true,,,,,,,,
Project A28C6843,1560 Example St,CA,Chino Hills,91709,,,Active,,,,,,true,,,,,,,,
Project 65B75940,1560 Example St,CA,Chino Hills,91709,,,Active,,,,,,true,,,,,,,,
Project BDADBA5C,1560 Example St,CA,Chino Hills,91709,,,Active,,,,,,true,,,,,,,,
Project 9D12EA75,1560 Example St,CA,Chino Hills,91709,,,Active,,,,,,true,,,,,,,,
Project 9C7E7E0E,1560 Example St,CA,Chino Hills,91709,,,Active,,,,,,true,,,,,,,,
Project 5A35544F,1560 Example St,CA,Chino Hills,91709,,,Active,,,,,,true,,,,,,,,
Project D14BE166,1560 Example St,CA,Chino Hills,91709,,,Active,,,,,,true,,,,,,,,
Project A7E19595,1560 Example St,CA,Chino Hills,91709,,,Active,,,,,,true,,,,,,,,
Project 620A1F19,,CA,IRVINE,,Person A7A4465A,555-0166,Active,2025-09-22,2025-09-25,,,,false,300000,B11534,,,,,,
Project CF583D57,451 Example St,CA,Lake Forest,,,,Archived,,,,,,false,,,,,,,,
Project B22DAE03,5671 Example St,CA,Ontario,,,,Archived,,,,,,false,,,,,,,,
Project 460387D6,9047 Example St,CA,Ontario,,,,Archived,,,,,,false,,,,,,,,
Project EB9E2F60,8990 Example St,CA,Ontario,,,,Archived,,,,,,false,,,,,,,,
Project D305807D,,CA,PASADENA,,Person 9A0FC5C0,,Active,2026-04-21,2026-05-04,,,,true,,B11679,64,Company 048F4574,,,,
Project B3199AD3,,CA,EL MONTE,92806,Person C03CB0F1,,Active,,,,,,false,1478540,B11465,,Company 4615C25B,,,,
Project 714AE7E2,6820 Example St,CA,Huntington Beach,92646,,,Archived,,,,,,false,,,,,,,,
Project 111FBD66,,CA,IRVINE,92620,Person 4205D25C,555-0114,Active,2026-08-20,2026-09-04,,,,true,,B11763,141,Company DEFFB02D,,,,
Project A4A9EA9F,7194 Example St,CA,POMONA,91766,Person B63958A9,555-0124,Won,2025-10-13,2025-10-23,,,,false,265000,B11545,,,,,,
Project 5A05F2E7,,CA,POMONA,,Person B63958A9,555-0124,Won,2026-04-06,2026-04-07,,,,true,100000,B11666,55,Company D640F50A,,,,
Project 2B0BC57E,2571 Example St,CA,Irvine,,,,Archived,,,,,,false,,,,,,,,
Project 7DEEF8CE,159 Example St,CA,Irvine,,,,Archived,,,,,,false,,,,,,,,
Project 2E785C48,,CA,IRVINE,,Person 92A3420D,555-0156,Won,,,,,,false,250000,B11377,,,,,,
Project D56CE5DB,,CA,Irvine,92649,,,On Hold,,,,,,true,,,,,,,,
Project 4BF082F5,9061 Example St,CA,LA HABRA,90631,,,Active,2025-10-02,2025-10-03,,,,false,129800,B11541,,,,,,
Project BFB87FB8,4690 Example St,CA,Irvine,92618,,,Archived,,,,,,false,,,,,,,,
Project 1A87FA09,8779 Example St,CA,Irvine,92618,,,Archived,,,,,,false,,,,,,,,
Project 671FF2A7,1648 Example St,CA,Irvine,,,,Archived,,,,,,false,,,,,,,,
Project F1F7B67F,6647 Example St,CA,Portola Hills,92679,,,Archived,,,,,,false,,,,,,,,
Project D00B12C5,6647 Example St,CA,Portola Hills,92679,,,Active,,,,,,true,,,,,,,,
Project D7990EA4,1959 Example St,CA,Lake Forest,,,,Archived,,,,,,false,,,,,,,,
Project 36A51447,,CA,Lake Forest,,Person A5F7727A,555-0158,Won,2026-05-13,2026-05-14,2026-06-24,Person D324EFAD,,false,236115,B11702,80,Company 6DD1E637,,,,
Project 7109DCF2,3801 Example St,CA,Lake Forest,,,,Won,,,,,,false,135000,,,,,,,
Project F7F7D57E,3614 Example St,CA,Irvine,,,,Archived,,,,,,false,,,,,,,,
Project 74C48EA5,,CA,Irvine,,,,Archived,,,,,,false,,,,,,,,
Project D8471F3C,7703 Example St,CA,Lake Forest,,,,Archived,,,,,,false,,,,,,,,
Project 542749C2,,CA,Los Alamitos,90720,Person 32A3159D,555-0180,Active,2026-09-04,2026-09-11,,,,true,,B11774,153,Company E83FB205,,,,
Project AB29E2BA,,CA,RANCHO MISSION VIEJO,,,,Active,,,,,,true,,,,,,,,
Project CCBEAB7C,,CA,RANCHO MISSION VIEJO,,,,Active,,,,,,true,,,,,,,,
Project 15746FF1,,CA,RANCHO MISSION VIEJO,,,,Lost,,,,,,false,500000,,,,,,,
Project D9FF495C,,CA,RANCHO MISSION VIEJO,,,,Active,,,,,,true,,,,,,,,
Project 495E69C2,,CA,RANCHO MISSION VIEJO,,,,Lost,,,,,,false,600000,,,,,,,
Project 29F69845,2859 Example St,CA,BEAUMONT,,,,Active,,,,,,true,,,,,,,,
Project 98FD010C,,CA,Glendale,91201,Person 1B7BB254,555-0176,Lost,2026-07-13,2026-07-28,,,,false,10,B11743,121,Company 19C7772C,,,,
Project B07238F7,,CA,MENIFEE,,,,Active,2026-04-03,2026-04-20,,,,true,0,b11664,,,,,,
Project F9D81C7C,3043 Example St,CA,CITY OF MENIFEE,92584,Person A74329BB,555-0131,On Hold,2025-06-12,2025-06-20,,,,false,10,B11483,,,,,,
Project 0CEEC628,,CA,MENIFEE,,Person A74329BB,555-0131,Active,2026-04-03,2026-04-20,,,,true,,B11664,54,Company 59A4C4D6,,,,
Project 0A9ACB3C,911 Example St,CA,Rowland Heights,,,,Archived,,,,,,false,,,,,,,,
Project C6E13F9A,8093 Example St,CA,ROWLAND HEIGHTS,91748,Person 65F44C08,555-0127,Active,2025-10-27,2025-11-03,,,,false,75000,B11554,,,,,,
Project 11956DCF,1777 Example St,CA,West Covina,91790,,,Archived,,,,,,false,,,,,,,,
Project CA00107A,,CA,MONTCLAIR,,Person F8532EA8,555-0174,Active,2025-12-12,2025-12-23,,,,false,165000,B11587,,,,,,
Project F9919FC9,6717 Example St,CA,LOS ANGELES,90045,,,Active,2026-06-10,2026-06-19,,,,true,,,,Company DEFFB02D,,,,
Project 8B2D00C2,,,LOS ANGELES,,Person 4205D25C,555-0159,On Hold,,,,,,true,,,,,,,,
Project C3A94A16,,,,,,,On Hold,,,,,,true,,,,,,,,
Project 81805BE3,4100 Example St,CA,Irvine,,,,Archived,,,,,,false,,,,,,,,
Project 31816EF8,1128 Example St,CA,Irvine,,,,Archived,,,,,,false,,,,,,,,
Project AB9FD950,5310 Example St,CA,SANTA ANA,92705,,,Active,2025-04-04,2025-05-13,,,,false,125000,B11458,,,,,,
Project C47634EC,1887 Example St,CA,SANTA ANA,92705,,,Active,,,,,,true,,,,,,,,
Project BA198364,,CA,ALTADENA,91001,,,Active,,,,,,true,,,,,,,,
Project B8334B74,604 Example St,CA,LOS ANGELES,90045,,,Active,2025-08-01,2025-10-09,,,,false,215000,b11507,,,,,,
Project 323967C9,8436 Example St,CA,Laguna Beach,,,,Archived,,,,,,false,,,,,,,,
Project C875D001,,CA,FOUNTAIN VALLEY,,Person F8532EA8,555-0174,Lost,2026-05-11,2026-05-14,,,,false,10,B11688,78,Company C11305B2,,,,
Project C2F42875,,CA,ONTARIO,,,,Lost,2026-02-19,,,,,true,50000,B11624,15,,,,,
Project F42C8B5D,,CA,ONTARIO,,,,Lost,,,,,,true,500000,,,,,,,
Project 01A22F2F,8774 Example St,CA,IRVINE,92618,Person CE951DF7,555-0184,Active,2025-08-01,2025-08-27,,,,true,,,,,,,,
Project 824E05B6,8774 Example St,CA,IRVINE,92618,,,Active,,,,,,true,,,,,,,,
Project 280AF2D0,,CA,IRVINE,92618,,,Active,,,,,,true,,,,,,,,
Project F3BAA392,3600 Example St,CA,IRVINE,92618,,,Won,,,,,,false,930000,B11512,,,,,,
Project AB0B9D6D,,CA,IRVINE,92618,,,Active,,,,,,true,,,,,,,,
Project D7C1B027,2626 Example St,CA,RIALTO,92376,Person 5BBC4F96,555-0150,Active,,,,,,false,,,,,,,,
Project 829B8A01,2626 Example St,CA,RIALTO,92376,,,Active,,,,,,true,,,,,,,,
Project 9E2726A4,,CA,CARSON,,,,Active,2026-02-19,2026-02-25,,,,false,250400,B11625,17,,,,,
Project 1EF3EE85,,CA,Long Beach,,Person 32A3159D,555-0180,Active,2026-07-09,2026-07-24,,,,false,475000,B11741,119,Company 7BDB935E,,,,
Project D851DBF7,,CA,LOS ANGELES,90034,,,Active,2026-06-08,2026-06-09,,,,false,380000,B11720,98,,,,,
Project 5C2A1243,6606 Example St,CA,FULLERTON,92831,Person AA3CE186,555-0173,Active,2026-04-24,2026-05-15,2026-07-29,,,false,130000,B11571,,Company 5443738F,,,,
Project 932F6859,124 Example St,CA,Azusa,,,,Archived,,,,,,false,,,,,,,,
Project 00E5C772,7961 Example St,CA,Whittier,90601,,,Archived,,,,,,false,,,,,,,,
Project 39F41818,,CA,Valencia,,,,Archived,,,,,,false,,,,,,,,
Project C8A0F3B2,2118 Example St,CA,GARDEN GROVE,92840,Person 7B031342,555-0100,Active,,,,,,true,,,,,,,,
Project 81F96F45,3305 Example St,CA,Anaheim,92840,Person 7B031342,555-0183,On Hold,,,,,,true,,,,,,,,
Project 5B3F5349,7511 Example St,CA,IRVINE,92618,Person B77F6DCA,555-0130,Won,2025-06-17,2025-06-27,,,,false,250000,B11486,,,,,,
Project 29A2E3D6,3533 Example St,CA,IRVINE,,Person CD5F428F,555-0125,Lost,2025-09-23,2025-10-10,,,,false,110000,B11536,,,,,,
Project AE94D8FD,7987 Example St,CA,LOS ANGELES,,Person FAE2F025,555-0173,Active,2026-02-25,2026-03-06,,,,false,35000,B11633,26,Company 5443738F,,,,
Project 26781341,,CA,ALTADENA,91001,,,Active,,,,,,true,,,,,,,,
Project A71FE50D,,CA,IRVINE,,Person 4205D25C,,Active,2026-02-27,2026-03-20,,,,false,268550,B11637,30,Company DEFFB02D,,,,
Project 1C99B9C4,,CA,CORONA,,,,Active,,,,,,true,,,,,,,,
Project AE4335C2,,CA,RIVERSIDE,,,,Active,,,,,,true,,,,,,,,
Project 8491E971,,CA,RIVERSIDE,,,,Active,,,,,,true,,,,,,,,
Project A8C49111,,CA,RIVERSIDE,,,,Active,,,,,,true,,,,,,,,
Project B9CC21CD,,CA,RIVERSIDE,,,,Active,,,,,,true,,,,,,,,
Project C14E48F6,,CA,CORONA,,,,Active,,,,,,true,,,,,,,,
Project D725B8B6,,CA,CORONA,,,,Active,,,,,,true,,,,,,,,
Project 5C7E4CE4,,CA,CORONA,,,,Active,2025-11-11,2025-12-12,,,,false,2780000,B11565,,,,,,
Project B8AB44F0,,CA,RIVERSIDE,,,,Lost,,,,,,false,1905200.6,b11628,,,,,,
Project 305A5C5E,,CA,RIVERSIDE,,Person A7328D5C,555-0191,Active,2026-02-23,2026-03-16,,,,true,,B11628,20,Company DBFBA742,,,,
Project A95AA778,3441 Example St,CA,RIVERSIDE,,Person A7328D5C,555-0152,Won,2026-02-23,,,,,false,2030112.59,B11630,23,Company DBFBA742,,,,
Project AB8C6D85,,CA,RIVERSIDE,,,,Active,,,,,,true,,,,,,,,
Project EC026BA2,,CA,RIVERSIDE,,,,Active,,,,,,true,,,,,,,,
Project 8125F88A,,CA,RIVERSIDE,,,,Active,,,,,,true,,,,,,,,
Project 8188EBF3,,CA,RIVERSIDE,,,,Active,,,,,,true,,,,,,,,
Project 48DDC022,6670 Example St,CA,Trabuco Canyon,,,,Archived,,,,,,false,,,,,,,,
Project F3153208,3946 Example St,CA,Trabuco Canyon,,,,Archived,,,,,,false,,,,,,,,
Project 27A92428,8138 Example St,CA,Silverado Canyon,,,,Archived,,,,,,false,,,,,,,,
Project D6ED9012,829 Example St,CA,Yorba Linda,,,,Archived,,,,,,false,,,,,,,,
Project 4E298C28,829 Example St,CA,Yorba Linda,,,,Archived,,,,,,false,,,,,,,,
Project 9249AB61,4542 Example St,CA,Chino,92626,,,Archived,,,,,,false,,,,,,,,
Project F0C2EB18,3975 Example St,CA,NEWPORT BEACH,92657,Person 24422278,555-0135,Lost,2025-04-04,2025-04-11,,,,false,495000,B11299,,,,,,
Project 47B16807,8190 Example St,CA,Irvine,,,,Archived,,,,,,false,,,,,,,,
Project F18DE27F,1139 Example St,CA,Santa Ana,,,,Archived,,,,,,false,,,,,,,,
Project 875DD25E,,CA,Irvine,92806,,,Active,,,,,,true,,,,,,,,
Project BB92C51A,542 Example St,CA,San Clemente,92705,Person 7A136185,555-0114,Won,2025-10-11,2025-10-11,2025-10-22,,,false,27000,B11398,,,,,,
Project D9F0BBE4,,CA,SAN JUAN CAPISTRANO,,,,Active,,,,,,true,,,,,,,,
Project 51149A01,,CA,SAN JUAN CAPISTRANO,,,,Active,,,,,,false,582000,B11662,,,,,,
Project B7172400,,CA,SAN JUAN CAPISTRANO,,,,Active,,,,,,false,2490000,B11180,,,,,,
Project 126EC1C0,,CA,SANTA ANA,,Person 6D3B5F33,555-0189,Lost,2026-05-04,2026-05-19,2026-08-10,,,false,200000,B11683,73,Company 22EDA38C,,,,
Project 6322090E,2353 Example St,CA,Yorba Linda,92887,,,Active,2026-01-07,2026-01-27,,,,false,115000,B11599,,,,,,
Project 74B84B43,,CA,SANTEE,,Person 94C86E51,555-0167,Active,2026-02-25,2026-03-10,,,,false,569999.97,B11634,27,,,,,
Project 1D591DC5,,CA,RANCHO MISSION VIEJO,,Person B63958A9,555-0124,Lost,2025-03-03,2025-03-18,,,,false,10,B11437,,,,,,
Project 5E5FB8C1,2005 Example St,CA,Corona,,,,On Hold,,,,,,true,,,,,,,,
Project 7842F931,,CA,Corona,,,,On Hold,,,,,,true,,,,,,,,
Project CA0FADC2,1005 Example St,CA,Irvine,,,,Archived,,,,,,false,,,,,,,,
Project CF3625A1,,CA,San Clemente,,Person D8845EAB,,Active,2026-03-09,2026-03-10,2026-03-10,,,false,440000,B11643,35,Company A827A6D9,,,,
Project 5D6204AE,2267 Example St,CA,Hacienda Heights,91745,,,Archived,,,,,,false,,,,,,,,
Project 4CBA55BF,,,LAKE FOREST,,Person 4205D25C,555-0156,On Hold,,,,,,true,,,,,,,,
Project A4EFE421,1560 Example St,CA,Chino Hills,91709,,,Active,,,,,,true,,,,,,,,
Project 5AEE6E30,6046 Example St,CA,Lake Forest,,,,Archived,,,,,,false,,,,,,,,
Project 65AA3E76,8114 Example St,CA,CORONA DEL MAR,92625,Person 9543FC11,555-0129,Active,2025-08-22,2025-09-25,,,,true,,,,,,,,
Project 20F34F27,8114 Example St,CA,CORONA DEL MAR,92625,,,Active,,,,,,true,,,,,,,,
Project 5C7CC3B9,8114 Example St,CA,CORONA DEL MAR,92625,,,Active,,,,,,true,,,,,,,,
Project 23FB9CD9,8114 Example St,CA,CORONA DEL MAR,92625,,,Active,,,,,,true,,,,,,,,
Project 98226665,8114 Example St,CA,CORONA DEL MAR,92625,,,Lost,,,,,,false,325000,B11520,,,,,,
Project B1CE5DBA,8114 Example St,CA,CORONA DEL MAR,92625,,,Active,,,,,,true,,,,,,,,
Project 89585808,8114 Example St,CA,CORONA DEL MAR,92625,,,Active,,,,,,true,,,,,,,,
Project 4E55F7D9,8114 Example St,CA,CORONA DEL MAR,92625,,,Active,,,,,,true,,,,,,,,
Project 9AE81B51,5354 Example St,CA,Huntington Beach,,,,Archived,,,,,,false,,,,,,,,
Project 44AF7E35,4770 Example St,CA,Valencia,,,,Archived,,,,,,false,,,,,,,,
Project BFA6FD08,268 Example St,CA,ORANGE,92868,,,Active,,,,,,true,,,,,,,,
Project D07911A2,268 Example St,CA,ORANGE,92868,,,Active,,,,,,true,,,,,,,,
Project 4B7D796C,268 Example St,CA,ORANGE,92868,,,Lost,2025-03-17,2025-04-11,,,,false,10,B11445,,,,,,
Project 54EC4A37,,CA,TEMECULA,92590,Person A413CB71,555-0131,Active,2026-05-05,2026-05-18,2026-06-10,Person 3BA5A8D6,Person B1D0E4F4,false,330000,B11603,1,Company 04496F34,,,,
Project 6ECEF60C,5758 Example St,CA,Irvine,,,,Archived,,,,,,false,,,,,,,,
Project 6E818469,5988 Example St,CA,Irvine,92630,,,On Hold,,,,,,true,,,,,,,,
Project 4A336B1E,,CA,IRVINE,,Person 01046DC0,555-0129,Active,2025-07-01,2026-11-11,,,,true,,B11497,,Company 3754F439,,,,
Project 69AEC071,5988 Example St,CA,Irvine,92630,,,Archived,,,,,,false,,,,,,,,
Project C19273AA,7179 Example St,CA,Rancho Santa Margarita,,,,Archived,,,,,,false,,,,,,,,
Project 440E7962,7961 Example St,CA,Whittier,,,,Archived,,,,,,false,,,,,,,,
Project 3CAA5BB7,4461 Example St,CA,MONTEBELLO,,Person 36A4E644,555-0125,Lost,2025-03-27,2025-03-31,,,,false,865000,B11446,,,,,,
Project C7CCFE68,,CA,San Jacinto,,Person B1C4005F,555-0180,Active,2026-06-18,2026-07-07,,,,true,,B11729,107,Company F71604E0,,,,
Project 6C4FA63A,,CA,Yorba Linda,,Person AA792EB8,555-0130,Active,2026-09-03,2026-09-18,,,,false,300000,B11757,135,Company 174C22B7,,,,
Project 267EE6CB,,CA,RANCHO MISSION VIEJO,,Person BD6A7C06,555-0191,Active,2026-07-07,2026-08-31,2026-11-02,,,true,,B11738,116,Company 02D3DCB2,,,,
Project 3AE9F517,,CA,RANCHO MISSION VIEJO,,,,Active,,2026-08-31,,,,true,,,,,,,,
Project 22C158CE,,CA,RANCHO MISSION VIEJO,,Person BD6A7C06,,Active,,2026-08-31,,,,true,,,,Company 174A08C5,,,,
Project BDF94AFE,,CA,RANCHO MISSION VIEJO,,,,Active,,2026-08-31,,,,true,,,,,,,,
Project 72C7BA0C,,CA,RANCHO MISSION VIEJO,,,,Active,,2026-08-31,,,,true,,,,,,,,
Project 827BFCAA,1948 Example St,CA,Anaheim,,,,Archived,,,,,,false,,,,,,,,
Project B2AC271F,8919 Example St,CA,Temecula,,,,Archived,,,,,,false,,,,,,,,
Project 2F02F3A4,7618 Example St,CA,SOUTH GATE,90280,Person 6D3B5F33,555-0189,Active,2026-05-06,2026-05-29,2026-09-07,Person EF0CE463,Person B1D0E4F4,false,385000,B11685,75,Company 22EDA38C,,2026-01-26,2026-01-16,
Project 02A99E9F,1136 Example St,CA,Riverside,,,,Archived,,,,,,false,,,,,,,,
Project 5116DAD9,2535 Example St,CA,Riverside,,,,Archived,,,,,,false,,,,,,,,
Project 62CEA52F,8465 Example St,CA,Riverside,,,,Archived,,,,,,false,,,,,,,,
Project E7775AAA,916 Example St,CA,Riverside,,,,Archived,,,,,,false,,,,,,,,
Project 6DECDFCB,916 Example St,CA,Riverside,,,,Archived,,,,,,false,,,,,,,,
Project FA7456AF,234 Example St,CA,Inglewood,,,,Archived,,,,,,false,,,,,,,,
Project 1568F6B2,234 Example St,CA,Inglewood,,,,Archived,,,,,,false,,,,,,,,
Project F512E0CF,445 Example St,CA,Irvine,92649,Person 13667C65,555-0160,On Hold,,,,,,true,,,,,,,,
Project 7C680AB5,3296 Example St,CA,SEAL BEACH,90740,Person 9543FC11,555-0138,Active,2025-09-02,2025-09-17,,,,false,95000,B11521,,,,,,
Project E3D1A46F,3734 Example St,CA,Santa Clarita,,,,Archived,,,,,,false,,,,,,,,
Project 7DEFAA9B,3948 Example St,CA,El Monte,91733,,,Archived,,,,,,false,,,,,,,,
Project 0EF33996,2434 Example St,CA,Tustin,,,,Archived,,,,,,false,,,,,,,,
Project 7EB87DF8,1076 Example St,CA,Whittier,,,,Archived,,,,,,false,,,,,,,,
Project 87ADE04D,5113 Example St,CA,SAN Clemente,,,,Archived,,,,,,false,,,,,,,,
Project 768502E8,,CA,SOUTH GATE,,Person 499252D9,555-0178,Active,2026-02-17,2026-03-13,,,,false,140100,B11621,38,Company BC7D2E4E,,,,
Project 76FBB1FE,4136 Example St,CA,Costa Mesa,,,,Archived,,,,,,false,,,,,,,,
Project 373344C6,,CA,Santa Ana,,Person AA3CE186,555-0127,Active,2026-09-04,2026-09-14,,,,true,,B11777,156,Company 5443738F,,,,
Project 548D3A3E,6657 Example St,CA,Orange,,,,Archived,,,,,,false,,,,,,,,
Project F0DAD101,8593 Example St,CA,Placentia,,,,Archived,,,,,,false,,,,,,,,
Project 53618657,224 Example St,CA,Rowland Heights,91748,,,Archived,,,,,,false,,,,,,,,
Project CABBBDB1,2858 Example St,CA,Altadena,,,,Archived,,,,,,false,,,,,,,,
Project A90B678C,,,RANCHO MISSION VIEJO,,,,Active,,,,,,true,,,,,,,,
Project 03188415,,,RANCHO MISSION VIEJO,,,,Active,,,,,,true,,,,,,,,
Project C8569C63,7436 Example St,CA,Mission Viejo,92694,,,Archived,,,,,,false,,,,,,,,
Project 52EB3C9C,,,RANCHO MISSION VIEJO,,,,Active,,,,,,true,,,,,,,,
Project F1203886,6839 Example St,CA,Irvine,,,,Archived,,,,,,false,,,,,,,,
Project E86AD3AD,8242 Example St,CA,Irvine,,,,Archived,,,,,,false,,,,,,,,
Project 4D72AB85,,CA,Irvine,92782,Person BEB24B21,555-0115,Active,2026-05-14,2026-05-28,2026-05-31,Person CC61E723,Person CC61E723,false,245000,B11705,83,Company D3C61C2E,2026-01-16,2026-01-16,2026-01-16,
Project D08CAAB0,5601 Example St,CA,Rowland Heights,,,,Archived,,,,,,false,,,,,,,,
Project 020B98A7,1343 Example St,CA,CHINO,,,,Archived,,,,,,false,,,,,,,,
Project 51477F32,5709 Example St,CA,PLACENTIA,,Person B004F406,555-0133,Active,2025-09-22,2025-10-09,,,,true,,,,,,,,
Project 185D1D03,7250 Example St,CA,PLACENTIA,,,,Active,,,,,,true,,,,,,,,
Project EC9D6B03,5709 Example St,CA,PLACENTIA,,,,Active,,,,,,false,715000,B11533,,,,,,
Project 3DCCA74F,8438 Example St,CA,LONG BEACH,90808,Person 1B7BB254,555-0176,Lost,2025-05-01,2025-05-27,,,,false,10,B11404,,,,,,
Project 3B3D0772,8154 Example St,CA,ONTARIO,91762,,,Active,,,,,,true,,,,,,,,
Project 6C31D4BF,8154 Example St,CA,ONTARIO,91762,,,Active,,,,,,true,,,,,,,,
Project CD0889B2,8154 Example St,CA,ONTARIO,91762,Person C5DF9BE5,555-0131,Active,2025-05-23,2025-06-12,,,,true,,,,,,,,
Project F551FA99,6504 Example St,CA,Orange,,,,Archived,,,,,,false,,,,,,,,
Project 26004BF2,3151 Example St,CA,West Covina,91790,,,Archived,,,,,,false,,,,,,,,
Project C9317EA4,6839 Example St,CA,IRVINE,,Person F115AA5E,555-0114,Won,2026-06-13,2026-06-13,2026-06-15,,,false,100000,B11723,101,Company DEFFB02D,,,,
Project 8031B134,4304 Example St,CA,IRVINE,,,,Won,,,,,,false,100000,,,,,,,
Project 4097724F,5994 Example St,CA,Whittier,90601,,,Archived,,,,,,false,,,,,,,,
Project 96899546,8208 Example St,CA,Dana Point,,,,Archived,,,,,,false,,,,,,,,
Project A37D9CD3,3520 Example St,CA,RIVERSIDE,92505,,,Active,,,,,,true,,,,,,,,
Project F8235CCE,3520 Example St,CA,RIVERSIDE,92505,Person 42702E0A,555-0172,Active,2026-01-28,,,,Person 83646F77,false,78897,b11602,3,Company F8D78650,,,,
Project A086F891,8773 Example St,CA,RANCHO MIRAGE,92270,Person 8A3BA3F2,555-0160,Won,2026-03-02,2026-03-03,2026-04-15,,,true,600000,B11639,31,Company 6B4DFDAD,,,,
Project A086F891,8773 Example St,CA,RANCHO MIRAGE,92270,,,Active,,,,,,true,,,,,,,,
Project 4F9B6F3F,2920 Example St,CA,Huntington Beach,92649,Person 13667C65,555-0160,On Hold,,,,,,true,,,,,,,,
Project 074A7B2D,6901 Example St,CA,Irvine,,,,Archived,,,,,,false,,,,,,,,
Project FC4E6A82,2920 Example St,CA,Compton,,Person 73F0A197,555-0160,Active,2025-08-13,2025-08-13,2025-08-14,,,true,,B10011,,,,,,
Project F9CBDD7C,2920 Example St,CA,Huntington Beach,92649,Person 73F0A197,555-0160,On Hold,,,,,,true,,,,,,,,
Project 6285DCF3,7996 Example St,CA,Costa Mesa,,,,Archived,,,,,,false,,,,,,,,
Project CE77CA0C,,,,,Person BE4D0CB5,555-0132,On Hold,,,,,,true,,,,,,,,
Project 614A39DB,7541 Example St,CA,RANCHO CUCAMONGA,91737,Person 3C1F8BF5,555-0179,Active,2025-10-14,2025-10-29,,,,false,130000,11547,,,,,,
Project A817F102,7448 Example St,CA,LAGUNA NIGUEL,92677,Person B4A0851F,555-0159,Active,2025-10-09,2025-10-17,,,,false,226722,B11544,,,,,,
Project B1A3961C,2181 Example St,CA,Fountain Valley,92708,,,Archived,,,,,,false,,,,,,,,
Project AEE67C18,6802 Example St,CA,Fountain Valley,92708,,,Archived,,,,,,false,,,,,,,,
Project 6F765920,2181 Example St,CA,Fountain Valley,,,,Archived,,,,,,false,,,,,,,,
Project C06EA087,,CA,RIVERSIDE,,Person 5F7E8FF1,555-0180,Active,2026-08-28,2026-09-18,2026-12-18,,Person 3949DEC6,true,2620000,B11769,147,Company 78153655,2026-07-30,,2026-07-30,
Project 1906EA7D,3037 Example St,CA,San Juan Capistrano,,,,Archived,,,,,,false,,,,,,,,
Project 81EB7723,,CA,GARDEN GROVE,,Person 2699B763,555-0166,Lost,2025-06-18,2025-06-19,,,,false,350000,B11488,,,,,,
Project BB6770F1,411 Example St,CA,NORCO,92860,Person 86DE965F,555-0114,Active,,,,,,false,,,,,,,,
Project 8A37D77E,7035 Example St,CA,EASTVALE,,,,Lost,2025-04-09,2025-04-25,,,,false,10,B11460,,,,,,
Project 4E3B156F,,CA,Moreno Valley,,Person B79AE213,555-0122,Lost,2026-08-17,2026-08-31,,,,false,955000,B11762,140,Company 0FD8AE3F,,,,
Project 93E41A95,,CA,CHINO,91708,Person 7742FEE1,555-0121,Active,2025-09-17,2025-10-15,,,,true,,,,,,,,
Project 7747D0D9,4411 Example St,CA,CHINO,91708,,,Won,,,,,,false,2500000,B11529,,,,,,
Project 9CD29247,,CA,CHINO,91708,Person F58C3841,555-0112,Active,,,,,,true,,,,,,,,
Project 92C57B4E,8841 Example St,CA,CHINO,,,,Active,,,,,,true,,,,,,,,
Project F78EEF67,,CA,CHINO,91708,,,Active,,,,,,true,,,,,,,,
Project 8D1BBA71,8841 Example St,CA,CHINO,91001,,,Active,,,,,,true,,,,,,,,
Project 4A969408,,CA,CHINO,,,,Active,,,,,,true,,,,,,,,
Project FCD952F3,,CA,CHINO,91708,,,Active,,,,,,true,,,,,,,,
Project AE4765F0,,CA,CHINO,91708,,,Lost,2025-09-17,2025-10-15,,,,false,2600000,B11530,,,,,,
Project 96A44D10,8841 Example St,CA,CHINO,,,,Active,,,,,,true,,,,,,,,
Project 8E7FDD59,8841 Example St,CA,CHINO,,,,Active,,,,,,true,,,,,,,,
Project D5316370,8043 Example St,CA,Whittier,,,,Archived,,,,,,false,,,,,,,,
Project 97337EE4,,CA,FULLERTON,,,,Won,,,,,,true,50000,,,,,,,
Project 03B327B4,2522 Example St,CA,Fullerton,,,,Archived,,,,,,false,,,,,,,,
Project C9D361B6,445 Example St,CA,FULLERTON,,,,On Hold,,,,,,true,,,,,,,,
Project 2B1A463C,,CA,FULLERTON,,,,Won,2025-03-05,2025-03-28,,,,false,1400000,B11438,,,,,,
Project 21525112,,CA,PASADENA,,,,Active,2026-04-23,2026-04-28,,,,true,,B11667,68,,,,,
Project 4E08BF0F,,CA,PALM SPRINGS,,Person 6407D64B,555-0128,Active,2026-03-18,2026-04-03,,,,true,,B11653,46,Company 88F30DA4,,,,
Project 06D033A5,2296 Example St,CA,PALM SPRINGS,92262,,,Active,,,,,,false,863371,b11653,,,,,,
Project 88A70FA2,,CA,NORWALK,,Person D8845EAB,555-0155,Active,2026-07-23,2026-08-03,,,,true,,B11745,123,Company A827A6D9,,,,
Project 6A566C20,5043 Example St,CA,CYPRESS,90630,Person 7B031342,555-0189,Won,2025-05-08,2025-05-22,,,,false,250000,B11475,,,,,,
Project 43185E5C,,CA,ALTADENA,91001,,,Active,,,,,,true,,,,,,,,
Project C3010AD3,,CA,Irvine,,,,Archived,,,,,,false,,,,,,,,
Project FE875688,6575 Example St,CA,orange,,Person 1577DF21,555-0151,Active,2025-10-28,2025-11-01,,,,true,,,,,,,,
Project 5AFA71F3,,CA,chino,,Person F204126A,555-0166,Active,2026-08-26,2026-09-09,2026-12-19,,,true,,B11713,91,Company 5295DA80,,,,
Project EE5FD40F,,CA,chino,,Person C78F77E5,,Active,,2026-08-03,,,,true,,,,Company 759275BB,,,,
Project EEE44A13,,CA,chino,,,,Active,,,,,,true,,,,,,,,
Project A20B223B,,CA,CHINO,,Person 024F4D42,555-0166,Lost,2026-04-29,2026-05-11,,,,false,10,B11682,70,Company C8618253,,,,
Project B73355CB,,CA,chino,,,,Active,,,,,,true,,,,,,,,
Project 2ADE31F6,,CA,CHINO,91710,,,Active,,,,,,false,342400,B11619,,,,,,
Project F057F2F4,,CA,Duarte,91010,Person C4EA43D0,555-0166,Active,2026-05-27,2026-06-24,2026-08-01,,,true,,B11710,88,Company 55420796,,,,
Project FEE9A9CA,,CA,Duarte,91010,,,Active,,,,,,false,900000,,,,,,,
Project 159FFEEB,,CA,Duarte,91010,,,Active,,,,,,false,75000,,,,,,,
Project 1CFD9949,,CA,RIVERSIDE,,Person A7A4465A,555-0166,Active,2026-04-17,2026-05-15,2026-08-10,,,false,1354473,B11677,62,Company 55420796,,,,
Project 87E5E5C0,,CA,EASTVALE,92880,Person A7A4465A,555-0166,Active,2026-02-04,2026-02-13,,Person 3E33F70C,Person B1D0E4F4,false,1388550,B11615,10,Company 41C7ECAD,,,,
Project 6832F30D,,CA,Duarte,91010,,,Active,,,,,,true,,,,,,,,
Project CD9E6C49,,CA,GLENDORA,91741,Person 60F6D26C,,Lost,2026-03-06,2026-03-02,,,,false,,B11642,34,,,2025-08-16,2025-09-16,
Project 37CF66D3,8809 Example St,CA,Buena Park,,,,Won,,,,,,true,100000,,,,,,,
Project E2F3CCB9,,CA,GLENDORA,91741,,,Won,,,,,,true,600000,,,,,,,
Project B0521D63,,CA,GLENDORA,91741,,,Active,,,,,,true,,,,,,,,
Project 9BA5C870,,,FONTANA,,,,Active,,,,,,true,,,,,,,,
Project 80C97AAA,,,FONTANA,,,,Active,,,,,,true,,,,,,,,
Project 5AC8480A,,CA,FONTANA,,,,Active,,,,,,true,,,,,,,,
Project B65F860F,,,FONTANA,,,,Active,,,,,,true,,,,,,,,
Project A5019A24,964 Example St,CA,Fontana,,,,Archived,,,,,,false,,,,,,,,
Project B498C90D,,CA,FONTANA,,,,Won,,,,,,false,1790000,B11442,,,,,,
Project 80BF4E74,,CA,CORONA,,,,Active,,,,,,true,,,,,,,,
Project 4A9F88F2,,CA,CORONA,,Person B79AE213,555-0189,Active,2025-04-30,2025-05-30,,,,true,,,,,,,,
Project 673CA0A3,,CA,CORONA,,,,Lost,2025-04-30,2025-05-30,,,,false,625000,B11469,,,,,,
Project 92269E41,7927 Example St,CA,Menifee,,,,Archived,,,,,,false,,,,,,,,
Project 03CF988C,,CA,MORENO VALLEY,,Person 2BEFF10E,555-0189,Active,2026-06-08,2026-07-03,,,,false,,B11687,77,Company 8CF13053,,,,
Project 6F91FFB3,,CA,MORENO VALLEY,,,,Active,,,,,,true,,,,,,,,
Project F583A5A5,,CA,MORENO VALLEY,,Person 2BEFF10E,555-0189,Active,2026-09-08,2026-09-18,,,,true,,B11778,157,,,,,
Project 8D9F46DD,,CA,WINCHESTER,,,,Active,,,,,,false,600000,,,,,,,
Project E61E7F76,,CA,WINCHESTER,,,,Active,,,,,,false,550000,,,,,,,
Project 835A8AB2,,CA,WINCHESTER,,Person 2BEFF10E,555-0189,Active,2025-12-10,2025-12-22,,,,false,245000,B11584,,,,,,
Project 74E6346C,2130 Example St,CA,WINCHESTER,,,,Won,,,,,,true,350000,,,,,,,
Project B80E40BC,,CA,WINCHESTER,,Person B79AE213,555-0122,Active,2026-07-23,2026-08-24,,,,true,,B11746,124,Company 0FD8AE3F,,,,
Project 69650E49,,CA,WINCHESTER,,Person B79AE213,,Lost,2026-03-04,2026-05-08,,,,false,529862,B11356,51,Company 0FD8AE3F,,,,
Project 2BAFDAE7,,,,92879,,,On Hold,,,,,,true,,,,,,,,
Project 333A0292,,CA,TUSTIN,,Person 519FFA6C,555-0199,Active,2026-04-13,2026-04-16,,,Person 38C71A0F,false,285000,B11672,58,Company 174C22B7,,,,
Project 31D63372,,CA,GLENDALE,,Person 9D08B74E,555-0197,Active,2026-02-03,2026-03-03,,,,false,900000,B11614,8,Company 6AE737D0,,,,
Project B8FA2DA5,1130 Example St,CA,Glendale,91214,,,Archived,,,,,,false,,,,,,,,
Project 6C38EB49,,CA,Irvine,92617,Person 04DE2889,,Active,2026-08-04,2026-08-31,,,,true,,B11753,131,Company 218DCEA1,,,,
Project E8465B95,,CA,Irvine,92617,,,Active,,,,,,true,,,,,,,,
Project 61925A25,,CA,Irvine,92617,,,Active,,,,,,true,,,,,,,,
Project 2B32BE77,8163 Example St,CA,IRVINE,,,,Active,2025-10-31,2025-11-05,,,,false,345000,B11557,,,,,,
Project D464C55F,1872 Example St,CA,WHITTIER,,Person 7B031342,555-0189,Won,2025-08-06,2025-08-21,,,,false,275000,B11514,,,,,,
Project B75478DA,,CA,Rialto,,Person C5D096AF,555-0127,Active,2026-08-14,,,,,true,,B11755,133,Company A5A021FA,,,,
Project 1D2E955F,4027 Example St,CA,Costa Mesa,,,,Archived,,,,,,false,,,,,,,,
Project 9B472A7F,2083 Example St,CA,Inglewood,90303,,,Archived,,,,,,false,,,,,,,,
Project 13A095FD,4970 Example St,CA,Pico Rivera,,Person C03CB0F1,555-0164,Active,2025-07-15,2025-08-01,,,,false,630000,B11502,,,,,,
Project 2ACF256A,,CA,FONTANA,,Person 34B3ECE7,555-0184,Lost,2026-04-08,2026-07-07,,,,false,162879,B11669,60,Company 4536CE84,,,,
Project A081B386,6387 Example St,CA,LA Verne,,,,Archived,,,,,,false,,,,,,,,
Project 24A6B9BB,7935 Example St,CA,Placentia,,,,Archived,,,,,,false,,,,,,,,
Project EC7248CB,,CA,COSTA MESA,92626,Person B846BE6F,555-0190,Active,2026-08-04,2026-08-12,,,,false,400000,B11751,129,Company 32A37BDE,,,,
Project 6A77A286,,CA,RIVERSIDE,,Person 95651619,555-0183,Lost,2025-02-27,2025-03-14,,,,false,10,B11431,,,,,,
Project B15939E0,4461 Example St,CA,MONTEBELLO,,Person 36A4E644,555-0125,Lost,2025-03-17,2025-03-31,,,,false,10,B11570,,,,,,
Project 50ACE026,4461 Example St,CA,MONTEBELLO,,,,Lost,2025-03-17,2025-04-10,,,,false,10,B11447,,,,,,
Project DB5E663E,4461 Example St,CA,MONTEBELLO,,,,Active,,,,,,true,,,,,,,,
Project 27AF3E4E,,CA,IRVINE,92612,Person 8583E514,,Active,2026-07-09,2026-07-14,,,,true,,B11742,120,Company 44BDBB0E,,,,
Project 984A83BD,,CA,RANCHO CUCAMONGA,91739,,,Active,,,,,,true,,,,,,,,
Project 661E3574,5154 Example St,CA,RANCHO CUCAMONGA,91739,Person CD5F428F,555-0125,Active,2025-04-14,2025-05-02,,,,false,85000,B11463,,,,,,
Project 1D4A2769,,CA,Rancho Cucamonga,,,,Active,,,,,,true,,,,,,,,
Project 6865B221,5154 Example St,CA,RANCHO CUCAMONGA,91739,,,Lost,,,,,,true,,,,,,,,
Project 1105892E,,CA,RANCHO CUCAMONGA,91739,Person CD5F428F,555-0125,Active,2026-03-19,2026-04-02,2026-05-04,,,true,,B11654,47,Company 741C96DD,,,,
Project CFBC998C,,CA,Rancho Cucamonga,,Person CD5F428F,555-0125,Active,2026-03-19,2026-07-10,,,,true,,B11739,117,Company 741C96DD,,,,
Project 40BC3ED0,,CA,Rancho Cucamonga,,,,Active,,,,,,false,300000,,,Company 5A42F7DE,,,,
Project B75A547D,,CA,Rancho Cucamonga,,,,Active,,,,,,true,,,,,,,,
Project FB3D0F80,,CA,Rancho Cucamonga,,,,Active,,,,,,true,,,,,,,,
Project EFF88DE7,5154 Example St,CA,RANCHO CUCAMONGA,91739,Person 92A3420D,555-0125,Active,2026-06-01,2026-06-12,,,,true,119809,b11654,,,,,,
Project 6B5BAFD7,,CA,Rancho Cucamonga,,,,Active,,,,,,true,,,,,,,,
Project D544CC81,,CA,RANCHO CUCAMONGA,91739,Person 92A3420D,555-0125,Active,2026-06-15,2026-06-22,,,,true,,B11726,104,Company 741C96DD,,,,
Project CA81B381,,CA,Rancho Cucamonga,,,,Active,,,,,,true,,,,,,,,
Project 21840D1C,,CA,Rancho Cucamonga,,,,Active,,,,,,true,,,,,,,,
Project 827B821A,,CA,Rancho Cucamonga,,,,Active,,,,,,true,,,,,,,,
Project F2356F93,5154 Example St,CA,RANCHO CUCAMONGA,91739,,,Active,,,,,,true,,,,,,,,
Project 749AA224,5154 Example St,CA,RANCHO CUCAMONGA,91739,,,Active,,,,,,false,300000,,,Company 46D8C231,,,,
Project 1EBCB16D,4967 Example St,CA,Placentia,,,,Archived,,,,,,false,,,,,,,,
Project 21A4D7C8,5890 Example St,CA,LA MIRADA,90637,Person CD5F428F,555-0125,Lost,2025-08-21,2025-09-05,,,,false,215000,B11517,,,,,,
Project B972F0E3,754 Example St,CA,PASADENA,91101,Person 192FCF72,555-0127,Lost,2025-11-11,2025-12-11,,Person 122A2FBC,Person F9DDB69A,false,10,B11568,,,,,,
Project 26960CB1,,CA,PASADENA,,Person 6BB7744F,555-0101,Active,2026-02-20,2026-02-25,,,,true,,B11627,19,Company 6AE737D0,,,,
Project 309AE23A,5319 Example St,CA,LA HABRA,90631,Person F29B2197,555-0111,Lost,2025-05-06,2025-05-16,,,,false,10,B11472,,,,,,
Project 43556579,,CA,LOS ANGELES,90292,,,Active,2025-11-25,2025-12-04,,,,false,575000,B11577,,,,,,
Project 0FA719F7,,CA,TEMECULA,92590,,,Active,2026-05-05,2026-05-18,2026-06-24,,,false,650000,B11605,,,,,,
Project BF2091D6,6463 Example St,CA,EASTVALE,,,,Lost,2025-06-19,2025-07-15,,,,false,10,B11493,,,,,,
Project 4381A207,220 Example St,CA,Montebello,,,,Archived,,,,,,false,,,,,,,,
Project B73C6CE5,3301 Example St,CA,WILDOMAR,92595,Person 13E99EB2,555-0167,Lost,2025-07-03,2025-08-22,,,,false,620000,B11018,,,,,,
Project 93845F5F,,CA,MORENO VALLEY,,Person AC981B87,555-0198,Active,2026-05-11,2026-05-20,,,,true,,B11689,79,Company 72D2A124,,,,
Project 75470574,3442 Example St,CA,IRVINE,92614,,555-0149,Active,2025-11-19,2025-11-21,,,,false,75000,B11573,,,,,,
Project 5DD4AF84,,CA,IRVINE,92620,Person 4205D25C,555-0114,Active,2026-08-20,2026-09-04,,,,true,,B11764,142,Company DEFFB02D,,,,
Project 5B91A277,,CA,IRVINE,,Person 4205D25C,555-0114,Active,2026-03-17,2026-05-07,,,,true,,B11651,44,Company DEFFB02D,,,,
Project 5E9244E5,,CA,IRVINE,92620,Person 4205D25C,555-0114,Active,2026-04-09,2026-04-29,,,,false,123505,B11671,56,Company DEFFB02D,,,,
Project 0D231B74,3750 Example St,CA,Orange,,,,Archived,,,,,,false,,,,,,,,
Project 9A153029,2880 Example St,CA,Santa Ana,,,,Archived,,,,,,false,,,,,,,,
Project 1153B81C,,CA,Yorba Linda,92887,Person FAA3781F,555-0170,Active,2026-06-12,2026-06-17,,,,false,330000,B11722,100,Company 22EDA38C,,,,
