id,proposal_id,type,name,display_order
218,36,section,Section 0,0
238,37,section,Section 0,0
239,37,section,Section 0,0
243,38,section,Section 0,0
276,40,section,Section 0,0
290,39,section,Section 0,0
291,39,section,Section 0,0
292,39,section,Section 0,0
326,43,section,Section 0,0
328,44,section,Section 0,0
340,47,section,Section 0,0
347,52,section,Section 0,0
348,53,section,Section 0,0
374,51,section,Section 0,0
375,49,section,Section 0,0
386,48,section,Section 0,0
387,50,section,Section 0,0
400,64,section,Section 0,0
401,64,section,Section 0,0
402,64,section,Section 0,0
404,65,section,Section 0,0
415,70,section,Section 0,0
417,72,section,Section 0,0
418,71,section,Section 0,0
436,73,section,Section 0,0
438,78,section,Section 0,0
442,66,section,Section 0,0
447,82,section,Section 0,0
449,79,section,Section 0,0
459,81,section,Section 0,0
464,86,section,Section 0,0
465,86,section,Section 0,0
467,87,section,Section 0,0
479,89,section,Section 0,0
486,90,section,Section 0,0
487,90,section,Section 0,0
488,91,section,Section 0,0
489,91,section,Section 0,0
491,88,section,Section 0,0
497,92,section,Section 0,0
498,93,section,Section 0,0
502,94,section,Section 0,0
505,95,section,Section 0,0
508,97,section,Section 0,0
512,99,section,Section 0,0
513,98,section,Section 0,0
516,96,section,Section 0,0
521,100,section,Section 0,0
531,101,section,Section 0,0
532,101,section,Section 1,1
533,101,section,Section 2,2
534,42,section,Section 0,0
539,41,section,Section 0,0
545,103,section,Section 0,0
553,85,section,Section 0,0
565,104,section,Section 0,0
570,107,section,Section 0,0
575,106,section,Section 0,0
577,109,section,Section 0,0
581,102,section,Section 0,0
583,110,section,Section 0,0
587,113,section,Section 0,0
595,108,section,Section 0,0
596,114,section,Section 0,0
631,119,section,Section 0,0
635,117,section,Section 0,0
652,121,section,Section 0,0
657,122,section,Section 0,0
658,120,section,Section 0,0
687,111,section,Section 0,0
688,111,section,Section 1,1
721,118,section,Section 0,0
724,105,section,Section 0,0
725,125,section,Section 0,0
727,126,section,Section 0,0
732,127,section,Section 0,0
733,127,section,Section 1,1
739,128,section,Section 0,0
746,130,section,Section 0,0
756,129,section,Section 0,0
757,133,section,Section 0,0
759,134,section,Section 0,0
767,135,section,Section 0,0
770,136,section,Section 0,0
807,140,section,Section 0,0
808,138,section,Section 0,0
827,141,section,Section 0,0
836,142,section,Section 0,0
839,144,section,Section 0,0
841,145,section,Section 0,0
844,143,section,Section 0,0
847,146,section,Section 0,0
849,147,section,Section 0,0
853,148,section,Section 0,0
876,80,section,Section 0,0
883,149,section,Section 0,0
898,155,section,Section 0,0
904,152,section,Section 0,0
915,154,section,Section 0,0
916,153,section,Section 0,0
917,151,section,Section 0,0
918,156,section,Section 0,0
919,158,section,Section 0,0
921,157,section,Section 0,0
935,162,section,Section 0,0
936,163,section,Section 0,0
940,164,section,Section 0,0
945,167,section,Section 0,0
949,168,section,Section 0,0
952,165,section,Section 0,0
953,84,section,Section 0,0
954,84,section,Section 1,1
956,169,section,Section 0,0
973,170,section,Section 0,0
995,159,section,Section 0,0
996,159,section,Section 1,1
999,45,section,Section 0,0
1000,83,section,Section 0,0
1016,160,section,Section 0,0
1023,172,section,Section 0,0
1024,139,section,Section 0,0
1034,176,section,Section 0,0
1037,175,section,Section 0,0
1040,174,section,Section 0,0
1047,178,section,Section 0,0
1048,178,section,Section 1,1
1050,177,section,Section 0,0
1054,171,section,Section 0,0
1055,69,section,Section 0,0
1056,179,section,Section 0,0
1061,181,section,Section 0,0
1064,182,section,Section 0,0
1070,184,section,Section 0,0
1076,187,section,Section 0,0
1077,185,section,Section 0,0
1080,188,section,Section 0,0
1081,188,section,Section 1,1
1083,137,section,Section 0,0
1084,137,section,Section 1,1
1085,137,section,Section 2,2
1088,191,section,Section 0,0
1089,191,section,Section 1,1
1095,183,section,Section 0,0
1097,186,section,Section 0,0
1102,192,section,Section 0,0
1103,192,section,Section 1,1
1109,194,section,Section 0,0
1110,194,section,Section 1,1
1115,195,section,Section 0,0
1125,196,section,Section 0,0
1128,197,section,Section 0,0
1129,198,section,Section 0,0
1134,200,section,Section 0,0
1136,199,section,Section 0,0
1139,201,section,Section 0,0
1140,201,section,Section 1,1
1145,203,section,Section 0,0
1149,202,section,Section 0,0
1153,180,section,Section 0,0
1158,190,section,Section 0,0
1163,204,section,Section 0,0
1164,204,section,Section 1,1
1176,207,section,Section 0,0
1179,208,section,Section 0,0
1180,209,section,Section 0,0
1181,209,section,Section 0,0
1192,206,section,Section 0,0
1194,211,section,Section 0,0
1198,213,section,Section 0,0
1200,205,section,Section 0,0
1201,210,section,Section 0,0
1208,189,section,Section 0,0
1223,212,section,Section 0,0
1229,218,section,Section 0,0
1230,220,section,Section 0,0
1236,215,section,Section 0,0
1238,216,section,Section 0,0
1242,217,section,Section 0,0
1243,222,section,Section 0,0
1246,46,section,Section 0,0
1248,223,section,Section 0,0
1251,224,section,Section 0,0
1255,225,section,Section 0,0
1256,221,section,Section 0,0
1257,226,section,Section 0,0
1262,227,section,Section 0,0
1268,230,section,Section 0,0
1279,228,section,Section 0,0
1306,214,section,Section 0,0
1307,239,section,Section 0,0
1309,240,section,Section 0,0
1317,241,section,Section 0,0
1319,112,section,Section 0,0
1320,124,section,Section 0,0
1321,124,section,Section 1,1
1329,242,section,Section 0,0
1330,242,section,Section 1,1
1333,243,section,Section 0,0
1336,229,section,Section 0,0
1340,116,section,Section 0,0
1341,245,section,Section 0,0
1342,115,section,Section 0,0
1350,238,section,Section 0,0
1357,247,section,Section 0,0
1358,248,section,Section 0,0
1359,246,section,Section 0,0
1361,249,section,Section 0,0
1369,250,section,Section 0,0
1370,251,section,Section 0,0
1378,244,section,Section 0,0
1387,254,section,Section 0,0
1389,123,section,Section 0,0
1391,256,section,Section 0,0
1401,258,section,Section 0,0
1402,258,section,Section 1,1
1405,259,section,Section 0,0
1409,193,section,Section 0,0
1413,260,section,Section 0,0
1416,253,section,Section 0,0
1417,257,section,Section 0,0
1421,261,section,Section 0,0
1426,262,section,Section 0,0
1435,266,section,Section 0,0
1437,267,section,Section 0,0
1439,268,section,Section 0,0
1442,269,section,Section 0,0
1457,264,section,Section 0,0
1458,265,section,Section 0,0
1460,271,section,Section 0,0
1470,274,section,Section 0,0
1478,237,section,Section 0,0
1480,278,section,Section 0,0
1483,279,section,Section 0,0
1495,281,section,Section 0,0
1503,252,section,Section 0,0
1504,252,section,Section 1,1
1511,280,section,Section 0,0
1512,272,section,Section 0,0
1517,273,section,Section 0,0
1520,286,section,Section 0,0
1523,287,section,Section 0,0
1524,289,section,Section 0,0
1526,290,section,Section 0,0
1527,291,section,Section 0,0
1529,284,section,Section 0,0
1530,284,section,Section 1,1
1531,292,section,Section 0,0
1532,293,section,Section 0,0
1539,285,section,Section 0,0
1540,294,section,Section 0,0
1541,294,section,Section 1,1
1542,282,section,Section 0,0
1543,283,section,Section 0,0
1545,277,section,Section 0,0
1546,276,section,Section 0,0
1548,295,section,Section 0,0
1550,296,section,Section 0,0
1551,270,section,Section 0,0
1555,298,section,Section 0,0
1557,297,section,Section 0,0
1563,301,section,Section 0,0
1565,302,section,Section 0,0
1569,304,section,Section 0,0
1571,305,section,Section 0,0
1580,307,section,Section 0,0
1583,309,section,Section 0,0
1584,310,section,Section 0,0
1585,308,section,Section 0,0
1591,311,section,Section 0,0
1600,300,section,Section 0,0
1606,313,section,Section 0,0
1608,314,section,Section 0,0
1621,263,section,Section 0,0
1622,316,section,Section 0,0
1626,317,section,Section 0,0
1628,312,section,Section 0,0
1632,319,section,Section 0,0
1636,320,section,Section 0,0
1643,315,section,Section 0,0
1659,321,section,Section 0,0
1675,323,section,Section 0,0
1678,324,section,Section 0,0
1695,234,section,Section 0,0
1698,322,section,Section 0,0
1699,322,section,Section 1,1
1709,166,section,Section 0,0
1712,327,section,Section 0,0
1713,328,section,Section 0,0
1733,326,section,Section 0,0
1734,326,section,Section 1,1
1738,329,section,Section 0,0
1763,325,section,Section 0,0
1764,325,section,Section 1,1
1775,332,section,Section 0,0
1776,332,section,Section 1,1
1778,333,section,Section 0,0
1783,331,section,Section 0,0
1784,334,section,Section 0,0
1790,330,section,Section 0,0
1793,303,section,Section 0,0
1795,337,section,Section 0,0
1801,336,section,Section 0,0
1805,339,section,Section 0,0
1809,338,section,Section 0,0
1814,340,section,Section 0,0
1830,342,section,Section 0,0
1831,342,section,Section 1,1
1832,342,section,Section 2,2
1847,343,section,Section 0,0
1848,343,section,Section 1,1
1849,343,section,Section 2,2
1855,341,section,Section 0,0
1858,344,section,Section 0,0
1861,346,section,Section 0,0
1872,348,section,Section 0,0
1873,348,section,Section 1,1
1877,347,section,Section 0,0
1878,347,section,Section 1,1
1879,347,section,Section 2,2
1883,232,section,Section 0,0
1884,235,section,Section 0,0
1905,335,section,Section 0,0
1915,350,section,Section 0,0
1916,345,section,Section 0,0
1924,354,section,Section 0,0
1925,354,section,Section 1,1
1927,355,section,Section 0,0
1932,349,section,Section 0,0
1942,318,section,Section 0,0
1943,359,section,Section 0,0
1947,360,section,Section 0,0
1949,361,section,Section 0,0
1965,363,section,Section 0,0
1966,352,section,Section 0,0
1968,356,section,Section 0,0
1969,357,section,Section 0,0
1970,358,section,Section 0,0
1972,364,section,Section 0,0
1973,353,section,Section 0,0
1975,366,section,Section 0,0
1980,362,section,Section 0,0
1981,362,section,Section 1,1
1989,369,section,Section 0,0
1991,370,section,Section 0,0
1995,371,section,Section 0,0
2002,372,section,Section 0,0
2005,373,section,Section 0,0
2009,368,section,Section 0,0
2012,367,section,Section 0,0
2014,374,section,Section 0,0
2019,375,section,Section 0,0
2026,376,section,Section 0,0
2027,376,section,Section 1,1
2030,377,section,Section 0,0
2032,378,section,Section 0,0
2034,379,section,Section 0,0
2039,381,section,Section 0,0
2045,380,section,Section 0,0
2056,382,section,Section 0,0
2071,384,section,Section 0,0
2072,383,section,Section 0,0
2083,387,section,Section 0,0
2092,385,section,Section 0,0
2094,389,section,Section 0,0
2098,390,section,Section 0,0
2100,391,section,Section 0,0
2152,394,section,Section 0,0
2166,392,section,Section 0,0
2169,393,section,Section 0,0
2216,386,section,Section 0,0
2217,386,section,Section 1,1
2218,386,section,Section 2,2
2219,386,section,Section 3,3
2220,386,section,Section 4,4
2221,386,section,Section 5,5
2224,395,section,Section 0,0
2236,396,section,Section 0,0
2250,402,section,Section 0,0
2254,400,section,Section 0,0
2259,398,section,Section 0,0
2260,398,section,Section 1,1
2261,403,section,Section 0,0
2263,351,section,Section 0,0
2265,404,section,Section 0,0
2271,399,section,Section 0,0
2279,405,section,Section 0,0
2283,406,section,Section 0,0
2287,407,section,Section 0,0
2289,161,section,Section 0,0
2293,388,section,Section 0,0
2294,408,section,Section 0,0
2295,409,section,Section 0,0
2296,401,section,Section 0,0
2298,410,section,Section 0,0
2301,411,section,Section 0,0
2303,413,section,Section 0,0
2310,414,section,Section 0,0
2348,415,section,Section 0,0
2349,415,section,Section 1,1
2350,415,section,Section 2,2
2351,415,section,Section 3,3
2352,415,section,Section 4,4
2353,415,section,Section 5,5
2354,417,section,Section 0,0
2359,421,section,Section 0,0
2361,422,section,Section 0,0
2366,423,section,Section 0,0
2369,424,section,Section 0,0
2381,416,section,Section 0,0
2390,426,section,Section 0,0
2391,427,section,Section 0,0
2402,425,section,Section 0,0
2403,425,section,Section 1,1
2407,428,section,Section 0,0
2488,430,section,Section 0,0
2489,430,section,Section 1,1
2490,430,section,Section 2,2
2491,430,section,Section 3,3
2492,430,section,Section 4,4
2493,430,section,Section 5,5
2497,431,section,Section 0,0
2508,432,section,Section 0,0
2509,432,section,Section 1,1
2514,429,section,Section 0,0
2535,435,section,Section 0,0
2537,436,section,Section 0,0
2539,437,section,Section 0,0
2552,419,section,Section 0,0
2557,438,section,Section 0,0
2558,438,section,Section 1,1
2572,440,section,Section 0,0
2574,434,section,Section 0,0
2581,420,section,Section 0,0
2586,439,section,Section 0,0
2598,441,section,Section 0,0
2603,433,section,Section 0,0
2616,442,section,Section 0,0
2623,443,section,Section 0,0
2631,445,section,Section 0,0
2635,446,section,Section 0,0
2640,449,section,Section 0,0
2641,444,section,Section 0,0
2646,447,section,Section 0,0
