id,proposal_id,description,amount
218,39,Add sleeves,5800
219,39,Add injector,1600
415,52,Item P-1 Concrete Mow curb (465'),0
416,52,,0
417,52,,0
446,51,Item P-1 Concrete Mow Curb (80'),2000
447,51,"Irrigation street sleeves, if not existing",5500
448,49,"Add street sleeves, if not existing",15400
455,48,Item P-1 Concrete Mow Curb (80'),2000
456,48,"Irrigation street sleeves, if not existing",5500
457,50,Item P-1 Concrete Mow curb (565'),8475
458,50,,0
459,50,,0
470,64,Birch bollard lights: install (10) bollard lights provided by Company 5A42F7DE     ,21850
471,64,Birch bollard lights: install (10) purchased bollard lights,39300
472,64,Deduct if trench & conduit are completed by others,-4600
473,64,Deduct if stub ups to final connections are done by others ,-3400
493,70,Item 5.0 Pottery (8),0
494,70,Item 5.1 Trash Receptacle (8),0
495,70,Item 5.2 Bench (2),0
496,70,Item 5.4 Picnic Table (3),0
497,70,Item 5.5 Pet Waste Station (3),0
498,70,Item 5.6 Pet Drinking Fountain (2),0
499,70,Item 5.7 Adirondack Chair (13),0
500,70,Item 5.8 Pet Wash Station (1),0
501,70,Item 5.9 Ping Pong Table (1),0
502,70,Item 5.10 Corn Hole (2),0
503,70,Item 3.15 Festival Light Post (4),0
504,72,A-1 BBQ Grill (1),0
505,72,A-2 Picnic Table (1),0
506,72,A-3 Dog Waste Station (3),0
507,72,A-4 Waste Receptacle (3),0
508,72,A-5 Bench (1),0
509,72,A-6 Fitness Station I (1),0
510,72,A-7 Fitness Station II (1),0
511,71,"Bioswale gravel & soil allowance, excluding boxes",22100
513,73,(8) GFRC hand-made boulders   PENDING,0
515,78,(8) GFRC hand-made boulders   PENDING,0
516,78,Demo existing flagstone and hand rail,2000
519,66,"Use Netafim flow sensor per details, instead of per legend ADD",3000
523,79,"IRRIGATION CONTROLLER RETROFIT, ph. 3",16800
524,79,"IRRIGATION CONTROLLER RETROFIT, ph. 4",14300
537,89,Add to use living wall system as specified,2500
550,92,Recommendation: Add quick coupler valves to irrig system (15).,4500
551,92,"Install 2-wire cable in conduit, if requested; ADD",6900
562,98,Recommendation: Add quick coupler valves to irrig system (15).,4500
563,98,"Install 2-wire cable in conduit, if requested; ADD",6900
564,98,VE suggestion: downsize Podocarpus 24 to 15,-28600
565,98,VE suggestion: downsize 24 Prunus 24 to 15,-17000
574,96,Pedestal drinking fountain (1),0
575,96,Bike racks (12),6240
576,96,"Partial drainage, per notes below",6400
577,96,"Tree grate allowance, pending spec (3)",9000
578,101,2-wire cable conduit.,0
611,41,Electrical,1500
612,41,Unit 1,2000
613,41,,0
614,41,Sales Trailer,3968
615,41,Benches,7050
616,41,dfzxdsfgsd,1234123
617,41,wrewrwe,2134234
618,41,werwer,324234
683,104,"Decomposed Granite @ Product B Production (40 sf), not on bid form",850
684,104,"Synthetic Turf @ Product B Models (170 sf), not on bid form",2650
685,104,"Synthetic Turf @ Product B Production (4,280 sf), not on bid form",66340
686,104,"Synthetic Turf @ Product D production (1,200 sf), not on bid form",18600
687,104,"Tree grates (5), not on bid form",20000
688,104,"Pedestal BBQ's (15), excluding gas/electric runs",87000
691,106,"Add irrigation water audit, if requested",900
694,102,Basement perimeter burrito drain (240'),3600
695,102,Basement solid line (70') & 3 grates (excludes lift station),950
697,110,"Add irrigation water audit, if requested",900
698,113,Upgrade DG to cobble and header   ADD,800
704,108,"Upgrade mainline fittings (from Sch 40 to Sch 80),  ADD",23000
709,119,"Upgrade mainline fittings (from Sch 40 to Sch 80),  ADD",23000
710,119,"Add to use Tournesol watering devices for pots, as noted on plans",19100
760,111,"Add conduit for onsite two wire cable irrigation, if requested",10700
761,111,Allowance for 3rd-party certification of play equipment & rubber surface,2500
784,118,"Use single 20' metal tree stakes for Tristanias, ILO wood stakes  ADD",1170
785,118,"Allowance for water audit, if requested",1100
792,105,"Add cut-off wall drain at pool (365'), per A/L-12 (if needed)",4745
793,105,"Add larger stakes for trees, if high wind condition",500
794,105,"Add PRV at temp meter connection, if needed due to high pressure",2100
796,126,"Add electrical pedestal, if requested",12000
811,128,"Use single 20' metal tree stakes for Tristanias, ILO wood stakes  ADD",1170
812,128,"Allowance for water audit, if requested",1100
813,128,"Low voltage lighting, per notes below",19700
817,134,"Add cut-off wall drain at pool (365'), per A/L-12 (if needed)",4745
818,134,"Add larger stakes for trees, if high wind condition",500
819,134,"Add PRV at temp meter connection, if needed due to high pressure",2100
841,135,"Model Item C, DG",1300
842,135,"Model Item M, metal edging",600
843,135,"Model Item N, pebbles",900
875,141,"Add cut-off wall drain at pool (365'), per A/L-12 (if needed)",4745
876,141,"Add larger stakes for trees, if high wind condition",500
877,141,"Add PRV at temp meter connection, if needed due to high pressure",2100
891,142,"Drainage allowance, pending PGP legends",0
892,142,Upgrade from unfinished steel to Corten steel panels (26)  ADD,69940
893,142,"Install street sleeves, if not existing ",4100
898,144,Upcharge to use Corten steel panels ILO unfinished steel,67250
899,144,Add 90 Day Maintenance to scope,5000
903,145,Upgrade from unfinished steel to Corten steel panels (26)  ADD,69940
904,145,"Install street sleeves, if not existing ",4100
906,143,Upgrade metal panels from unfinished steel to Corten (59),158710
907,143,Add 90 Day Maintenance to scope,6000
908,146,"Add street sleeves, if not existing",17300
910,147,"Add street sleeves, if not existing",17300
942,155,"Add electrical pedestal, if requested",12000
948,152,"Add for water audit, if requested ",1000
974,154,Allowance for (60') 110v power run to fountains,2500
975,154,Allowance for (25') 110v power run to string lights,800
976,154,"Allowance for (5) sono-tube footings for string lights, no rebar",2000
977,153,Allowance for 25' power run to fountain,800
978,151,"Allowance for simple sono-tube string light post footings, no rebar (21)",7350
979,151,"Add filter fabric and gravel for perf drainline, if requested",1400
980,156,Upcharge to use Corten steel panels ILO unfinished steel,67250
981,156,Add 90 Day Maintenance to scope,5000
982,158,Upgrade from unfinished steel to Corten steel panels (26)  ADD,69940
983,158,"Install street sleeves, if not existing ",4100
986,157,Upgrade metal panels from unfinished steel to Corten (59),158710
987,157,Add 90 Day Maintenance to scope,6000
1023,162,"Allowance for simple sono-tube string light post footings, no rebar (21)",7350
1024,162,"Add filter fabric and gravel for perf drainline, if requested",1400
1025,162,Add to use specified string light brand,71800
1026,163,Allowance for (60') 110v power run to fountains,2500
1027,163,Allowance for (25') 110v power run to string lights,800
1028,163,"Allowance for (5) sono-tube footings for string lights, no rebar",2000
1029,163,Add to use specified string light brand,14300
1037,167,"VE #1: use alternate 1/4"" Corten panels (59) DEDUCT",-35400
1038,167,"VE #2: use alternate 1/8"" Corten panels (59) DEDUCT",-59000
1039,167,Add 90 Day Maintenance to scope,6000
1050,168,"VE option #1: use alternate 1/4"" Corten panel supplier (25) DEDUCT",-15000
1051,168,"VE option #2: use alternate 1/8"" Corten panel supplier (25) DEDUCT",-25000
1052,168,Add 90 Day Maintenance to scope,5000
1055,165,"3 Fountains, excluding 110v power",10300
1056,84,"Item SA-9 Fire Pit for SITE 1A (1), excl gas & electric",11000
1058,169,"Add electrical pedestal, if requested",12000
1081,170,"Add for water audit, if requested",1000
1112,159,"Use stainless steel slot drain catch basins ILO plastic, ADD",3420
1113,159,Add one 2'' sleeve per production driveway (52 lots),6500
1122,45,Upcharge to install artificial turf (5.7) ILO sodded turf,13700
1123,45,Play equipment and shade sails,470700
1124,45,Rubber surfacing at tot lot,60800
1125,45,"4'' agg base under rubber surface, if requested",4800
1126,83,"IRRIGATION CONTROLLER RETROFIT, ph. 3",16800
1127,83,"IRRIGATION CONTROLLER RETROFIT, ph. 4",14300
1163,160,SF-1 Benches (4),22160
1164,160,SF-4 Bike Racks (2),6200
1165,160,SF-5 Trash Receptacle (5),15500
1166,160,SF-6 Pet Waste Station (8),7200
1170,172,"IRRIGATION ALT #1, install wires/sleeve/trench, excl. AC & concrete  ADD ",4800
1171,172,"IRRIGATION ALT #2, install THRIVE radio unit, ADD",3000
1172,172,"IRRIGATION ALT #3, install (2) new Hydropoint controllers, ADD",33000
1175,176,"Add street sleeves, if not existing",17300
1184,178,Add one 2'' sleeve per production driveway (52 lots),6500
1185,178,"Use stainless steel slot drain catch basins ILO plastic, ADD",3420
1186,178,"Provide slot drain material in 3 patios, ADD",8000
1187,171,Sf-9 Trash Receptacles (7),25600
1188,171,SF-8 Bike Racks (6),7200
1189,171,SF-6 Pet Waste Stations (10),8000
1190,171,"SF-5 Barbeque Grills (3), excluding gas lines",12750
1191,171,SF-3 Outdoor Table & Chairs (3 sets),22050
1192,171,SF-2 Log Benches (5),17200
1193,171,SF-1 Benches (10),54000
1194,69,Allowance for Planters at the Roof Deck by Old Town Fiberglass ,0
1195,69,,0
1196,179,Recommended: add backflow cage,6100
1199,182,"Add street sleeves, if not existing",17300
1200,137,"Rec center, use TREX sidewalls at bocce court ILO Cedar, DEDUCT",-4000
1201,137,"Rec center, 6x6 mow curb (140'), excl tot lot edge & under fence",2240
1202,137,"Production, 6x6 mow curb at DG (340')",5440
1203,137,"Production: install street sleeves, if not existing",34800
1228,183,add #43 burrito drain,7920
1230,186,Add drain item #43,7920
1244,194,"Provide metal slot drain material in 3 patios, ADD",7500
1245,194,"Use stainless steel slot drain catch basins ILO plastic, ADD",3420
1246,194,Add one 2'' sleeve per production driveway (52 lots),6500
1247,195,Add pressure regulating valve to backflow.,0
1248,195,"Additional 15% plant material, if requested by the city. ",0
1259,196,"#13, crushed base",39400
1260,196,#4 turf block,103000
1264,201,"Provide metal slot drain material in 3 patios, ADD",7500
1265,201,"Use stainless steel slot drain catch basins ILO plastic, ADD",3420
1266,201,Add one 2'' sleeve per production driveway (52 lots),6500
1271,203,"#13, crushed base (41,000 sf)",39400
1272,203,"#4 turf block (10,200 sf)",132600
1273,190,Item A-01 Square table w/4 seats (3),48900
1274,190,Item A-02 ADA Square Table w/ 3 Seats (2),31400
1275,190,Item A-03 Pet Stations (4),3600
1276,190,Item A-04 Trash & Recycling Receptacles (6),36600
1277,190,"Item A-05 Overhead Alumawood Structure, excl footings",13000
1278,190,Item A-06 Play Structure,34400
1279,190,Item A-07 Adirondack Chairs (4),8720
1280,190,"Item H-03, H-04, H-05 Rubberized PlaySurface",21800
1281,190,Agg base under rubber surface,3300
1282,190,Burrito drain under rubber surface,600
1283,190,Burrito drain in bocce court,950
1284,190,Bocce court bumper boards ,4000
1289,204,Model drains,9100
1290,204,Production drains,134500
1298,207,Add drain item #43,7920
1300,208,2-wire cable conduit.,0
1301,209,Production drains,134500
1302,209,Model drains,9100
1318,206,"Model unit 79, allowance for power to fountain (35')",1100
1319,206,"Model unit 81, allowance for power to fountain (20')",700
1320,206,Allowance for water audit for entire site,2400
1321,206,"Park, allowance for 4"" agg base under rubber, if not using concrete",3100
1326,211,"Model unit 79, allowance for power to fountain (35')",1100
1327,211,"Model unit 81, allowance for power to fountain (20')",700
1328,211,Allowance for water audit for entire site,2400
1329,211,"Park, allowance for 4",3100
1346,189,Add alternate: install M-4 DG at building front in lieu of bark mulch ADD,3000
1347,189,Remove gravel from existing planting areas ,1900
1348,189,VE: use common stabilized DG ILO Organic Lock  DEDUCT,-4600
1349,189,Install filter fabric below both types of DG  ADD,3000
1365,215,Allowance for model overtime,5000
1366,215,Downspout drains (we can give rough budget if you like),0
1369,216,Allowance for model overtime,5000
1370,216,We can give allowances for downspouts if requested,0
1375,217,"Use 6'' atrium grates ILO flat grates, ADD",4000
1376,217,"Install street sleeves, if not existing  ADD",11400
1383,46,"SF-1, trash receptacle (1)",2480
1384,46,"SF-2, Bike Rack (1)",920
1385,46,"SF-3, dog waste station (1)",800
1389,223,"SF-3, dog waste station (1)",800
1390,223,"SF-2, Bike Rack (1)",920
1391,223,"SF-1, trash receptacle (1)",2480
1396,224,Downspout drains (allowance),43400
1397,224,Allowance for model overtime,5000
1404,225,Allowance for model overtime,5000
1405,225,Downspout drains (allowance),13700
1408,227,Removal of existing Palm Tree (1) & Trees (3),0
1422,230,"Park, allowance for 4",3100
1423,230,Allowance for water audit for entire site,2400
1424,230,"Model unit 81, allowance for power to fountain (20')",700
1425,230,"Model unit 79, allowance for power to fountain (35')",1100
1436,228,Irrigation for turf semi-circle,300
1464,214,Supply and Install Icon Trellis (2EA) and 1(EA) Icon Shade Structure ,226315
1465,214,Supply and Install PRC Restroom  (1EA),334120
1466,214,FineGrade and Subgrade for DG is included in main proposal,0
1470,241,Additional cost for Palm tree root ball anchor & Trunk Braces per Planting Detail #6 on Sheet L7.30,0
1472,124,"Add conduit for onsite two wire cable irrigation, if requested",10700
1473,124,Allowance for 3rd-party certification of play equipment & rubber surface,2500
1474,242,Concrete header at Synthetic Turf edge per Detail 2 on Sheet  L201,0
1475,242,"6"" Drain pipe under Synthetic Turf wrapped w/ gravel per Detail 2 on Sheet L201",0
1480,243,"Install street sleeves, if not existing  ADD",11400
1481,243,"Use 6'' atrium grates ILO flat grates, ADD",4000
1485,116,VE option: synthetic turf using BLS material and installation,25200
1486,245,VE option: synthetic turf using BLS material and installation,25200
1487,115,VE option: synthetic turf using BLS material and installation,25200
1494,238,Additional cost for Palm  tree rootball  anchors & Trunk  Braces per Planting Detail #6 on Shett L7.30,0
1513,247,"SF-1, trash receptacle (1)",2480
1514,247,"SF-2, Bike Rack (1)",920
1515,247,"SF-3, dog waste station (1)",800
1516,249,Initial cut-cap prior to demo,2800
1517,249,VE Option:Synthetic turf using BLS Material and Installation,25500
1525,244,Add hydroseed in blue area of exhibit (not shown on 20 scale plan),181000
1526,244,Add jute mesh to all slopes  ADD,177700
1528,254,Allowance for Initial Cut and Cap prior to Demolition,3450
1530,123,VE Options: see attached sheet ,0
1532,256,VE Options: see attached sheet ,0
1551,259,Allowance for model overtime,5000
1552,259,Downspout drains (allowance),43400
1556,193,Mulch existing landscape areas.,4000
1562,260,"VE option: downsize 72"" trees to 36""",-48300
1563,260,Mulch existing landscape areas.,4000
1564,257,Downspout drains (allowance),13700
1565,257,Allowance for model overtime,5000
1575,261,"SF-3, dog waste station (1)",800
1576,261,"SF-2, Bike Rack (1)",920
1577,261,"SF-1, trash receptacle (1)",2480
1604,264,"Add topcast to concrete, at lots 30-32",0
1605,264,Add sealer to tile on lots 30-32,0
1606,264,Add recommended backflow cage at parking lot,3500
1607,265,Demolition of (8) existing Trees,15700
1608,265,"Partial drainage, per notes below",34600
1609,265,"Clean-up Grade remove dead grass and add new sod,( Allowance Only, 1000SFT)",2200
1613,271,"Clean-up Grade remove dead grass and add new sod,( Allowance Only, 1000SFT)",2200
1614,271,"Partial drainage, per notes below",34600
1615,271,Demolition of (8) existing Trees,15700
1624,278,FineGrade and Subgrade for DG is included in main proposal,0
1627,279,FineGrade and Subgrade for DG is included in main proposal,0
1628,289,"Add street sleeves, if not existing",17300
1629,291,"Add street sleeves, if not existing",17300
1630,292,"Add street sleeves, if not existing",17300
1631,293,"Add street sleeves, if not existing",17300
1636,294,"Install DG per new detail, ADD",24500
1639,277,"Add for water audit, if requested",1000
1640,277,"VE Option , Reduce 5 gallon Lamondra to 1 gallon",-1600
1644,295,Add topcast to concrete at lot 30 driveway,1200
1645,295,Add sealer to tile on lots 30-32,4600
1646,295,Add recommended backflow cage at parking lot,3700
1648,298,FineGrade and Subgrade for DG is included in main proposal,0
1706,307,See attached sheet for VE options,0
1747,300,Item 5.10 Drinking Fountain at Dog Park (1),8200
1748,300,Item 5.8 Pet Waste Station (1),875
1749,300,Item 5.7 Festival String Lights,6200
1750,300,Item 5.4 8' x12' Cabana (2),61000
1751,300,Item 5.3 10' x 10' Cabana (3),53000
1752,300,Item 5.2 Mailbox (15),44088
1753,300,Item 5.1 Bike Rack (6),8230
1754,300,5.5 Umbrella Sleeve Mount Only(12) Umbrellas by owner,1017
1757,314,"Use 6'' atrium grates ILO flat grates, ADD",4000
1758,314,"Install street sleeves, if not existing  ADD",11400
1759,314,"Delete plastic drainage mat in synth turf, DEDUCT",-18450
1760,314,"Use gravel in ""zero"" zone in front yards  ADD",18600
1800,312,Allowance for model overtime,5000
1801,312,Model pots (22),72000
1804,319,Allowance for model overtime,5000
1805,319,Model pots (22),72000
1816,320,"Use 6'' atrium grates ILO flat grates, ADD",4000
1817,320,"Install street sleeves, if not existing  ADD",11400
1818,320,"Delete plastic drainage mat in synth turf, DEDUCT",-18450
1849,315,SF-4; Trash Receptacle (1),3150
1850,315,Pressure Regulating Valve (if required) ADD,1750
1851,315,Street Sleeves (if not exist.) ADD,1350
1852,315,Upsize City Street Trees to 36 ADD,2040
1853,315,"SA-1; Overhead Shade Structure w/ Decorative Panels (1), Per Notes Below",121177
1870,321,Install Atrium Grates ILO Flat Grates,1300
1871,321,"Backflow Insulation Cover, if req. by city",1010
1930,323,"Del Rey Fountain (1), excluding 110v power",5100
1931,323,Alternate: short term surface mount bike racks (2),3000
1932,323,"Alternate: allowance for (10) benches, pending spec",25000
1933,323,Allowance for irrig/planting repairs to adjacent areas,7500
1934,323,"Alternate 3: south side of church, planting & irrig allowance",49400
1935,323,"Alternate 3: south side of church, add DG & boulders",8100
1936,323,"Alternate 3: south side of church, allowance for (4) benches",11000
1939,234,Lighting per Electrical plan Sheet ES.1,0
1940,234,Item S-9 Metal Overhead Structure,0
1941,234,Large Boulder haul off allowance,0
1944,322,Demo,93625
1945,322,"Tree protection, if required. ",22500
1957,166,"Install street sleeves, if not existing",4100
1958,166,Add 90 Day Maintenance ,9900
1963,327,Add 90 Day Maintenance to scope,6000
1964,328,Add 90 Day Maintenance to scope,5000
2020,326,"R12 shower tower, excluding supply and waste lines",8400
2021,326,R17 benches (2),10000
2022,326,"R18 Pet Wash station (1), excluding supply/waste lines",2800
2023,326,"R22 pet drinking fountain (1), excluding supply/waste lines",5200
2024,326,R23 waste bag dispenser (1),1600
2025,326,R24 trash receptacles (2),8200
2026,326,"Allowance for conduit & sweeps for two-wire cable, if requested ADD",14500
2041,325,"Selected Drain items for On-site portion (Items #11, 12, 18, 19, 17)",32200
2042,325,VE Options Attached of reducing plant sizes (See Attached)),-42820
2054,332,Concrete mow curb (1400'),21000
2055,332,VE Options Attached of reducing plant sizes (pending),0
2056,332,"Selected Drain items for On-site portion (Items #11, 12, 18, 19, 17)",36200
2057,333,Add hydroseed in blue area of exhibit (not shown on 20 scale plan),181000
2058,333,Add jute mesh to all slopes  ADD,177700
2060,331,"Provide appliances for lot 139 BBQ counter, to be set by others",18000
2087,339,Allowance for model overtime,5000
2088,339,HS 1: model pots (6),24500
2089,339,HS 2: model pots (5),12300
2090,339,HS 3: model pots (11),35200
2095,338,ADD ALTERNATE 1: Removal of (2) Existing Oak Trees,3400
2096,338,"ADD ALTERNATE 2: Plant (2EA) 72"" Quercus for ones removed ",23000
2102,341,Allowance for model overtime,7000
2103,341,Mow curbs (440'),7040
2122,346,"Del Rey Fountain (1), excluding 110v power",5100
2123,346,Alternate: short term surface mount bike racks (2),3000
2124,346,"Alternate: allowance to install (10) benches, provided by others",2500
2125,346,Allowance for irrig/planting repairs to adjacent areas,7500
2126,346,"Alternate 3: south side of church, planting & irrig allowance",49400
2127,346,"Alternate 3: south side of church, add DG & boulders",8100
2128,346,"Alternate 3: south side of church, allowance to install (4) benches, by others",1000
2129,346,"Planting repair allowance at north end, due to irrigation wire trenching",5000
2130,346,"Bio-retention soil, gravel, liner, fabric",72800
2131,346,Bio-retention drainlines & cleanouts,10900
2132,346,Bio-retention rip-rap cobble,6500
2142,348,Concrete mow curb (1400'),21000
2143,348,VE Options Attached of reducing plant sizes (pending),0
2144,348,"Selected Drain items for On-site portion (Items #11, 12, 18, 19, 17)",36200
2145,348,Delete parkway irrigation & planting,-14100
2146,348,"Add 3"" crushed gravel in parkway",14900
2148,347,"Use SpectraPour rubber play area surfacing in lieu of Fibar Bark, over 6"" of CII base manufacturer of play equipment's recommendation (Add)",16500
2149,232,"Alternate Bid for Item 3-12, Use Faux Artificial Wall in lieu of Living Wall, Deduct",0
2150,232,Large Boulder haul off allowance,0
2151,235,Living wall Installed,15800
2221,335,Rain for rent temp irrigation 3 Months,110000
2222,335,Allowance for temp irrigation system for flat areas,212000
2223,335,Re-hydroseed touch-up allowance for flat areas (approx 20-25%),60000
2224,335,Add jute mesh to all slopes  ADD,177700
2225,335,Add hydroseed in blue area of exhibit (not shown on 20 scale plan),181000
2288,345,2-wire cable conduit.,0
2299,354,Add 3'' crushed gravel in parkway,14900
2300,354,Delete parkway irrigation & planting,-14100
2301,354,"Selected Drain items for On-site portion (Items #11, 12, 18, 19, 17)",36200
2302,354,Approved VE Options per attached list,-75867
2303,354,Concrete mow curb (1400'),21000
2308,349,"See bid form for alternates, & hardscape items by others, etc",0
2327,360,Allowance for model overtime,7000
2328,360,Mow curbs (440'),7040
2330,361,"See bid form for alternates, & hardscape items by others, etc",0
2347,352,,0
2348,352,"Bollards, (2EA)",2750
2349,352,Concrete Band for DG @ Shade Structure (12,14800
2350,352,Driveable Pavers 450sft,18500
2351,357,,0
2352,357,"Bollards, (2EA)",2750
2353,357,Concrete Band for DG @ Shade Structure (12,14800
2354,357,Driveable Pavers 450sft,18500
2357,364,Install Atrium Grates ILO Flat Grates,1300
2358,364,"Backflow Insulation Cover, if req. by city",1010
2397,369,Upgrade DG to cobble and header   ADD,800
2401,371,See attached sheet for VE options,0
2412,372,"Allowance for (19) pots, pending spec  ADD",9500
2413,372,"Upgrade DG to cobble,   ADD",800
2418,373,Allowance for model overtime,7000
2419,373,Mow curbs (440'),7040
2438,368,Pool deck subdrain,9750
2439,368,Tot lot subdrain,2250
2440,368,Upcharge to install artificial turf (5.7) ILO sodded turf,13700
2441,368,Play equipment and shade sails (pending),0
2442,368,Rubber surfacing at tot lot,69200
2443,368,"4'' agg base under rubber surface, if requested",4800
2452,367,Item A4 Water Feature ,0
2453,367,Item A2 Water Feature ,0
2454,367,Item A1 Raised Fire Pit,0
2472,376,Phase 1: initial move-in for repairs on Max Gilliss,14700
2473,376,Concrete mow curb (1400'),21000
2474,376,Approved VE Options per attached list,-75867
2475,376,"Selected Drain items for On-site portion (Items #11, 12, 18, 19, 17)",36200
2476,376,Delete parkway irrigation & planting,-14100
2477,376,Add 3'' crushed gravel in parkway,14900
2491,381,Pool deck subdrain,9750
2492,381,Tot lot subdrain,2250
2493,381,Upcharge to install artificial turf (5.7) ILO sodded turf,13700
2494,381,"Play equipment and shade sails, including ""early purchase"" discount",416500
2495,381,Rubber surfacing at tot lot,69200
2496,381,"Add 4'' agg base under rubber surface, if requested",4800
2497,381,"Add if ""early purchase"" discount is not utilized",53200
2532,382,"Add conduit for two-wire cable, if requested",6800
2533,382,Add street sleeves at entry (40'),1200
2534,382,"P-04, rubber surfacing",37100
2535,382,"Site furnishings, per attached sheet",324100
2536,382,Upcharge allowance to use CA prevailing wages,200000
2566,387,Allowance for model overtime,7000
2567,387,Mow curbs (440'),7040
2574,385,Add recommended backflow cage at parking lot,2800
2575,385,"Add gas & electric to lot 42 BBQ, from pool eq area",4300
2576,385,Add (2) concrete mailbox pads in production ,1500
2580,389,Add recommended backflow cage at parking lot,2800
2581,389,"Add gas & electric to lot 42 BBQ, from pool eq area",4300
2582,389,Add (2) concrete mailbox pads in production ,1500
2584,391,"See bid form for alternates, & hardscape items by others, etc",0
2650,393,Item SF-3 Dog Waste Station (1),800
2651,393,Item SF-2 Bike Rack (1),1445
2652,393,Item SF-1 Trash Receptacle (1),3200
2653,393,Item SA-2 Freestanding Electric BBQ (1),5695
2654,393,Item SA-1 Mailbox (2),6720
2655,393,"Low Voltage Lighting: 4EA MR16 DL, 9EA Uplight, 2EA LG UL",5625
2727,386,Highlands Front Yards: Air relief valves for drip tubing,0
2728,386,Highlands Front Yards: Filter fabric at PA with gravel mulch,67400
2729,386,Highlands Person 8B3E4FC9: Irrigation water audit,2700
2730,386,Overlook Person 8B3E4FC9: Irrigation water audit,1500
2731,386,Overlook Front Yards: Air relief valves for drip tubing,0
2732,386,Overlook Front Yards: Filter fabric at PA with gravel mulch,49000
2744,395,Item C-29 Play Structure,108000
2745,395,Item C-21A thru C-21E Exercise Fitness Equipments,52000
2746,395,Item C-16 Tot Lot Shade Sail,156000
2747,395,Item C-15 Pet Waste Dispenser,4400
2748,395,Item C-14 ADA Picnic Table,8800
2749,395,Item C-13 Picnic Table (3),12400
2750,395,Item C-12 Trash Receptacle,24000
2751,395,Item C-11B Metal Bench (12),49800
2752,395,Item C-11A Concrete Bench (1),4564
2753,395,Item C-10 Drinking Fountain,4500
2754,395,Item C-10 Rubber Surfacing for Exercise Areas,28500
2764,396,"Allowance for conduit for two-wire cable, if desired, ADD",14500
2765,396,"S17, DG at transformers (900 sf), ADD",5200
2789,402,"S17, DG at transformers (900 sf), ADD",5200
2790,402,"Allowance for conduit for two-wire cable, if desired, ADD",14500
2803,351,Add jute mesh to all slopes  ADD,174000
2804,351,Re-hydroseed touch-up allowance for flat areas (approx 20-25%),60000
2805,351,Allowance for temp irrigation system for flat areas,212000
2806,351,Rain for rent temp irrigation 3 Months,110000
2811,404,Add jute mesh to all slopes  ADD,174000
2812,404,Re-hydroseed touch-up allowance for flat areas (approx 20-25%),60000
2813,404,Allowance for temp irrigation system for flat areas,212000
2814,404,Rain for rent temp irrigation 3 Months,110000
2842,399,NET ADDED ALLOWANCE FOR: Construction Entrance reconstruction,25500
2843,399,NET ADD FOR: Delta for Planting qty's and size per plan in lieu of VE on shrubs,72321
2844,399,NET ADD FOR: 90-Day Post contruction Maintenance and Grow-InDrainage per plan NOT IN ORIGINAL SCOPE,3600
2845,399,NET ADD FOR Install Drainage per plan (Not in Original Landscape Scope)IGINAL SCOPE,52500
2846,399,NET ADD FOR:  Amending Imported Soil by Grader in lieu of Importing Planting Soil,-104842
2847,399,NET DEDUCT FOR: Savings on changing spec to in-kind or better non-dimmable lights to Reconstruct Entry NOT IN ORIGINAL SCOPE,-9000
2858,406,"Allowance for conduit for two-wire cable, if desired, ADD",14500
2859,406,"S17, DG at transformers (900 sf), ADD",5200
2866,407,"Allowance for conduit for two-wire cable, if desired, ADD",14500
2867,407,"S17, DG at transformers (900 sf), ADD",5200
2868,161,"P-7 wood decking, lot C",66900
2869,161,"P-7 Wood decking, lot A",66900
2870,161,"SF-5, Side tables (9)",1575
2871,161,"SF-4, Adirondack chairs (18)",6300
2872,161,SF2&3:  Dining Table with chairs (6/24),25050
2873,161,"SA-4, wood trellis portion of monumentation (3)",13500
2874,161,Use Dymondia dirt flats ILO 4'' pots,-43200
2875,161,"110v lighting, fixtures by Olson",0
2876,161,"Low voltage lighting, fixtures by Olson",0
2895,408,"Low voltage lighting, fixtures by Olson",0
2896,408,"110v lighting, fixtures by Olson",0
2897,408,Use Dymondia dirt flats ILO 4'' pots,-43200
2898,408,"SA-4, wood trellis portion of monumentation (3)",13500
2899,408,SF2&3:  Dining Table with chairs (6/24),25050
2900,408,"SF-4, Adirondack chairs (18)",6300
2901,408,"SF-5, Side tables (9)",1575
2902,408,"P-7 Wood decking, lot A",66900
2903,408,"P-7 wood decking, lot C",66900
2904,409,NET ADDED ALLOWANCE FOR: Construction Entrance reconstruction,25500
2905,409,NET ADD FOR: Delta for Planting qty's and size per plan in lieu of VE on shrubs,72321
2906,409,NET ADD FOR: 90-Day Post contruction Maintenance and Grow-InDrainage per plan NOT IN ORIGINAL SCOPE,3600
2907,409,NET ADD FOR Install Drainage per plan (Not in Original Landscape Scope)IGINAL SCOPE,52500
2908,409,NET ADD FOR:  Amending Imported Soil by Grader in lieu of Importing Planting Soil,-104842
2909,409,NET DEDUCT FOR: Savings on changing spec to in-kind or better non-dimmable lights to Reconstruct Entry NOT IN ORIGINAL SCOPE,-9000
2910,401,"Upsize City Street Trees from 24'' to 36'', ADD",2040
2911,401,Street Sleeves (if not existing) ADD,1350
2912,401,Pressure Regulating Valve (if required) ADD,1750
2913,401,"SF-4; Trash Receptacle (1), not shown on 20-scale plan",3150
2918,410,"Upsize City Street Trees from 24'' to 36'', ADD",2040
2919,410,Street Sleeves (if not existing) ADD,1350
2920,410,Pressure Regulating Valve (if required) ADD,1750
2921,410,"SF-4; Trash Receptacle (1), not shown on 20-scale plan",3150
2928,411,Item A1 Raised Fire Pit,19010
2929,411,Item A2 Water Feature ,6400
2930,411,Item A4 Water Feature X3,21600
2933,413,Mow curbs (440'),7040
2934,413,Allowance for model overtime,7000
2972,415,Highlands Front Yards: Air relief valves for drip tubing,16700
2973,415,Highlands Front Yards: Filter fabric at PA with gravel mulch,67400
2974,415,Highlands Person 8B3E4FC9: Irrigation water audit,2700
2975,415,Overlook Person 8B3E4FC9: Irrigation water audit,1500
2976,415,Overlook Front Yards: Air relief valves for drip tubing,6150
2977,415,Overlook Front Yards: Filter fabric at PA with gravel mulch,49000
2980,424,Basement solid line (70') & 3 grates (excludes lift station),950
2981,424,Basement perimeter burrito drain (240'),3600
2982,424,Upcharge to use DL Cunningham plant material (PENDING),0
2999,426,Add (2) concrete mailbox pads in production ,1500
3000,426,"Add gas & electric to lot 42 BBQ, from pool eq area",4300
3001,426,Add recommended backflow cage at parking lot,2800
3002,426,Add production mow curbs (452'),11571.2
3005,425,Filter fabric under decomposed granite,1080
3076,430,Highlands Front Yards: Filter fabric at PA with gravel mulch,67400
3077,430,Highlands Person 8B3E4FC9: Irrigation water audit,2700
3078,430,Overlook Front Yards: Filter fabric at PA with gravel mulch,49000
3079,430,Overlook Person 8B3E4FC9: Irrigation water audit,1500
3080,430,"Pressure regulator per lot, if required",2120
3085,431,SF-8 Mailbox (1),11800
3086,431,"Concrete cornhole sets (2), allowance pending spec ",3400
3092,432,Install street sleeves,32100
3097,429,"Use Jute mesh slope stabilizer in lieu of Gorilla product, ADD",1200
3104,435,"Pottery Allowance (6EA ) - 45"" Diameter & (12EA) 36"" Diam.",41140
3106,436,Pottery Allowance (13EA) - 36,17275
3109,438,"Install street sleeves, ADD",32100
3127,440,Basement solid line (70') & 3 grates (excludes lift station),950
3128,440,Basement perimeter burrito drain (240'),3600
3143,420,Deduct to use wood chips ILO rubber surfacing,-16000
3144,420,"Change drainpipe from Sch 40 to SDR 35, Deduct",-5800
3145,420,"Add Pressure Regulator, if static pressure above 85",4330
3146,420,"Add backflow preventer with cage, if not installed by others",9900
3155,441,Syn. Turf Repair on Chapman,1400
3156,441,Demo (2) Pine Trees on Rear Planter,6470
3287,442,"SA-9, Cornhole game set (1)",3360
3288,442,"SA-7, Little free library (2)",1960
3289,442,"Low voltage lighting, fixtures by Olson *PENDING",0
3290,442,"110v lighting, fixtures by Olson *PENDING",0
3291,442,"SA-4, wood trellis portion of monumentation (3)",13500
3292,442,SF2&3:  Dining Table with chairs (6/24),25050
3293,442,"SF-4, Adirondack chairs (18)",6300
3294,442,"SF-5, Side tables (9)",1575
3295,442,"P-7 Wood decking, lot A",66900
3296,442,"P-7 wood decking, lot C",66900
3297,442,"Add 4'' compacted base below rubber surface, if requested",3200
3310,443,"Allowance for conduit for two-wire cable, if desired, ADD",14500
3311,443,"S17, DG at transformers (900 sf), ADD",5200
3319,444,"Install Air Relief Valves, not shown on plans",3600
