sub_bid_id,name,cost,labor_hours,bid_id,category,total_cost,sort_order
132,OPEN SPACE BETWEEN LOTS 18 & 19,,-1.13,B11428,irrigation,-135,
133,Sub-bid 133,,53.685,B11428,landscape,2600.25,
134,ADD FOR WIRE CONDUIT,,101.52,B11429,irrigation,7517.2,
135,LIGHT WEIGHT SOIL,,41,B11367,landscape,4625,
136,DECORATIVE ROCK MULCH,,9.8,B11367,landscape,2263,
137,UPPER LEVEL PATIO PLANATING,,42.68,B11367,landscape,2424.1,
138,LANDSCAPE BOULDERS,,11,B11367,landscape,1784,
139,POT PLANTING,,58.112,B11367,landscape,2018.1,
140,"ITEM ""P1"" FAUX DG",,20.34,B11367,landscape,2852.2,
141,P-110 DECORATIVE ROCK,,18.2,B11077,landscape,6080,
151,#11 BURRITO DRAIN @ BACK OF WALL,,39.7,B11434,drains,638,
152,DRAINS BELOW CRYPTS (SHT. C-8),,33.3,B11434,drains,2924.22,
153,VICTORIA SQUARE HOA PARK,,904.91,B11431,landscape,63946,
154,H.O.A.PARK IRRIGATION,,546.786,B11431,irrigation,42852.5,
155,H.O.A. PARK DRAINS,,116.5,B11431,drains,3833.5,
156,VICTORIA SQUARE OFF SITE,,1371.5165,B11431,landscape,66224.5,
157,VICTORIA SQUARE OFF SITE IRRIGATION,,863.983,B11431,irrigation,121402.1,
159,VICTORIA SQUARE Person 8B3E4FC9,,1348.651,B11431,landscape,94313,
160,VICTORIA SQUARE Person 8B3E4FC9,,1637.095,B11431,irrigation,145765.7,
161,PRODUCTION DRAINS,,2349.5,B11431,drains,76102.25,
163,OFFSITE DRAINS,,113,B11431,drains,2655,
168,POT PLANTER,,10.88,B11438,landscape,873.75,
169,Test,,4.75,B11444,maintenance,58,
170,VICTORIA SQUARE OFF SITE IRRIGATION,,866.953,B11431F,irrigation,123343.1,
171,VICTORIA SQUARE Person 8B3E4FC9,,1637.095,B11431F,irrigation,147779.7,
172,VICTORIA SQUARE HOA PARK,,904.91,B11431F,landscape,63946,
173,H.O.A.PARK IRRIGATION,,546.786,B11431F,irrigation,44830.5,
174,H.O.A. PARK DRAINS,,116.5,B11431F,drains,3833.5,
175,VICTORIA SQUARE OFF SITE,,1371.5165,B11431F,landscape,66224.5,
176,OFFSITE DRAINS,,113,B11431F,drains,2655,
177,PRODUCTION DRAINS,,2349.5,B11431F,drains,76102.25,
178,VICTORIA SQUARE Person 8B3E4FC9,,1348.651,B11431F,landscape,94313,
179,MULTI FAMILY MODELS BLDG 63,,103.755,B11438P,landscape,5048.2,
180,mow curb,,1.4,B11445,landscape,22,
181,ALT. ADD BID (FS & MV),,15.1,B11438,irrigation,2877,
182,SINGLE FAMILY IRRIGATION,,860.06,B11438P,irrigation,54426.6,
184,SINGLE FAMILY DRAINS,,1067.2,B11438P,drains,36255,
185,REC AREA DRAINS,,35.95,B11438P,drains,1190,
186,PARK AREA DRAINS,,30.7,B11438P,drains,1194,
187,DECOMPOSED GRANITE,,18,B11443,landscape,3255,
188,cdzsxzcb,,0,B11407,irrigation,0,
189,Test,,3.55,B11299,irrigation,225,
190,Synth turf,,12,B11451,landscape,1147.5,
194,UPSIZE LAURUS NOBILIS TREES,,20.4,B11451,landscape,3600,
196,DECOMPOSED GRANITE,,0,B11442.P,landscape,0,
197,DECOMPOSED GRANITE,,21.5,B11442.R,landscape,3135,
198,VISTA PRODUCTION DRAINS,,301.5,B11455,drains,11827.5,
199,MODEL REAR YARD PATIO,,17.872,B11455,irrigation,1085,
200,MODEL PATIO PLANTING,,59.725,B11455,landscape,6443,
201,POT PLANTING,,48.56,B11455,landscape,2790,
202,ARTIFICIAL TURF,,16.26,B11455,landscape,1283.75,
203,P-4 DECORATIVE ROCK,,16.32,B11455,landscape,2111,
204,GRAVEL,,92.76,B11450,landscape,18060,
205,HEADERS,,0.08,B11450,landscape,12.15,
206,mow curb,,0,B11445P,landscape,8360,
207,"ITEM ""F"" EASY PAVE",,462.1,B11450,landscape,23908,
208,EXIST. PLUMERIA RELOCATION,,70,B11450,landscape,0,
209,test,,0,B11448,irrigation,0,
210,test,,0,B11448,drains,0,
211,ARTIFICIAL TURF,,0,B11448,landscape,0,
212,DG,,93,B11448,landscape,11160,
213,HEADER,,0.03,B11448,landscape,6.1,
214,BOULDERS,,361.5,B11448,landscape,20150,
215,VISTA PRODUCTION DRAINS,,301.5,B11455.P,drains,11827.5,
216,MODEL REAR YARD PATIO,,17.872,B11455.P,irrigation,1085,
217,MODEL PATIO PLANTING,,59.725,B11455.P,landscape,6443,
218,POT PLANTING,,48.56,B11455.P,landscape,2790,
219,ARTIFICIAL TURF,,16.26,B11455.P,landscape,1283.75,
220,P-4 DECORATIVE ROCK,,16.32,B11455.P,landscape,2111,
221,BIO RETENTION BASIN SOIL FILL,,171.75,B11456A,drains,29985,
222,BIORETENTION TRENCH,,230,B11456,drains,46145,
223,PIPE COMPARE,,0,B11456,drains,-9020,
224,test,,2.47,B11456A,drains,470.3,
225,POT PLANTING,,73.44,B11461,landscape,4057.5,
226,4.2 ROCK MULCH,,11.42,B11461,landscape,3308,
227,BOCCE BALL COURT PAVING,,33.4,B11459,landscape,8555,
228,SYNTHETIC TURF,,54.9,B11459,landscape,4275,
229,OFFSITE IRRIGATION,,63.004,B11459,irrigation,3074.2,
230,OFF-SITE PLANTING,,74.715,B11459,landscape,4170,
231,STORM TRAP DRAIN SYSTEM,,30.3,B11459,drains,3050,
232,MOW CURB,,0,B11460,landscape,22,
233,ARTIFICAL TURF,,0,B11460,landscape,4,
234,DG-STABELIZED,,0,B11460,landscape,0,
236,ALT. ADD SPRAY HEADS,,159.64,B11465,irrigation,7448,
237,BOULDERS,,3,B11458,landscape,390,
238,BOULDERS,,3,B11458B,landscape,490,
241,DRINKING FOUNTAIN,,28.8,B11442.P,irrigation,6835.86,
242,DECORATIVE GRAVEL,,23,B11442.R,landscape,3455,
243,PRIVATE PATIO IRRIGATION,,61.756,B11442.M,irrigation,3180.98,
244,P-13 GRASS PAVER,,148.8,B11460,landscape,11160,
245,(SF-7) POTS,,80.69,B11465,landscape,3879,
246,POOL DECK SLOT DRAIN,,85,B11460,drains,3570,
247,PLANTER SOIL AT ROOF DECK,,120.32,B11457,landscape,21740,
248,GRAVEL AROUND TRANSFORMER PAD,,2.6,B11457,landscape,420,
250,#16 STABILIZED GRAVEL PAVING (DG),,101.56,B11450,landscape,11643,
251,Pots and lightweight soil,,96,B11441,irrigation,19900,
254,P-11 DECOMPOSED GRANITE,,22.84,B11460,landscape,3999,
255,SF-05 DRINKING FOUNTAIN,,17.2,B11460,irrigation,6172.2,
256,MSE WALL PLANTING,,695.45,B11466P,landscape,37209.95,
257,P-104 SYNTHETIC TURF (3 LOTS),,0,B11466M,landscape,0,
258,P-104 SYNTHETIC TURF,,31.2,B11466M2,landscape,2741.25,
259,P-104 SYNTHETIC TURF,,36,B11466M3,landscape,3378.75,
260,P-117 SAND,,3.25,B11466M3,landscape,692.5,
261,P-107 GRAVEL,,11.36,B11466M3,landscape,1665,
262,P-110 CRUSHED ROCK,,27.6,B11466M3,landscape,3846,
263,P-118 CRUSHED ROCK2,,2.44,B11466M3,landscape,497,
264,P-111 CRUSHED ROCK,,18.28,B11466M,landscape,3731,
265,P-113 GRAVEL,,18.28,B11466M2,landscape,2556,
266,LANDSCAPE BOULDER,,29,B11466M3,landscape,4516,
267,LANDSCAPE BOULDER,,10,B11466M2,landscape,2120,
268,LANDSCAPE BOULDER,,8,B11466M,landscape,2062,
269,BOULDER,,16,B11466TFY2C,landscape,12360,
270,POTS,,11.138,B11470.M,landscape,479,
271,BOULDER,,16,B11466TFY1B,landscape,12360,
272,BOULDER,,15,B11466TFY3D,landscape,10450,
273,BOULDER,,12,B11466TFY1C,landscape,8360,
274,BOULDER,,18,B11466TFY2D,landscape,12540,
275,BOULDER,,0,B11466TFY2E,landscape,0,
276,BOULDER,,24,B11466TFY3B,landscape,18540,
277,(OPT.) FERT. INJECTOR,,5,B11470,irrigation,955,
278,"(P4) 24"" SQ. STEPPERS",,11.1,B11470,landscape,1211.75,
279,FRONT YARD TREES (INSIDE TRACT),,179.2,B11466P,landscape,20800,
280,DOWN SPOT CONNECTION,,0,B11466P,drains,0,
281,SLEEVES,,58.2,B11470,irrigation,2085,
285,SHRUB V.E.,,0,B11470,landscape,0,
287,BOULDER,,14,B11466TFY1A,landscape,12180,
288,MSE WALL IRRIGATION,,672.893,B11466P,irrigation,28369.85,
290,ARTIFICIAL TURF,,27.6,B11158M,landscape,2100,
291,#15 METAL EDGING,,2.88,B11158M,landscape,672,
293,SYNTHETIC TURF,,13.8,B11469M,landscape,1522.5,
294,SYNTHETIC TURF,,13.8,B11469C,landscape,2167.5,
297,SYNTHETIC TURF,,367.8,B11469,landscape,25512,
298,ITEM 2.3 DECOMPOSED GRANITE,,125.3,B11469,landscape,12150,
299,PARKING LOT/ H.O.A. IRRIGATION,,126.274,B11416M,irrigation,6788.8,
300,(P-6) PEA GRAVEL,,4.42,B11416M,landscape,1210.5,
301,(P-7) ARTIFICIAL TURF,,11.94,B11416M,landscape,1236,
302,SLVS PER STD PLAN 217,,56,B11469,drains,5530,
303,(OPT.) STEEL GRATE ILO PLASTIC,,0,B11416,drains,3939,
304,(OPT.) METERED CONT. ENCLOSURE,,0,B11416,irrigation,21350,
305,DECOMPOSED GRANITE,,9.1,B11416,landscape,1345,
306,Headerboard,,10.8,B11475,landscape,1440,
307,POT PLANTING,,6.384,B11158M,landscape,287.5,
308,TEST,,0,B11158,landscape,0,
309,POT PLANTING,,55.68,B11471.M,landscape,1457,
310,STREET SLEEVES,,9.6,B11478.M,irrigation,660,
311,P-06 ARTIFICIAL TURF,,6.84,B11471.M,landscape,645,
312,HOA IRRIG RECLAIMED WATER,,204.067,B11471.M,irrigation,21288.9,
313,PRIVATE LOTS IRRIGATION,,1322.736,B11471,irrigation,74122.8,
314,STREET SLEEVES,,20.8,B11478.P,irrigation,1430,
315,(OPT.) PEDESTAL MOUNT CONTROLLER,,11,B11478.M,irrigation,3320,
316,(OPT.) HIGH WIND STAKING,,0,B11478.P,landscape,462.5,
317,DURAEDGE HEADER,,19.2,B11038,landscape,3520,
318,P-116 PRECAST STEPPING STONE,,1.4,B11466M,landscape,105,
319,DECOMPOSED GRANITE,,267,B11483.C,landscape,36579,
320,DECOMPOSED GRANITE,,267,B11483.P,landscape,36579,
321,SDR 35 ILO SCH 40,,0,B11472,drains,-2866,
323,STREET SLEEVES,,5.6,B11472,irrigation,270,
324,PLAN 1 TOTAL BOULDERS  (12 LOTS),,68,B11466TFY1A,landscape,15179,
325,PLAN 2 TOTAL BOULDERS (16 LOTS),,84,B11466TFY2C,landscape,12189,
326,PLAN 3 TOTAL BOULDERS (11 LOTS),,56,B11466TFY3B,landscape,10052,
327,PURCHASE  PRODUCTION TREES,,0,B11466P,landscape,29500,
328,(P-5) DECOMPOSED GRANITE PAVING,,6.38,B11488,landscape,1191.2,
329,STREET SLEEVES,,9.6,B11488,irrigation,560,
330,DECOMPOSED GRANITE PAVING,,201.8,B11489,landscape,30210,
335,VE BUBBLER,,-9.49,B11488,irrigation,-2810.5,
336,STREET SLEEVES,,61.6,B11484.P,irrigation,12061,
337,PRIVATE 'SM' LOT,,204.4,B11484.P,irrigation,22642.38,
338,PRIVATE 'M' LOT,,557.66,B11484.P,irrigation,31743.69,
339,PRIVATE 'LG' LOT,,522.06,B11484.P,irrigation,28109.46,
352,POT PLANTING,,18.24,B11485,landscape,2295,
353,SPECIMEN ALTS,,20,B11485,landscape,20575,
354,REAR YARD SLOPES PLANTING,,168.21,B11474,landscape,5481.5,
355,REAR YARD SLOPES IRRIGATION,,151.366,B11474,irrigation,7673.5,
356,DECOMPOSED GRANITE,,12,B11494,irrigation,2400,
357,LIGHTING CONDUIT,,64.24,B11475,irrigation,1824,
358,#11 BEACH PEBBLE,,1.81,B11474M,landscape,249,
359,GRAVEL CHIPS,,6.1,B11474M,landscape,2265,
360,CONCRETE MOW CURB,,0,B11496,landscape,26614,
361,DECOMPOSED GRANITE PAVING,,294.5,B11496,landscape,41252,
362,CONCRETE MOW CURB,,0,B11495,landscape,6650,
363,DECOMPOSED GRANITE PAVING,,83,B11495,landscape,9179,
365,DECOMPOSED GRANITE PAVING,,37,B11496C,landscape,4766,
368,MODEL H.O.A. IRRIGATION,,85.962,B11158M,irrigation,4522.85,
369,VE CLMN SHRUBS,,-86.58,B11471,landscape,-5055,
370,VE LIGUSTRUM,,-277.44,B11471,landscape,-12480,
371,CONCRETE MOW CURB,,0,B11496F 1A,landscape,26614,
372,DECOMPOSED GRANITE PAVING,,294.5,B11496F 1A,landscape,41252,
373,CONCRETE MOW CURB,,0,B11496F 2A,landscape,26614,
374,DECOMPOSED GRANITE PAVING,,294.5,B11496F 2A,landscape,41252,
375,CONCRETE MOW CURB,,0,B11495C,landscape,26614,
376,DECOMPOSED GRANITE PAVING,,294.5,B11495C,landscape,41252,
377,CONCRETE MOW CURB,,0,B11496F 3A,landscape,26614,
378,DECOMPOSED GRANITE PAVING,,294.5,B11496F 3A,landscape,41252,
379,CONCRETE MOW CURB,,0,B11496F 2C,landscape,26614,
380,DECOMPOSED GRANITE PAVING,,294.5,B11496F 2C,landscape,41252,
381,"LOT 30 DECOMPOSED GRANITE PAVING (ITEM ""G"")",,58.02,B11496M,landscape,9935,
382,LOT 30 PLAY AREA SURFACING,,37.36,B11496M,landscape,3452,
383,LOT 30LANDSCAPE BOULDERS,,38,B11496M,landscape,6218,
384,LOT 29 DECOMPOSED GRANITE,,23.1,B11496M,landscape,3448,
385,LOT 29 BOCCE COURT PAVING,,31,B11496M,landscape,7762,
386,LOT 28 STONE STEPPERS,,29.9,B11496M,landscape,1495,
387,POT PLANTING,,63.138,B11496M,landscape,5362,
388,"LOT 28 GRAVEL PATH (ITEM ""D"")",,93.64,B11496M,landscape,9981,
398,POT PLANTING,,5.528,B11495C,landscape,181,
399,DG TRAIL,,93,B11474,landscape,14595,
400,MODEL PLANTING DUPLICATION,,-52.5685,B11442,landscape,-2648.25,
402,MODELS IRRIG DUPLICATION,,-47.331,B11442,irrigation,-2348.5,
403,LANDSCAPE BOULDERS AT PLANTERS,,22,B11474P,landscape,2235,
404,P-10 DECOMPOSED GRANITE PAVING,,7.5,B11491,landscape,936,
405,P-04 CONCRETE MOW CURB AT DG EDGE,,8,B11491,landscape,128,
406,P-06 DECOMPOSED GRANITE PAVING,,24.5,B11494,landscape,6091,
407,LANDSCAPE BOULDERS,,15,B11494,landscape,2134,
408,Test,,0,B10001,irrigation,32,
410,DECORATIVE COBBLE,,128,B11503,landscape,12160,
411,GRAVEL,,339,B11503,landscape,33900,
412,LOT 33 DECOMPOSED GRANITE PAVING,,7.92,B11487,irrigation,1103,
413,LOT 33 DECORATIVE ROCK (Item 4.3),,5.22,B11487,irrigation,1102,
414,LOT 34 ARTIFICIAL TURF,,12.84,B11487,irrigation,3291.5,
415,LOT 32 DECORATIVE ROCK (Item 4.3),,3.61,B11487,irrigation,716,
416,LOT 9 COBBLE STONE @ FOUNTAIN (Item 2.3),,3.23,B11479.M,landscape,838,
417,LOT 9 COBBLE STONE @ STEPPERS (R-2),,2.83,B11479.M,landscape,906,
418,LOT 8 DECOMPOSED GRANITE PAVING (Item 4.4),,7.56,B11479.L8,landscape,1048.5,
419,LOT 8 PEBBLE ROCKS @ STEP PADS(Item 4.3),,4.12,B11479.L8,landscape,714,
420,COBBLE STONE @ WATER FEATURE (Item 2.4),,0,B11479.L8,landscape,0,
425,DOWNSPOUTS,,22.5,B11486,drains,465,
430,P-2 DECOMPOSED GRANITE PAVING,,84.5,B11497,landscape,8400,
431,TEST,,0,B11479.L7,landscape,0,
432,P-07 DECOMPOSED GRANITE PAVING,,0,B11493,landscape,0,
433,SINK SEWER LINE,,0,B11479.L8,drains,0,
435,Test Sub bid,,30,B11505,drains,620,
437,P-1 CONCRETE MOW CURB,,116.5,B11497,landscape,1864,
439,Sub-bid 439,,11.54,B11451,landscape,1405,
441,MODEL RESTROOM PLANTING,,7.565,B11451,landscape,476.25,
442,MODEL BACKYARD PLANTING,,2.645,B11451,landscape,141.5,
443,MODEL H.O.A. PLANTING,,257.57,B11451,landscape,18804.8,
444,PRODUCTION POT PLANTING,,9.72,B11451,landscape,366.5,
445,BACKFLOW ENCLOSURE ALT. BID,,0,B11451,irrigation,-969,
446,Sub-bid 446,,0,B11451,irrigation,34,
447,test,,0,B11476,landscape,0,
454,Test,,0,B11515P,irrigation,0,
458,P-05 SYNTHETIC TURF,,9.66,B11018,landscape,1392,
459,P-08 DECORATIVE CRUSHED STONE,,36.6,B11018,landscape,7410,
460,P-09 DECOMPOSED GRANITE,,18.44,B11018,landscape,4015,
461,ITEM #21 SOIL FOR RAISED PLANTERS,,13,B11018,landscape,670,
462,CATT ROAD PKWY PLANTING,,67.53,B11018,landscape,4175.5,
463,Sub-bid 463,,0.75,B11018,landscape,10,
467,TEST,,0.86,B11513,landscape,16,
469,alt. add for fertilizer injector,,5,B11514,irrigation,1460,
470,PLAN1 TYPICAL REAR YARD PLANTING,,29.1065,B11416,landscape,1662.5,
471,PLAN 2 TYPICAL REAR YARD PLANTING,,28.12,B11416,landscape,1672.5,
472,PLAN 3 TYPICAL REAR YARD PLANTING,,18.015,B11416,landscape,1180,
473,PLAN 1,,33.15,B11416,landscape,1787.5,
474,PLAN 2,,48.0125,B11416,landscape,2691.5,
475,PLAN 3,,46.9725,B11416,landscape,2593,
476,MODEL BUILD-OUT,,175.65,B11416,drains,4152.5,
477,TYPICAL LOT IRRIGATION,,15.855,B11416,irrigation,833.8,
478,TYPICAL,,17.943,B11416,irrigation,922.8,
479,POT PLANTING,,34.44,B11513M,landscape,1842.5,
480,DOWN SPOUTS CONNECTION,,507,B11513,drains,10296,
481,DOWN SPOUTS CONNECTION,,25.5,B11513M,drains,534,
482,MODELS UPGRADES,,11.71,B11488,landscape,1674,
483,MODELS POT PLANTING,,11.53,B11488,landscape,615,
484,REAR YARD GRAVEL PAVING (P-2),,3038,B11328,landscape,195275,
485,TREE STAKING ADD FOR HIGH WIND AREA,,0,B11328,landscape,10635.6,
486,REAR YARD SLOPES PLANTING,,162.3,B11328,landscape,4982.5,
487,P-1 DECOMPOSED GRANITE TRAIL,,290.5,B11328S,landscape,32660,
488,TREE STAKING ADD FOR HIGH WIND AREA,,0,B11328S,landscape,1238.4,
489,LANDSCAPE BOULDERS,,19,B11328S,landscape,3390,
490,LANDSCAPE BOULDERS,,22,B11328,landscape,3670,
491,P-2 CONCRETE HEADER UNDER RAIL FENCE,,0,B11328S,landscape,27940,
492,ARTIFICIAL TURF,,31.5,B11521,landscape,3378.75,
493,REC AREA POTABLE IRRIGATION,,289.921,B11328,irrigation,23286,
494,Test Other Materialss,,0,B11451,landscape,0,
495,REAR YARD SLOPES IRRIGATION,,469.08,B11328,irrigation,17040.5,
496,etest,,3.63,B10001,drains,118.8,
497,wef wer,,0.04,B10001,landscape,4,
498,P-1 ROAD BASE,,49.56,B11523,landscape,4604,
499,P-3 CRUSHED GRAVEL PAVING,,47,B11523,landscape,8661,
500,P-4 DECOMPOSED GRANITE PAVING,,65,B11523,landscape,6681,
508,(P-7) ARTIFICIAL TURF,,36,B11475,landscape,4837.5,
509,"LS, SUBMITTAL #3",,-1.856,B11475,irrigation,-204.5,
510,SF-1 LANDSCAPE BOULDER EDGING,,91,B11523,landscape,7930,
511,SF-10 DRY CREEK BOULDERS,,83.23,B11523,landscape,10630,
513,Test,,0,B10001.M,irrigation,32,
514,etest,,3.63,B10001.M,drains,118.8,
515,wef wer,,0.04,B10001.M,landscape,4,
517,ROCK MULCH,,50.48,B11527,landscape,8478,
524,teee,,0.04,B11513,maintenance,4,
531,(P-5) ARTIFCIAL TURF,,25.5,B11526,landscape,2760,
532,ALT. PUMP ADD (POC,,10,B11509,irrigation,20800,
533,(P-5) ARTIFICIAL TURF @ CONC. CHECKERBOARD,,9,B11526,landscape,956.25,
534,(P-6) METAL EDGING,,3.84,B11526,landscape,640,
535,#30 ROCK COBBLE @ LOT 79,,2.76,B11509.M,landscape,1157,
536,#31 CRUSHED ROCK TOP DRESSING,,135.22,B11509.M,landscape,13978,
537,#22 COBBLE AT LOT 76,,7.06,B11509.M,landscape,1662,
538,#28 ROCK COBBLE AT LOT 78,,11.29,B11509.M,landscape,1802.5,
539,P-5 LS EDGING,,19.5,B11523,landscape,4275,
540,POT PLANTING AT LOT 79,,6.628,B11509.M,landscape,199,
541,Amphitheater wall burrito,,34.045,B11523,drains,912.3,
542,FIRE MONITOR CONDUIT,,49.64,B11470,irrigation,1640,
543,Rear yard cobble,,2.54,B11511,landscape,800,
544,Rear Yard synth turf,,6.6,B11511,landscape,1260,
545,#31 CRUSHED ROCK TOP DRESSING,,104.5,B11509F,landscape,8346,
546,#22 COBBLE AT LOT 76,,7.06,B11509F,landscape,1662,
547,#30 ROCK COBBLE @ LOT 79,,2.76,B11509F,landscape,1157,
548,#28 ROCK COBBLE AT LOT 78,,11.29,B11509F,landscape,1802.5,
549,POT PLANTING AT LOT 79,,6.628,B11509F,landscape,199,
555,#31 CRUSHED ROCK TOP DRESSING,,104.5,B11509F.2,landscape,8346,
556,#22 COBBLE AT LOT 76,,7.06,B11509F.2,landscape,1662,
557,#30 ROCK COBBLE @ LOT 79,,2.76,B11509F.2,landscape,1157,
558,#28 ROCK COBBLE AT LOT 78,,11.29,B11509F.2,landscape,1802.5,
559,POT PLANTING AT LOT 79,,6.628,B11509F.2,landscape,199,
560,#31 CRUSHED ROCK TOP DRESSING,,104.5,B11509F.1,landscape,8346,
561,#22 COBBLE AT LOT 76,,7.06,B11509F.1,landscape,1662,
562,#30 ROCK COBBLE @ LOT 79,,2.76,B11509F.1,landscape,1157,
563,#28 ROCK COBBLE AT LOT 78,,11.29,B11509F.1,landscape,1802.5,
564,POT PLANTING AT LOT 79,,6.628,B11509F.1,landscape,199,
565,(5.7) ARTIFICIAL TURF,,72,B11534,landscape,5760,
566,#31 CRUSHED ROCK TOP DRESSING,,104.5,B11509F.3,landscape,8346,
567,#22 COBBLE AT LOT 76,,7.06,B11509F.3,landscape,1662,
568,#30 ROCK COBBLE @ LOT 79,,2.76,B11509F.3,landscape,1157,
569,#28 ROCK COBBLE AT LOT 78,,11.29,B11509F.3,landscape,1802.5,
570,POT PLANTING AT LOT 79,,6.628,B11509F.3,landscape,199,
571,#31 CRUSHED ROCK TOP DRESSING,,104.5,B11509F.4,landscape,8346,
572,#22 COBBLE AT LOT 76,,7.06,B11509F.4,landscape,1662,
573,#30 ROCK COBBLE @ LOT 79,,2.76,B11509F.4,landscape,1157,
574,#28 ROCK COBBLE AT LOT 78,,11.29,B11509F.4,landscape,1802.5,
575,POT PLANTING AT LOT 79,,6.628,B11509F.4,landscape,199,
576,#31 CRUSHED ROCK TOP DRESSING,,104.5,B11509F.5,landscape,8346,
577,#22 COBBLE AT LOT 76,,7.06,B11509F.5,landscape,1662,
578,#30 ROCK COBBLE @ LOT 79,,2.76,B11509F.5,landscape,1157,
579,#28 ROCK COBBLE AT LOT 78,,11.29,B11509F.5,landscape,1802.5,
580,POT PLANTING AT LOT 79,,6.628,B11509F.5,landscape,199,
581,#31 CRUSHED ROCK TOP DRESSING,,104.5,B11509F.6,landscape,8346,
582,#22 COBBLE AT LOT 76,,7.06,B11509F.6,landscape,1662,
583,#30 ROCK COBBLE @ LOT 79,,2.76,B11509F.6,landscape,1157,
584,#28 ROCK COBBLE AT LOT 78,,11.29,B11509F.6,landscape,1802.5,
585,POT PLANTING AT LOT 79,,6.628,B11509F.6,landscape,199,
586,STREET SLEEVES,,12.8,B11534,irrigation,2400,
587,#27 FLAGSTONE STEPPERS @ LOT 78,,11.775,B11509.M,landscape,1885,
590,AGG BASE UNDER RUBBER,,33,B11534,landscape,2920,
594,ITEM 1.9CONCRETE BAND @ UNIT 3,,21.5,B11537,landscape,344,
595,ITEM 1.12 MAINTENANCE SEPARATION CURB,,1.5,B11537,landscape,24,
596,BOX OLIVE COMPARE,,-52,B11416M,landscape,-6161,
597,OLIVE 2nd compare,,0,B11416M,landscape,10538,
598,OLIVE 3rd compare,,-52,B11416M,landscape,-4244,
601,ROOF DECK PLANTERS,,235.79,B11508,landscape,28651.25,
602,ROOF DECK PLANTERS,,33.454,B11508,irrigation,961.5,
603,ALT. BID FOR BRASS GRATES AT PATIO PAVING,,-50,B11328,drains,11000,
604,REC CENTER DRAINS,,236.25,B11328,drains,10853,
605,#5 SLOT DRAIN AT POOL DECK,,0,B11328,drains,1500,
606,ARTIFICIAL TURF AT OPEN SPACE,,135,B11328,landscape,9562.5,
607,POT PLANTING,,17.428,B11538M,landscape,805,
609,FOUNTAINS,,3,B11537,irrigation,60,
610,POT PLANTING,,17.428,B11538,landscape,689.5,
612,MISSED 30 GAL PLANTS,,67.5,B11487,landscape,5168,
613,30 GAL SHRUBS USING 24,,174.3,B11487,landscape,15571,
616,Angulare compare,,-45.12,B11416M,landscape,-3503,
617,TEST,,1.35,B11441,irrigation,173.9,
619,P-1 CONCRETE MOW CURB,,0,B11536,landscape,1672,
620,P-1 CONCRETE MOW CURB,,0,B11535,landscape,10230,
630,STREET SLEEVES,,28.3,B11536,irrigation,2967,
631,CRC: CAREX,,23.22,B11416M,landscape,946,
632,BUILDOUT DRAINS,,106.75,B11535,drains,2642,
633,STREET SLEEVES,,79.2,B11535,irrigation,8283,
634,DOWNSPOUTS,,567.5,B11511,drains,11930,
636,PRIVATE LOT IRRIG,,8.527,B11530,irrigation,475.95,
637,PRIVATE LOT IRRIG,,8.527,B11530.S,irrigation,475.95,
638,PRIVATE LOT IRRIG,,8.527,B11529.P,irrigation,475.95,
639,(OPT.) 2-WIRE,,41.9,B11528.E,irrigation,9906,
640,(OPT.) 2-WIRE,,35.8,B11528.B,irrigation,10877,
642,(P-5) LANDSCAPE EDGING,,0.96,B11511,landscape,200,
644,ITEM 1.9 DECOMPOSED GRANITE,,88.5,B11530.S,landscape,10995,
645,ITEM 3.4 ARTIFICIAL TURF,,78,B11530.S,landscape,6000,
647,STREET SLEEVES,,29.2,B11511,irrigation,3528,
649,PARK,,21.1795,B11540.P,landscape,1629,
650,PARK IRRI.,,83.276,B11540.P,landscape,11172,
651,INTERIOR LOT,,25.968,B11540.P,landscape,2504.5,
652,INTERIOR LOT IRRI.,,36.018,B11540.P,landscape,3388,
653,DOUBLE DRIVE LOT,,22.1265,B11540.P,landscape,2300,
654,DOUBLE DRIVE LOT IRRI.,,36.58,B11540.P,landscape,3196.5,
655,CUL-DE-SAC LOT,,27.9465,B11540.P,landscape,2704.5,
656,CUL-DE-SAC LOT IRRI.,,31.986,B11540.P,landscape,3059,
657,CORNER LOT,,17.3705,B11540.P,landscape,1255.5,
658,CORNER LOT IRRI.,,37.73,B11540.P,landscape,3393.5,
659,PARK,,84.132,B11540.P,irrigation,11187,
660,INTERIOR LOT,,36.018,B11540.P,irrigation,3388,
661,DOUBLE DRIVE LOT,,36.58,B11540.P,irrigation,3196.5,
662,CUL-DE-SAC LOT,,38.986,B11540.P,irrigation,3263,
663,CORNER LOT,,37.73,B11540.P,irrigation,3393.5,
664,R-COB 01 GRAVEL,,2.78,B11520,landscape,1102,
665,R-DG 01 DECOMPOSED GRANITE,,18.48,B11520,landscape,2750,
667,ITEM 2.8 SYNTHETIC TURF,,337.2,B11539,landscape,24013,
668,ITEM 2.7 DECOMPOSED GRANITE PAVING,,41.82,B11539,landscape,4390,
670,BOUG SDR 15g,,7.5,B11528.BM,landscape,435,
672,(4.1) STEPPING STONES,,12,B11543.P,landscape,1750,
673,DOWNSPOUT CONNECTIONS,,7.5,B11535,drains,155,
674,(OPT.) SUB-METER,,0.5,B11545,irrigation,2386,
675,CRANE TO SET,,12,B11543.P,landscape,4550,
676,SET CORED MARKERS,,132,B11543.P,landscape,1760,
679,SLOPES,,670.364,B11540.P,landscape,40537,
680,SLOPES,,310.748,B11540.P,irrigation,17448.4,
681,HOA,,174.61,B11540.P,irrigation,19552.5,
682,SLOPE PRV ALTERNATE,,38.75,B11328,irrigation,9300,
686,GRAVEL PAVING,,7.5,B11507,landscape,950,
688,6032; FOREST LAWN,,4.401,B10001,irrigation,342,
689,LIGHT WEIGHT SOIL FOR ROOF DECK PLANTERS,,140.4,B11507,landscape,19050,
691,POT PLANTING,,39.09,B11539,landscape,3632.6,
692,Duplicated items at models,,-21.35,B11529.P,drains,550,
695,ITEM SD8 STORM WATER TREATMENT PLANTER,,148.75,B11539,drains,19672,
697,BUILD OUT SHRUBS,,51.98,B11530,landscape,2485.75,
698,ARTIFICIAL TURF,,61.8,B11544,landscape,5737.5,
701,retention basin soil-gravel,,109,B11547,drains,16610,
706,PROD AREA HEADS/DRIP,,7.94,B11537,irrigation,2386,
708,PLAN 2,,215.6,B11546,irrigation,10554.2,
709,PLAN 3,,638.281,B11546,irrigation,19357.7,
710,PLAN 1-R,,95.329,B11546,irrigation,3826.95,
711,PLAN 2-R,,86.835,B11546,irrigation,3643.7,
712,Bid alt # 3 CONTROLLERS RETROFIT,,8,B11557,irrigation,29800,
713,PLAN 3-R,,42.681,B11546,irrigation,1533.15,
715,MARKETING CORRIDOR,,112.15,B11537,landscape,8799,
717,P-9 ARTIFICIAL TURF,,37.2,B11562,landscape,4143.75,
718,P-10 ARTIFICIAL PET TURF,,16.8,B11562,landscape,2223,
721,P-9 ARTIFICIAL TURF,,139.8,B11562-B,landscape,12577.5,
722,TOT LOT AGG BASE,,65,B11558PA,landscape,3600,
723,(P-5) SYNTHETIC TURF,,19.2,B11553,landscape,2100,
724,(P-7) DECORATIVE COBBLE,,10.34,B11553,landscape,3120,
725,POT PLANTING,,21.8,B11551,landscape,1020,
726,ITEM 13 MISC CRUSHED BASE,,476,B11551,landscape,23920,
728,USE NDS PLASTIC GRATE IN LIEU OF NYOPLAST,,0,B11562-B,drains,-17640,
729,USE NDS PLASTIC GRATES IN LIEU OF NYOPLAST,,0,B11562,drains,-8316,
732,HEADER,,64.5,B11551,landscape,10750,
733,STREET SLVS (PER PGP),,29.35,B11556,irrigation,4466,
737,TYPICALS LAYOUT 2,,48.3615,B11567,landscape,2248,
738,TYPICALS LAYOUT 3,,100.362,B11567,landscape,4192,
739,A-TYPICAL LAYOUT 1,,130.9275,B11567,landscape,5705.5,
740,A-TYPICAL LAYOUT 2,,67.6805,B11567,landscape,3208.5,
741,A-TYPICAL LAYOUT 3,,60.3715,B11567,landscape,2433,
742,TYPICAL LAYOUT 2,,100.415,B11567,irrigation,4873.5,
743,TYPICAL LAYOUT 3,,184.363,B11567,irrigation,8085,
744,A-TYPICAL LAYOUT 1,,227.424,B11567,irrigation,9455.4,
745,A-TYPICAL LAYOUT 2,,139.792,B11567,irrigation,6636.9,
746,A-TYPICAL LAYOUT 3,,118.739,B11567,irrigation,5950,
751,FUEL MOD SLOPES hydroseed,,0,B11565,landscape,17050.5,
753,CONCRETE MOW CURB,,0,B11565,landscape,93100,
754,DECOMPOSED GRANITE PAVING,,79.5,B11565,landscape,8094,
757,[L-08] ROCK GROUND COVER,,27.6,B11502,landscape,2520,
759,(OPT.) QCV,,9.46,B11502,irrigation,880,
760,(OPT.) 2-WIRE CABLE CONDUIT,,79.2,B11502,irrigation,3211.5,
761,P-2 DECOMPOSED GRANITE PAVING,,106.06,B11558PA,landscape,23654,
762,LANDSCAPE BOULDERS,,53,B11558PA,landscape,1600,
763,P-4 MOW CURB,,0,B11558PA,landscape,3674,
764,SF-5 BOULDER TABLE TOP,,12,B11558PA,landscape,2000,
765,(1) MOWCURB,,0,B11565A,landscape,2090,
766,(7) MOWCURB AT SLOPES,,0,B11565A,landscape,12980,
767,POOL DECK DRAINS,,6.5,B11558.R,drains,3035,
768,FUEL MOD SLOPES,,0,B11565A,landscape,1435,
770,ITEM H-9 BOULDERS,,77,B11572,landscape,7941,
771,H-18 TEMPORARY DG PARKING LOT,,58.26,B11572,landscape,6863,
772,H-8 DECOMPOSED GRANITE PAVING AT GAMES COURT,,12.6,B11572,landscape,1158,
773,S-4 ARTIFICIAL TURF,,114,B11572,landscape,9541.25,
774,H-5 GRAVEL G.C. TOPDRESSING,,400,B11572,landscape,35718,
775,H-22 GRAVEL PATH,,19.82,B11572,landscape,2941,
776,POT PLANTING,,64.282,B11572,landscape,2567,
777,H-4 DECOMPOSED GRANITE PAVING,,104.003,B11572,landscape,18820.2,
778,H-20 DRY STREAM BED,,25,B11572,landscape,6818,
779,H-6 PEA GRAVEL PAVING,,17.7,B11572,landscape,5949,
780,H-7 COBBLE PAVING,,35.4,B11572,landscape,9513,
781,H-16 CONCRETE HEADER,,0,B11572,landscape,3080,
782,POT PLANTING,,32.46,B11573,landscape,3594,
783,PLANT REPLACEMENT ALLOWANCE,,40.5,B11573,landscape,2900,
784,H-7 COBBLE ROCK @ LOT 134 SALES OFFICE,,10.5,B11572,landscape,3495,
787,P-12 ARTIFICIAL TURF (per const. plan),,27.3,B11566,landscape,2860,
788,P-9 CRUSHED ROCK,,13.3,B11566,landscape,2850,
789,P-8 DECOMPOSED GRANITE PAVING,,3.44,B11566,landscape,926,
791,ALT. BID FOR SOD TURF,,6.09,B11566,landscape,458,
792,POT ALLOWANCE,,33.23,B11560,landscape,2038,
796,cobble,,30.5,B100,landscape,6500,
798,CRIB WALL SOIL & PLANTING,,1364.79,B11558.S,landscape,53059,
799,GRAVEL,,5.2,B11575,landscape,1630,
801,POTS,,127.75,B11520,landscape,2874,
802,STREET CROSSING SLVS,,62.4,B11533,irrigation,3186,
803,TREE RELOCATION,,137.15,B11520,landscape,10145.76,
804,ALT. BID W/ TWO-WIRE SYSTEM,,-1.4,B11520,irrigation,7782.6,
805,[P-6] DECORATIVE ROCK AT ROUNDABOUT,,59.3,B11559,landscape,11545,
806,[P-4] DECORATIVE ROCK AT P.A.,,249.1,B11559,landscape,80100,
807,SA-19 BOULDERS,,71,B11558.R,landscape,1600,
808,P-6 DECOMPOSED GRANITE PAVING,,78,B11558.R,landscape,15989,
809,P-9 DECORATIVE ROCK PAVING,,36.4,B11558.R,landscape,4580,
810,P-11 CRUSHED ROCK TOP DRESSING,,54.8,B11558.R,landscape,6820,
811,SF-7 TABLE AT BASKETBALL COURT,,8,B11558.R,landscape,400,
812,REVERSED OSMOSIS SYSTEM FOR GREEN HOUSE,,0,B11520,irrigation,0,
813,POTABLE POOL DECK QCV SYSTEM,,32.33,B11558.R,irrigation,4437.5,
814,PEA GRAVEL,,8.2,B11520,landscape,905,
815,DRINKING FOUNTAIN,,34.6,B11558.R,irrigation,9430.79,
816,PLANTING AREAS TOP DRESSING,,90.16,B11520,landscape,5670,
819,CRIB WALL IRRIG,,839.765,B11558.S,irrigation,12569.1,
820,PRESSURE REGULATOR ALT. ADD,,34,B11567,irrigation,28390,
821,DECOMPOSED GRANITE,,37.603,B11578.P,irrigation,3995.2,
822,LIGHTING FIXTURES,,0,B11578.P,irrigation,0,
823,VE OPTIONS,,-408.12,B11502,landscape,-30780,
824,POT PLANTING,,6.408,B11565A,landscape,226.2,
825,DECOMPOSED GRANITE,,37.603,B11578.S,irrigation,3995.2,
826,LIGHTING FIXTURES,,0,B11578.S,irrigation,0,
827,(PV-07) DECORATIVE CRUSHED STONE,,3.3,B11568,landscape,755,
828,DRACENA UPSIZE,,6.8,B11566,landscape,14700,
829,629 COATE COURT,,47.175,B11519VE,drains,1684.5,
830,(W-01) & (W-02) WALL PLANTERS,,206.25,B11568,landscape,35219.75,
834,"LVL 2,3,5",,57.139,B11568,irrigation,5864.1,
835,LVL 6,,82.58,B11568,irrigation,6161.7,
836,(OPT.) 2-WIRE CABLE CONDUIT,,32.4,B11568,irrigation,2863.2,
837,PLANTING IN UPPER LVLS,,169.384,B11568,landscape,19295.35,
838,POT PLANTING,,35.74,B11581M,landscape,2026,
839,PLANTER POTS,,358.48,B11568,landscape,48337.5,
840,ARTIFICIAL TURF,,28.2,B11581M,landscape,2868.75,
844,S17 SYNTHETIC TURF,,88.2,B11586,landscape,6251.75,
845,R16 SYNTHETIC TURF AT DOG PARK,,73.5,B11586,landscape,6000,
846,DIANELLA DOWNSIZE,,-229.92,B11529,landscape,-9633.8,
848,#29 COMPOSITE HEADER,,4.2,B11581M,landscape,704.2,
849,#31 FIRE PIT,,5,B11581M,irrigation,4570,
851,BOCCE COMPARE,,0,B11533,landscape,2313,
854,POT PLANTING,,142.3,B11577,landscape,5278,
856,PARKING ISLAND ALT. BID,,312,B11577,landscape,37800,
858,DG,,39.78,B11585,landscape,6496,
859,POTS,,0,B11585,landscape,0,
860,DECOMPOSED GRANITE,,19.38,B11560,landscape,4450,
861,ARTIFICIAL TURF,,21,B11560,landscape,2903.75,
868,S23 LANDSCAPE BOULDER,,13,B11586,landscape,2342,
869,S22 LOOSE GRAVEL PAVING,,9.9,B11586,landscape,1430,
870,S18 DECOMPOSED GRANITE PAVING,,28.32,B11586,landscape,3982,
871,ALT. ADD FOR TWO WIRE CONDUIT,,136.8,B11586,irrigation,10288.4,
872,W16 CONCRETE MOW CURB,,0,B11586,landscape,7920,
874,ITEM B DG PAVING,,16,B11578,landscape,1675,
875,ITEM #1 CONCRETE CURB,,0,B11578,landscape,5170,
876,DRINKING FOUNTAIN,,26.2,B11578,irrigation,14150,
877,CRUSHED STONE,,54.66,B11587,landscape,9688,
878,DECOMPOSED GRANITE,,47.02,B11587,landscape,11596,
879,BOULDERS,,22,B11587,landscape,5300,
881,GABION WALLS,,171,B11587,landscape,5270,
883,REAR YARD ATYPICAL 1 compare,,5.41,B11416M,landscape,-147,
884,two-wire conduit alt,,64.8,B11538,irrigation,5400,
887,PRIVATE LOT IRRIGATION,,69.948,B11579.M,irrigation,3853.7,
889,1.11 SYNTHETIC TURF @ PLAN 3,,13.2,B11579.M,landscape,1870.5,
890,1.10 TURF JOINTS AT PLAN 3,,1.2,B11579.M,landscape,85,
891,1.14 GRAVEL GROUND COVER AT PLAN 3,,2.95,B11579.M,landscape,550,
892,1.15 GRAVEL GROUNDCOVER AT PLAN 4,,3.6,B11579.M,landscape,620,
893,1.16 GRAVEL GROUND COVER AT PLAN5,,4.1,B11579.M,landscape,920,
894,1.17 DECOMPOSED GRANITE AT PLAN 5,,2,B11579.M,landscape,410,
897,UPSIZE GEIJERA BLDG 1,,10.2,B11475,landscape,2060,
899,MODEL SHRUB UPDATE,,317.67,B11533.M,landscape,22754,
900,CONCRETE MOW CURB,,0,B11517,landscape,3010,
906,POT PLANTERS,,134.28,B11525,landscape,12318.8,
907,[7] STABILIZED DG,,64.9,B11525,landscape,7332.5,
910,PLANT REPLACEMENTS PER EXHIBIT,,7.46,B11537,landscape,467.5,
912,BIOSWALE PLANTER,,16.8,B11560,drains,1617,
913,BASEMENT FLOOR DRAINS,,10,B11560,drains,234,
914,COBBLE ALTERNATE TO DG,,56.28,B11585,landscape,6736,
915,P3  ARTIFICIAL TURF,,76.8,B11597,landscape,13320,
916,POT PLANTING,,16.53,B11597,landscape,550.5,
917,(OPT.) SCH 80 FITTINGS,,0,B11525,irrigation,23950,
919,test bid,,0.75,B11545,landscape,55,
920,Testing,,0,B11428,maintenance,0,
929,(P-103) TURF-BLOCK,,128.8,B11595,landscape,3220,
930,(P-401) DECOMPOSED GRANITE,,11.72,B11595,landscape,2917.5,
937,(S-105) GARDEN BEDS SOIL,,6,B11595,landscape,480,
938,BURRITO DRAINS AT REAR WALL,,34.8,B11519VE,drains,552,
940,[2] DG PAVING,,37.42,B11588,landscape,7393,
941,[1] COCNRETE MOW CURB,,0,B11588,landscape,2240,
942,(1) SENDERO FIELDSTONE BOULDERS,,178,B11588,landscape,36225,
944,P-4 SYNTHETIC TURF,,130,B11589,landscape,28193,
946,TURF BLOCK IRRIGATION,,0,B11475,irrigation,0,
948,3'' lodgepole for wind,,0,B11584,landscape,339.3,
949,TRISTANIA STAKES,,3.25,B11595,landscape,806,
956,PRV FOR TEMP BACKFLOW,,1.25,B11584,irrigation,1815,
957,PHASE 2 SLOPES,,1235.23,B11606,landscape,55104.45,
958,PHASE 2 PLANTING,,27.15,B11606P,landscape,1354,
959,ITEM 2.2 DECOMPOSED GARNITE PATH,,125.46,B11606,landscape,31157,
960,TREE PROTECTION FENCE,,20.5,B11606,landscape,3665,
961,PHASE 2 PORTION,,36.406,B11606,irrigation,1983.2,
966,PHASE 2 PORTION,,46.301,B11606P,irrigation,7681.5,
967,POT PLANTING,,25.344,B11598.M,landscape,1454,
970,SYNTHETIC TURF,,150,B11584,landscape,12750,
974,P-5 DECOMPOSED GRANITE,,57.1,B11603,landscape,11547.5,
975,P-4 DECORATIVE CRUSHED ROCK,,192.2,B11603,landscape,26595,
976,P 8-11 BOULDERS,,239,B11603,landscape,4800,
978,SYNTH TURF,,263.4,B11592,landscape,24381,
980,STREET SLEEVES,,8.9,B11596,irrigation,2212,
982,CONCRETE MOW CURB,,0,B11565.2,landscape,8400,
984,LARGER VB COURT,,22.5,B11499,landscape,6700,
985,FUEL MOD SLOPES,,0,B11565.2,landscape,646.5,
990,(OPT.) STREET SLEEVES,,103.2,B11580,irrigation,8230,
991,ITEM,,12.8,B11598,landscape,2125,
992,ITEM,,2,B11598,landscape,820,
993,POT PLANTING,,25.344,B11598,landscape,1454,
994,PRIVATE LOTS IRRIGATION,,26.1028,B11598,irrigation,990.55,
996,RECLAIMED WATER,,325.967,B11604,irrigation,26193.4,
1002,Test,,-0.05,B11445,maintenance,-8,
1003,SYNTHETIC TURF,,229.2,B11607,landscape,18600,
1004,P-5 DECOMPOSED GRANITE,,55.12,B11605,landscape,9600,
1005,P-4 DECORATIVE CRUSHED ROCK,,318.84,B11605,landscape,44610,
1006,P 10-13 BOULDERS,,378,B11605,landscape,6400,
1009,TEST,,0,B11546,landscape,0,
1010,ITEM 08 SYNTHETIC TURF,,120,B11599,landscape,12240,
1012,POT PLANTING,,0,B11608,landscape,0,
1013,#13 DECOMPOSED GRANITE,,27.57,B11608,landscape,3075,
1014,# 14 ARTIFICIAL TURF,,137.4,B11608,landscape,15450,
1016,POT IRRI.,,28.65,B11608,irrigation,371.25,
1017,[P-5] DECOMPOSED GRANITE,,62,B11604,landscape,11450,
1018,[P-6] DECORATIVE CRUSHED ROCK,,349,B11604,landscape,46050,
1019,[P-9] LANDSCAPE EDGING,,57,B11604,landscape,11875,
1020,[P-10]-[P-13] BOULDERS,,251,B11604,landscape,8600,
1021,[SF-5] BOULDER TABLE TOP,,16,B11604,landscape,1400,
1022,(OPT.) STREET SLEEVES,,30,B11604,irrigation,1740,
1024,DG,,0,B11610.V2,landscape,0,
1025,PARK AREA DRAINS,,99.75,B11605,drains,2114.25,
1026,DG,,0,B11610.V3,landscape,0,
1027,PHASE 13-16 FROM SET B PLANS,,242.25,B11605,drains,4976.25,
1028,P-3 DECOMPOSED GRANITE TRAIL,,7.34,B11609,landscape,766.9,
1029,P-5 MAINTENANCE TRAIL,,29.84,B11609,landscape,3946,
1030,P-5 DECOMPOSED GRANITE PATH,,22.2,B11611,landscape,2830,
1032,P-10 ARTIFICIAL TURF,,45,B11611,landscape,4860,
1033,P-9 PLAY SURFACE,,16.5,B11611,landscape,2675,
1038,POT PLANTING,,43.6,B11616,landscape,2687.5,
1040,POT PLANTING,,38.482,B11616M.A.,landscape,1341,
1041,P-5  DECOMPOSED GRANITE PAVING,,13.38,B11616,landscape,2804.5,
1042,P-3 DECORATIVE CRUSHED GRAVEL,,11.92,B11616,landscape,1835,
1043,LANDSCAPE BOULDERS,,13,B11616,landscape,400,
1044,POT PLANTING,,18.86,B11616M.B,landscape,739.5,
1045,P-2 &4 DECORATIVE GRAVEL,,3.57,B11616M.B,landscape,480,
1047,P-6  DECORATIVE GRAVEL,,2.45,B11616M.B,landscape,515,
1048,P-2&11 P1 DECORATIVE GRAVEL,,7.7,B11616M.A.,landscape,2168,
1050,P-14&19 P2 DECORATIVE GRAVEL,,2.3,B11616M.A.,landscape,370,
1051,P-8 DECOMPOSED GRANITE,,6.16,B11616M.A.,landscape,1675,
1052,P-18 P3 BOULDER,,9,B11616M.A.,landscape,300,
1053,VE OPTIONS,,-214.89,B11581,landscape,-16815,
1055,POTS,,8.53,B11615,landscape,457,
1057,ARTIFICIAL TURF,,882,B11615,landscape,85000,
1058,RECY. WATER,,125.424,B11615,irrigation,24967.9,
1066,P-06 DECORATIVE PEBBLE,,19.78,B11617M,landscape,5724,
1067,P-08 PEA GRAVEL/dg sideyards,,23.2,B11617M,landscape,4454,
1069,P-12 STEEL EDGING @ ARTIF. TURF,,5.28,B11617M,landscape,1424,
1070,S-05A-B BOULDER,,9,B11617M,landscape,4966,
1071,P-10 FOUNTAIN PEBBLE,,2.5,B11617M,landscape,1149,
1079,P-6 & P-7 DECORATIVE GRAVEL,,5.9,B11616M.A.,landscape,2095,
1081,ROCK MULCH,,1019.28,B11615,landscape,80717,
1083,P-3 DECOMPOSED GRANITE TRAIL,,209.58,B11609H,landscape,25494.8,
1084,ITEM P-4 LANDSCAPE EDGING,,63.48,B11609H,landscape,13225,
1086,P-2 CONCRETE MOW CURB,,0,B11609,landscape,945,
1087,P-2 CONCRETE MOW CURB,,0,B11609H,landscape,540,
1089,P-4 LANDSCAPE EDGING,,4.38,B11609,landscape,986,
1093,PLAN 2-GLASS 'A' TYPICAL,,49.7,B11416,landscape,2711.5,
1094,PLAN 3-GLASS 'A' TYPICAL,,49.47,B11416,landscape,2609.5,
1096,RELOCATE EXISTING PALMS,,64,B11465,landscape,8000,
1097,(OPT.) NEW PALM TREES,,36,B11465,landscape,17100,
1098,P-61 DECOMPOSED GRANITE,,34.16,B11624,landscape,4996,
1104,ITEM P-05 CONCRETE MOW CURB,,0,B11617,landscape,2530,
1105,AP-101 DECOMPOSED GRANITE,,24.36,B11624P,landscape,3358,
1106,P-7 DG PATH,,68.4,B11619,landscape,11750,
1107,SA-2 ARTIFICIAL TURF,,28.8,B11619,landscape,4250,
1108,PRIVATE  COURTYARD,,364.484,B11624P,irrigation,17199,
1112,LANDSCAPE BOULDERS,,12,B11623,landscape,1525,
1113,PEA GRAVEL PAVING,,15.8,B11623,landscape,2092,
1115,ITEM #4 DRIVEWAY IRRIG SLV,,40,B11617,drains,2300,
1119,D.G. 'TAN',,80.5,B11613,landscape,7350,
1120,P-7 DG PATH,,54.2,B11619TW,landscape,8950,
1121,SA-2 ARTIFICIAL TURF,,28.8,B11619TW,landscape,4250,
1122,SYNTH TURF,,92.34,B11617M,landscape,6451.5,
1123,POTS,,60.24,B11617M,landscape,1332,
1128,BID ALT #2 THRIVE,,8,B11557,irrigation,2500,
1129,"BID ALT #1, wires to valves",,26.2,B11557,irrigation,2912,
1131,DELTA 3,,-11.649,B11546,irrigation,-807.25,
1132,DELTA 3,,-7.2,B11546,landscape,-544.34,
1133,DURA SLOPE DRAIN,,21.08,B5964,drains,15917,
1137,DG PAVING / PATH,,40,B11629,landscape,4246,
1138,PLAY AREA SURFACING,,0,B11629,landscape,0,
1139,BENCHES,,0,B11629,landscape,0,
1140,PLAY STRUCTURE,,0,B11629,landscape,0,
1142,SHREDDED WOOD MULCH AT BENCH AREAS,,2.5,B11629,landscape,384,
1143,POTS,,12.28,B11632,landscape,18933.25,
1147,SEAT BOULDERS,,5,B11625,landscape,4531,
1148,DG PATH,,18.26,B11625,landscape,2794,
1150,Testing,,0,B11625,landscape,0,
1152,K-101 BOULDER FIELD,,32,B11622,landscape,5200,
1153,STORM PLANTER FILL,,84,B11622,landscape,11360,
1155,DG,,0,B11610,landscape,0,
1158,PLAN 1A,,1287.989,B11640.M,irrigation,45956.9,
1159,PLAN 3D,,32.826,B11640.M,irrigation,2917.6,
1161,Test,,0,B11640,sitework,0,
1162,DG @ PARKING ISLAND EDGE,,36,B11637,landscape,10550,
1163,LANDSCAPE BOULDERS,,23,B11637,landscape,600,
1164,POT PLANTING,,35.668,B11637,landscape,1558,
1169,POT PLANTING,,18.124,B11628,landscape,637.1,
1170,28ASYNTHETIC TURF,,216,B11628,landscape,17200,
1171,30 ALUMINUM EDGING,,32.64,B11628,landscape,6800,
1172,37 BOULDERS,,56,B11628,landscape,4580,
1175,CLUB HOUSE PLANTING,,397.24,BDGT182,landscape,22828.25,
1176,ITEM M-1 SIERRA COBBLE,,16.4,B11637,landscape,2031,
1177,ITEM M-4 ALTERNATE DG ADD,,9.4,B11637,landscape,2161,
1178,ITEM M-2 SIERRA COBBLE 1,,10.7,B11637,landscape,1303,
1183,V.E. ORGANIC LOCK DG,,0,B11637,landscape,-4690,
1184,PLAN 2DR,,36.838,B11641.M,irrigation,3029.4,
1185,PLAN 3DR,,26.623,B11641.M,irrigation,2402.35,
1186,H-06 BOCCE COURT DG SURFACING,,23,B11634,landscape,2726,
1187,H-07 CRUSHED GRAVEL,,90,B11634,landscape,10850,
1188,VE OPTIONS,,48.8,B11622,drains,-2020,
1189,VE OPTIONS,,-1.75,B11622,irrigation,-4180,
1190,MULCH EXIST. LS AREAS,,40,B11621,landscape,2000,
1191,C-01 CONCRETE MOW CURB,,0,B11634,landscape,4620,
1198,ITEM C-01 CONCRETE MOW CURB,,0,B11637,landscape,4620,
1199,ROCK COBBLE AT DOWNSPOUTS,,0.78,B11636,landscape,347,
1223,ROCK SWALE,,5.1,B11628F,landscape,540,
1234,(OPT.) PRESSURE REGULATOR,,0,B11636,irrigation,1930,
1237,ROCK SWALE,,0,B11628F.4,landscape,0,
1240,ROCK SWALE,,3.85,B11628F.7,landscape,415,
1241,DG,,28,B11551,landscape,5410,
1242,TURF BLOCK,,1262,B11551,landscape,72960,
1247,INTERIOR SLOPES,,0,B11180,landscape,29155,
1248,37 BOULDERS,,48,B11628PS,landscape,3125,
1249,28A-B SYNTHETIC TURF,,300,B11628PS,landscape,20000,
1250,30 ALUMINUM EDGING,,33,B11628PS,landscape,6875,
1251,3/4,,2,B11628PS,landscape,200,
1252,(28) STABILIZED DG.,,45,B11630,landscape,5145,
1253,DRAINAGE BUDGET,,701.1,B11598.M,irrigation,26150,
1254,ITEM #4 CONCRETE MOW CURB,,0,B11650,landscape,1320,
1259,AGG BASE UNDER RUBBER,,21.5,B11634,landscape,2095,
1260,PRIVATE COURTYARDS PLANTING,,106.08,B11624P,landscape,4843,
1265,LOT 13,,32.528,B11644.L,irrigation,3552.8,
1266,LOT 15,,32.208,B11644.L,irrigation,3618.5,
1267,LOT 18,,45.748,B11644.L,irrigation,4941.4,
1270,BUILD-OUT DRAINS,,26.5,B11642.M,drains,560,
1271,EXTEND FUTURE H.O. WATER SOURCE,,288.84,B11416M,irrigation,9014.5,
1276,#19 CONCRETE MOWCURB,,0,B11630,landscape,6512,
1282,DRINKING WATER SUPPLY,,62,B11630,irrigation,13712,
1283,TOT LOT SUBDRAIN,,18.4,B11534,drains,591.6,
1285,VE OPTIONS,,-92.55,B11623,landscape,-8868.5,
1286,BUBBLER V.E. OPTION,,-25.22,B11642,irrigation,-6790,
1287,VE SHRUBS,,-62.4,B11642,landscape,-6210,
1288,S-8 BOULDERS,,11,B11654M,landscape,1792,
1289,P 1-6 DECORATIVE GRAVEL,,54.5,B11654M,landscape,14412.5,
1291,RYT: PLAN #4,,3.885,B11356,landscape,157.5,
1292,RYT: PLAN #3,,2.585,B11356,landscape,110.1,
1293,S-10 METAL EDGING,,7.2,B11654M,landscape,1500,
1294,RYT: PLAN #2,,3.285,B11356,landscape,140,
1295,RYT: PLAN #1,,2.64,B11356,landscape,136.8,
1296,S-9 ARTIFICIAL TURF,,28.2,B11654M,landscape,1968,
1297,ADD FILTER FABRIC UNDER DG,,22.5,B11637,landscape,1500,
1298,AGG BASE BELOW RUBBER,,90,B11630,landscape,5220,
1300,RYT: PLAN #4,,138.786,B11356,irrigation,11569.5,
1301,POT PLANTING FOR RELOCATED POTS,,113.74,B11651,landscape,6024,
1302,RYT: PLAN #3,,177.82,B11356,irrigation,12383.5,
1303,RYT: PLAN #2,,168.826,B11356,irrigation,11834,
1304,RYT: PLAN #1,,184.82,B11356,irrigation,11834.75,
1305,TURF BLOCK ROAD BASE (CRC),,-16,B11475,landscape,-2870.1,
1306,28B RESIDENTIAL GOLF SYNTHETIC TURF,,27.6,B11628,landscape,2400,
1307,29A DG PATH @ LOT4,,8.7,B11628,landscape,1999,
1308,29B DG PATH @ LOT 8,,7.1,B11628,landscape,1377,
1309,29C DG PATH @ LOT 9,,21.8,B11628,landscape,3664,
1310,WALL BURRITO COMPARE,,63.8,B11574,drains,1012,
1311,ROCK MULCH AT PLANTING AREAS RM1 -RM8,,442.22,B11628,landscape,47816.5,
1312,36A GRAVEL PAVING,,3.6,B11628,landscape,920,
1313,36B DRY STREAM BED,,17.2,B11628,landscape,4904,
1314,ATRIUM GRATES ILO FLAT GRATES,,0,B11356,drains,1993.75,
1315,STREET SLEEVES,,63.2,B11356,irrigation,5580,
1316,"RFC #007, 4.2.26",,95.55,B11475,landscape,6615,
1317,APPROVED DELTA 2,,13,B11584,drains,278,
1318,CONCRETE MOWCURB,,0,B11628.HOA,landscape,7854,
1320,ROCK SWALE,,19.5,B11628F.1,landscape,2580,
1321,A-TYPICAL LOT w/ WATER EXTENSION,,21.455,B11416M,irrigation,1076.55,
1322,ROCK SWALE,,17.9,B11628F.2,landscape,1557,
1323,3A-B SYTHENTIC TURF,,0,B11657,landscape,0,
1324,ROCK SWALE,,3.725,B11628F.5,landscape,402.5,
1325,ROCK SWALE,,3.128,B11628F.6,landscape,562.5,
1326,ROCK SWALE,,3.725,B11628F.3,landscape,402.5,
1327,"synth turf, 3 lots",,362.1,B11356,landscape,58022.5,
1328,"FLAGSTONE, ITEM 40",,19.5,B11628,landscape,3250,
1329,PRV COMPARE,,18.25,B11628PS,irrigation,-21900,
1330,ROCK SWALE,,7.4,B11628FB,landscape,660,
1333,(OPT.) DOWNSPOUT CONNECTIONS,,521,B11640,drains,10786,
1334,(OPT.) DOWNSPOUT CONNECTIONS,,164,B11641,drains,3394,
1338,(OPT.) SOD IRRIGATION,,2.312,B11666,irrigation,101,
1339,S-2 DECOMPOSED GRANITE,,18.5,B11591,landscape,2794,
1340,test,,0,B11654.F,landscape,0,
1345,VICTORIA SQUARE HOA PARK,,904.91,B11431-R1,landscape,63946,
1346,H.O.A. PARK DRAINS,,116.5,B11431-R1,drains,3833.5,
1347,VICTORIA SQUARE OFF SITE,,1371.5165,B11431-R1,landscape,66224.5,
1348,OFFSITE DRAINS,,113,B11431-R1,drains,2655,
1349,PRODUCTION DRAINS,,2349.5,B11431-R1,drains,76102.25,
1350,VICTORIA SQUARE Person 8B3E4FC9,,1348.651,B11431-R1,landscape,94313,
1351,VICTORIA SQUARE OFF SITE IRRIGATION,,863.983,B11431-R1,irrigation,121402.1,
1352,H.O.A.PARK IRRIGATION,,546.786,B11431-R1,irrigation,42852.5,
1353,VICTORIA SQUARE Person 8B3E4FC9,,1637.095,B11431-R1,irrigation,145765.7,
1354,VICTORIA SQUARE Person 8B3E4FC9,,1348.651,B11431-R2,landscape,94313,
1355,VICTORIA SQUARE OFF SITE IRRIGATION,,863.983,B11431-R2,irrigation,121402.1,
1356,H.O.A.PARK IRRIGATION,,546.786,B11431-R2,irrigation,42852.5,
1357,VICTORIA SQUARE HOA PARK,,904.91,B11431-R2,landscape,63946,
1358,H.O.A. PARK DRAINS,,116.5,B11431-R2,drains,3833.5,
1359,VICTORIA SQUARE OFF SITE,,1371.5165,B11431-R2,landscape,66224.5,
1360,OFFSITE DRAINS,,113,B11431-R2,drains,2655,
1361,PRODUCTION DRAINS,,2349.5,B11431-R2,drains,76102.25,
1362,VICTORIA SQUARE Person 8B3E4FC9,,1637.095,B11431-R2,irrigation,145765.7,
1364,P-104 PEBBLE,,19.2,B11658M,landscape,7638,
1365,P-108 ARTIFICIAL TURF,,17.4,B11658M,landscape,1593.75,
1366,P-109 GRAVEL,,7.6,B11658M,landscape,918,
1373,P-4 SYNTHETIC TURF,,130,B11589.2,landscape,28580,
1377,#19 CONCRETE MOWCURB,,0,B11630-R1,landscape,6512,
1380,SA-102 LANDSCAPE BOULDER,,75,B11653PW,landscape,13942.5,
1381,DECOMPOSED GRANITE PAVING,,34,B11653PW,landscape,3700,
1382,ALT. ADD FOR PALM TREE  PLANTING SUPPORTS,,62.01,B11653PW,landscape,16695,
1384,BOULDERS,,13,B11658,landscape,3288,
1386,CONDUIT FOR 2-WIRE SYSTEM,,108,B11593,irrigation,8215.4,
1391,ALT. ADD FOR PALM TREE  PLANTING SUPPORTS,,62.01,B11653PW-R1,landscape,16695,
1400,S-11 ARTIFICIAL TURF,,36.24,B11665M,landscape,3200,
1401,S-14 DECORATIVE GRAVEL,,24.34,B11665M,landscape,3353,
1402,S-17 D.G.,,15.94,B11665M,landscape,3481,
1411,GRASS PAVE2,,118.08,B11663,landscape,9273.6,
1412,PINNEY HALL PLANTING,,10.055,B11663,landscape,482,
1413,P-3 INFIELD CLAY MIX,,152,B11663,landscape,23525,
1414,P-4 WARNING TRAK MIX,,114,B11663,landscape,30438,
1415,P-2 SYNTHETIC TURF,,408,B11663,landscape,31875,
1417,CONCRETE HEADER AT SYNTHETIC TURF EDGE,,0,B11663,landscape,11550,
1418,GRAND OPENING WORK,,9.714,B11475,landscape,313.6,
1419,"ITEM ""E"" DECORATIVE GRAVEL",,7.36,B11669,landscape,1656,
1421,S-5 D.G.,,4.6,B11665,landscape,368.5,
1422,PRIVATE SLOPES,,387.084,B11665,irrigation,23998.2,
1426,PINNEY HALL PLANTING,,10.055,B11663R1 - Proposal,landscape,482,
1427,P-4 WARNING TRAK MIX,,114,B11663R1 - Proposal,landscape,30438,
1428,P-2 SYNTHETIC TURF,,408,B11663R1 - Proposal,landscape,31875,
1429,CONCRETE HEADER AT SYNTHETIC TURF EDGE,,0,B11663R1 - Proposal,landscape,11550,
1430,P-3 INFIELD CLAY MIX,,152,B11663R1 - Proposal,landscape,23525,
1431,GRASS PAVE2,,118.08,B11663R1 - Proposal,landscape,9273.6,
1435,POT PLANTING,,16.53,B11597R1 Proposal 4.22.26,landscape,550.5,
1436,P3  ARTIFICIAL TURF,,76.8,B11597R1 Proposal 4.22.26,landscape,13320,
1437,BUILD-OUT LOTS DRAINS,,48.95,B11658M,drains,1758.9,
1438,"NEWPORT BEACH, TURF REPAIR LOT #1906",,0,4071,landscape,0,
1439,"NEWPORT, TURF REPAIR #1906",,0,4071,landscape,0,
1440,HHJ,,0,4071,landscape,0,
1442,jute mesh,,1600,B11662-R1,landscape,108800,
1443,P-4 SYNTHETIC TURF,,130,B11589.2-R1,landscape,28580,
1444,ITEM #9 MICRO CHANNEL DRAIN,,127.45,B11658,drains,14610.05,
1445,"NEWPORT BEACH, TURF REPAIR LOT #1906",,0,BID-19292A92,landscape,0,
1446,"NEWPORT, TURF REPAIR #1906",,0,BID-19292A92,landscape,0,
1447,HHJ,,0,BID-19292A92,landscape,0,
1449,VE,,-24.6,B11589.2-R1,landscape,-3000,
1452,P-108 ARTIFICIAL TURF,,17.4,B11658M-R1,landscape,1593.75,
1455,BUILD-OUT LOTS DRAINS,,48.95,B11658M-R1,drains,1758.9,
1456,LID VEGETATED SWALE PLANTER FILL,,37.15,B11621,landscape,4427,
1457,LID-FLOW THROUGH PLANTER FILL,,39.8,B11621,landscape,5487,
1458,TREE DOWNSIZE V.E.,,-67,B11621,landscape,-46060,
1459,"S-02, S-11 SYNTH TURF",,28.8,B11673.M,landscape,2340,
1460,P-06 D.G.,,7.04,B11673.M,landscape,1679,
1462,PRIVATE LOTS IRRIGATION,,132.124,B11673.M,irrigation,6878.8,
1463,AGG. BASE UNDER RUBBER SURFACING,,26.5,B11658,landscape,2033,
1465,GRADE BEAM CURB,,0,B11665,landscape,45000,
1466,CONCRETE MOWCURB,,0,B11665,landscape,5740,
1469,3/4,,2,B11668PS,landscape,200,
1472,ROCK SWALE,,3.85,B11668F.1,landscape,415,
1473,ROCK SWALE,,3.725,B11668F.2,landscape,402.5,
1474,ROCK SWALE,,3.725,B11668F.3,landscape,402.5,
1475,ROCK SWALE,,19.5,B11668F.4,landscape,2580,
1476,ITEM SD8 POOL DECK  SLOT DRAIN PER LS PLANS,,35,B11675,drains,2269,
1480,ALT. BID FOR VALUE ENGINEERING,,-25.5,B11675,drains,-9486,
1481,MEDIAN REPAIR,,4.192,B11499,irrigation,516,
1482,FIREPIT ELECTRICAL,,0,6033,irrigation,0,
1483,Company D4B4AD73 3198H,,98.82,B11701,landscape,5061,
1484,Company D4B4AD73 3198H GRAVEL,,53.3,B11701,landscape,7660,
1488,3/4,,2,B11668.3,landscape,200,
1489,POT PLANTING,,77.13,B11673.M,landscape,6496.5,
1491,POT PLANTING,,78.8,B11671,landscape,5439,
1492,ROCK MULCH AT MONUMENT WALL,,2.5,B11074,landscape,1564,
1493,P-3 DECOMPOSED GRANITE PAVING,,18.7,B11074,landscape,2572.5,
1498,ADDITIONAL ROCK MULCH,,0,6043,landscape,0,
1499,ADD. ROCK MULCH,,0,6043,landscape,0,
1501,P-03 MOWCURB,,0,B11673,landscape,21560,
1505,DECOMPOSED GRANITE PAVING,,24.5,BID-D52C2F34,landscape,2511,
1506,PRIVATE LOTS IRRIGATION,,137.882,B11673,irrigation,8753,
1507,APPROVED SET,,16.25,B11514,drains,839.5,
1511,ENCORE BASKET STRAINER,,1.25,B11675,irrigation,2300,
1513,ORNAMENTAL AREA IRRIGATION,,17.868,B11663R1 - Proposal,irrigation,727.5,
1514,ORNAMENTAL PLANTING,,102.825,B11663R1 - Proposal,landscape,3980,
1518,BOULDERS,,11,B11686,landscape,3414,
1520,POT PLANTING,,80.948,B11677,landscape,8877.26,
1523,ITEM H DECOMPOSED GRANITE PAVING,,19.7,B11677,landscape,1842,
1524,ITEM J DECORATIVE COBBLE,,18.4,B11677,landscape,2577,
1525,ITEM G SYNTHETIC TURF,,70.8,B11677,landscape,7455,
1531,"GRAVEL MULCH, all rear yards",,78.6,B11356,landscape,7670,
1534,[P-7] DECORATIVE ROCK,,5.6,B11683,landscape,1085,
1535,ITEM 2.4 SYNTHETIC TURF AT DOG PARK,,36,B11687,landscape,2056.5,
1536,ITEM 2.3 SYNTHETIC TURF AT BACKYARDS,,810,B11687,landscape,66425,
1537,ITEM 2.6 DECOMPOSED GRANITE,,69.28,B11687,landscape,9764,
1538,LANDSCAPE BOULDERS,,42,B11687,landscape,4068,
1539,ITEM 2.4 SYNTHETIC TURF AT DOG PARK,,36,B11687F.1,landscape,2919,
1540,ITEM 2.3 SYNTHETIC TURF AT BACKYARDS,,810,B11687F.1,landscape,56299.25,
1541,ITEM 2.6 DECOMPOSED GRANITE,,69.28,B11687F.1,landscape,9764,
1542,LANDSCAPE BOULDERS,,42,B11687F.1,landscape,4068,
1559,ITEM 2.4 SYNTHETIC TURF AT DOG PARK,,36,B11687F.2,landscape,2919,
1560,ITEM 2.3 SYNTHETIC TURF AT BACKYARDS,,810,B11687F.2,landscape,56299.25,
1561,ITEM 2.6 DECOMPOSED GRANITE,,69.28,B11687F.2,landscape,9764,
1562,LANDSCAPE BOULDERS,,42,B11687F.2,landscape,4068,
1563,ITEM 2.4 SYNTHETIC TURF AT DOG PARK,,36,B11687F.3,landscape,2919,
1564,ITEM 2.3 SYNTHETIC TURF AT BACKYARDS,,810,B11687F.3,landscape,56299.25,
1565,ITEM 2.6 DECOMPOSED GRANITE,,69.28,B11687F.3,landscape,9764,
1566,LANDSCAPE BOULDERS,,42,B11687F.3,landscape,4068,
1567,ITEM 2.4 SYNTHETIC TURF AT DOG PARK,,36,B11687F.4,landscape,2919,
1568,ITEM 2.3 SYNTHETIC TURF AT BACKYARDS,,810,B11687F.4,landscape,56299.25,
1569,ITEM 2.6 DECOMPOSED GRANITE,,69.28,B11687F.4,landscape,9764,
1570,LANDSCAPE BOULDERS,,42,B11687F.4,landscape,4068,
1572,[2] CRUSHED ROCK,,4.45,B11684,landscape,934,
1573,[3] ARTIFICIAL PET TURF,,12.6,B11684,landscape,701.25,
1574,[4] STABILIZED DECOMPOSED GRANITE,,19.3,B11684,landscape,2195,
1575,RECLAIMED WATER,,325.967,B11604.2,irrigation,26193.4,
1577,(OPT.) STREET SLEEVES,,30,B11604.2,irrigation,1740,
1578,[P-5] DECOMPOSED GRANITE,,62,B11604.2,landscape,11450,
1579,[P-6] DECORATIVE CRUSHED ROCK,,339,B11604.2,landscape,44750,
1580,[P-9] LANDSCAPE EDGING,,57,B11604.2,landscape,11875,
1581,[P-10]-[P-13] BOULDERS,,180,B11604.2,landscape,5600,
1584,RECLAIMED WATER,,325.967,B11604.P,irrigation,26193.4,
1585,[SF-5] BOULDER TABLE TOP,,16,B11604.P,landscape,1400,
1586,(OPT.) STREET SLEEVES,,30,B11604.P,irrigation,1740,
1587,[P-5] DECOMPOSED GRANITE,,33.3,B11604.P,landscape,5445,
1589,[P-9] LANDSCAPE EDGING,,0.96,B11604.P,landscape,200,
1590,[P-10]-[P-13] BOULDERS,,63,B11604.P,landscape,3200,
1592,GOLDEN HILL 888D & 888E,,38.26,4061,landscape,2378,
1593,PLAN 2A,,5.685,B11598.M,landscape,417.5,
1594,PLAN 3B,,5.215,B11598.M,landscape,285.5,
1595,PLAN 1C,,11.44,B11598.M,landscape,775,
1596,PLAN 3B,,13.338,B11598.M,irrigation,669.55,
1597,PLAN 2A,,11.682,B11598.M,irrigation,638.55,
1598,PLAN 1C,,12.538,B11598.M,irrigation,647.55,
1600,P-4 D.G.,,20.5,B11685,landscape,3562,
1601,P-6 DECORATIVE ROCK,,14.5,B11685,landscape,2166,
1602,P-7 ARTIFICIAL TURF,,18,B11685,landscape,2125,
1604,LOTUS III CREMATION TRAIL,,38.5,4061,landscape,14575,
1606,(OPT.) PRV @ BACKFLOW,,1,B11683,irrigation,1250,
1607,(OPT.) SCH 80 BV FOR DRCV's,,0,B11683,irrigation,140,
1610,STANFORD 101,,98,4061,landscape,735,
1611,controller,,0,4061,irrigation,0,
1612,(OPT.) STREET SLEEVES,,12,B11683,irrigation,550,
1613,[35] DECORATIVE POT PLANTING,,135.658,B11704,landscape,8994.5,
1614,CITY STREET TREES,,15.24,B11683,landscape,1104,
1615,UPSIZE CITY STREET TREES,,6.8,B11683,landscape,1305,
1616,(E) CRUSHED ROCK,,284,B11704,landscape,14766,
1617,[29] ARTIFICIAL TURF,,159,B11704,landscape,16311.75,
1622,ADDITIONAL LS @ LOTS 46,,10.1,6043,landscape,675,
1623,ADDITIONAL LS @ 59,,13.1,6043,landscape,2925,
1624,P-5 EDGING,,11.04,B11685,landscape,2300,
1625,GRAVEL MULCH HOA fronts,,252.5,B11356,landscape,17400,
1626,(reference only) OFF-SITE 4TH SUBMITTAL,,418.15,B11580,landscape,22290,
1628,S17 SYNTHETIC TURF,,88.2,B11586.2,landscape,6251.75,
1629,ALT. ADD FOR TWO WIRE CONDUIT,,136.8,B11586.2,irrigation,7070,
1630,R16 SYNTHETIC TURF AT DOG PARK,,76.8,B11586.2,landscape,7272,
1631,W16 CONCRETE MOW CURB,,0,B11586.2,landscape,7920,
1632,S23 LANDSCAPE BOULDER,,13,B11586.2,landscape,2342,
1633,S18 DECOMPOSED GRANITE PAVING,,28.32,B11586.2,landscape,3982,
1634,S22 LOOSE GRAVEL PAVING,,9.9,B11586.2,landscape,1430,
1637,UP-GRADE TO ATRIUM GRATES,,0,B11684,drains,201.5,
1638,[5] REDWOOD HEADER,,4,B11684,landscape,292,
1639,[AS-1] DECOMPOSED GRANITE,,88.5,B11703,landscape,10810,
1640,[RR-1] LS BOULDERS,,7,B11703,landscape,1525,
1641,[AS-1] DECOMPOSED GRANITE MULCH,,136.5,B11703.M,landscape,21210,
1642,[RR-1] LS BOULDERS,,24,B11703.M,landscape,3825,
1644,(OPT.) BF INSULATED COVER,,0.5,B11684,irrigation,750,
1646,BOULDERS,,11,B3070,landscape,3414,
1649,[SP-1] FLAGSTONE PAVERS,,32,B11703.M,landscape,3110,
1650,DG ALT at SOUTH SIDE,,38.6,B11705,landscape,4790,
1651,ALT SOUTH SIDE PLANTING,,328.75,B11705,landscape,23158.75,
1652,DG per PGP plan,,69.2,B11705,landscape,8730,
1658,[SP-1] FLAGSTONE PAVERS,,16,B11703,landscape,1450,
1661,test,,0,B11654.PS,landscape,0,
1663,test,,0,B11654.FO,landscape,0,
1664,P-15 STEPPING STONES,,36.35,B11604.2,landscape,3075,
1665,P-16 CRUSHED ROCK,,26,B11604.2,landscape,7440,
1666,P-14 STEPPING STONE,,66.45,B11605,landscape,5941,
1667,P-15 CRUSHED ROCK,,38,B11605,landscape,9518,
1668,P-14 STEPPING STONE,,119.05,B11603,landscape,10652,
1669,P-15 CRUSHED ROCK,,78,B11603,landscape,19506,
1671,DEMO,,200,B11703,landscape,26000,
1672,"REAR YARD, column upsize",,31.08,B11416M,landscape,1980,
1673,OLSON MESSIAH CHURCH,,171.18,B11701,irrigation,2361,
1674,[16] COMPOSITE EDGING,,12,B11704,landscape,880,
1675,[21] PLAY SAND,,0.8,B11704,landscape,70,
1678,S-8 GRAVEL,,5,B11654.FO2,landscape,650,
1679,S-9 BOULDERS,,12,B11654.FO2,landscape,750,
1680,S-10 METAL EDGING,,5.25,B11654.FO2,landscape,1093.75,
1681,S-08 GRAVEL,,16,B11654.F01,landscape,2080,
1682,S-09 BOULDERS,,31.5,B11654.F01,landscape,1900,
1683,S-10 METAL EDGING,,10.8,B11654.F01,landscape,2250,
1684,S-8 GRAVEL,,5.5,B11654.FO3,landscape,715,
1685,S-9 BOULDERS,,10.5,B11654.FO3,landscape,650,
1686,S-10 METAL EDGING,,6.3,B11654.FO3,landscape,1312.5,
1687,OFF SITE EASEMENT AREA,,197.6785,B11586.2,landscape,9708.6,
1688,OFF SITE EASEMENT AREA,,141.628,B11586.2,irrigation,27877.26,
1691,CONCRETE MOWCURB,,0,B11516S,landscape,13888,
1692,PLANTER PLANTING UPPER LEVELS,,267.478,B11720,landscape,21695.5,
1693,PLANTER FILL AT FIRST LEVEL,,472,B11720,landscape,25325,
1696,VE OPTIONS,,-640.26,B11516S,landscape,-30829,
1700,TEMP IRRIGATION,,2192.5,B11662-R1,irrigation,103780,
1703,SOD vs BUFFALO GRASS,,90,4071,landscape,4950,
1705,GRAVEL AROUND TRANSFORMER PAD,,2.6,B11457.2,landscape,420,
1706,PLANTER SOIL AT ROOF DECK,,120.32,B11457.2,landscape,21740,
1707,Pots and lightweight soil,,96,B11441.2,irrigation,19900,
1708,TEST,,1.35,B11441.2,irrigation,173.9,
1709,DG PAVING,,14.14,B11715,landscape,2111,
1710,ADD ALT. 1 (TREE REPLACEMENT),,32,B11715,landscape,22400,
1711,3345 Michelson Budget,,92,B11701,landscape,48000,
1713,ITEM 2.4 SYNTHETIC TURF AT DOG PARK,,36,B11687.M,landscape,2919,
1714,ITEM 2.3 SYNTHETIC TURF AT BACKYARDS,,810,B11687.M,landscape,56299.25,
1715,ITEM 2.6 DECOMPOSED GRANITE,,69.28,B11687.M,landscape,9764,
1716,LANDSCAPE BOULDERS,,42,B11687.M,landscape,4068,
1719,ROOT BARRIER FOR FICUS,,7,B11416M,landscape,455,
1720,DG PATH,,58.34,B11712.L,landscape,7150,
1721,P.O.C B,,82.525,B11687.M,irrigation,11682.9,
1722,DG @ SCE EASEMENT,,61,B11725.C8,landscape,5064,
1723,DG @ TRAIL AREAS,,61,B11725.C8,landscape,5064,
1724,POTS,,6.79,B11687.M,landscape,513,
1725,REMOVED,,0,B11725.C9,landscape,0,
1726,DG @ TRAIL AREAS,,105.5,B11725.C9,landscape,8488,
1727,HILLCREST JUMPER,,91.82,B11717,irrigation,4570,
1728,HILLCREST EUC REPLANT,,66,B11717,landscape,16100,
1730,POTABLE,,118.736,B11724,irrigation,8580.9,
1734,(8) GRAVEL MULCH,,4.6,B11712,landscape,700,
1736,(9) D.G.,,8.6,B11712.PS,landscape,1104.5,
1740,POTABLE,,118.736,B11724.O,irrigation,8580.9,
1744,BIORETENTION PIT,,451.6,B11705,drains,64290,
1747,POT PLANTING,,65.72,B11721,landscape,5062,
1750,DELTA 2 (VOID 7.7.26),,4,B11556,drains,880.35,
1751,STREET SLVS,,3.2,B11721,irrigation,632,
1752,FIBAR PLAY AREA SURFACING,,20.8,B11712,landscape,2760,
1753,DELETE PKWY,,-79.475,B11516,irrigation,-4952.45,
1754,DELETE PKWY,,-108.87,B11516,landscape,-2984.45,
1755,ADD GRAVEL IN PKWY,,96.5,B11516,landscape,12785,
1756,PLANTING DELETION 6/19/26,,-113.21,B11516,landscape,-3184.6,
1757,DELETE STRIP IRRIGATION,,-65.728,B11516,irrigation,-4486.82,
1758,DRAINAGE POLLUTION PREVENTION,,380.75,B11516,landscape,42850,
1759,CRUSHED ROCK COVER,,41,B11516,landscape,3115,
1760,S-9 ARTIFICIAL TURF,,97.8,B11726,landscape,9000,
1761,DECORATIVE GRAVEL  (P-1 THRU P-5),,234.82,B11726,landscape,39757,
1764,HILLCREST JUMPER,,91.82,B11717.J1,irrigation,4570,
1765,HILLCREST EUC REPLANT,,66,B11717.J1,landscape,16100,
1766,ALT. ADD FOR PRESSURE REGULATOR,,0,B11726,irrigation,2595,
1767,PELOZA COBBLE,,48,B11701,landscape,510,
1768,PELOZA SYNTH TURF,,16,B11701,landscape,2026,
1769,2-7 RAISED GARDEN BED,,13.93,B11726,landscape,1017,
1771,ALLOWANCE FOR PLANT REPLACEMENT,,22.5,B11716,landscape,0,
1772,SYNTHETIC TURF,,15.6,B11716,landscape,2569.25,
1774,STREET CROSSING SLEEVES,,19.75,B11611,irrigation,1290,
1775,DYMONDIA COMPARE,,-428,B11611,landscape,-28410,
1778,P-3 DG TRAIL,,41,B11717,landscape,5800,
1779,P-3 DG PAVING AT BAY SHADE STRUCTURE,,158.5,B11717,landscape,17619,
1780,P-4 CONCRETE BAND,,0,B11717,landscape,11025,
1782,TURF BLOCK,,52,B11717,landscape,5910,
1784,OLSON UNIT PRICES,,43.75,B11701,drains,1711,
1786,GRAVELS & DG,,216.26,B11654.S-R1,landscape,35684,
1789,PEA GRAVEL AROUND TRANSFORMER,,8.9,B11441.2,landscape,1100,
1790,P-6 SYNTHETIC TURF,,220.8,B11710.P,landscape,20229,
1791,P-4 INFIELD DG MIX,,744.5,B11710.P,landscape,148732.5,
1792,SHRUB SAVINGS CUSHION PER BLS SQ. FOOTAGE QTY,,-940.24,B11717.J1,landscape,-39730.4,
1793,SHRUB SAVING CUSHION,,-442.28,B11717,landscape,-18462.1,
1794,RFI POP-UPS,,600.098,B11710.P,irrigation,56377.82,
1800,P.O.C 'C',,610.855,B11727,irrigation,81332.97,
1801,P-8 ARTIFICIAL TURF,,87,B11710,landscape,9305,
1804,S-8 LANDSCAPE BOULDERS,,16,B11726,landscape,1525,
1809,HILLCREST JUMPER,,91.82,B11717.J2,irrigation,4570,
1810,HILLCREST EUC REPLANT,,66,B11717.J2,landscape,16100,
1811,SHRUB SAVINGS CUSHION PER BLS SQ. FOOTAGE QTY,,-940.24,B11717.J2,landscape,-39730.4,
1812,HILLCREST JUMPER,,91.82,B11717JD,irrigation,4570,
1813,HILLCREST EUC REPLANT,,66,B11717JD,landscape,16100,
1814,SHRUB SAVING CUSHION,,-442.28,B11717JD,landscape,-18462.1,
1815,P-4 CONCRETE BAND,,0,B11717JD,landscape,11025,
1816,TURF BLOCK,,52,B11717JD,landscape,5910,
1817,P-3 DG TRAIL,,41,B11717JD,landscape,5800,
1818,P-3 DG PAVING AT BAY SHADE STRUCTURE,,158.5,B11717JD,landscape,17619,
1821,SF-3 POT PLANTING,,5.713,B11710,landscape,166.75,
1822,P-3 GRAVEL SUB-BASE FOR RUBBER SURFACING,,58,B11710.P,landscape,2340,
1825,DRAINS UNDER TOT LOT,,10.5,B11710.P,drains,205.6,
1826,[2] CRUSHED ROCK,,4.45,B11684R,landscape,840,
1827,[4] STABILIZED DECOMPOSED GRANITE,,19.3,B11684R,landscape,2525,
1828,[3] ARTIFICIAL TURF,,12.6,B11684R,landscape,701.25,
1829,[5] REDWOOD HEADER,,3.6,B11684R,landscape,292,
1830,POTS,,44.85,B11727.R,landscape,1919.6,
1831,LANDSCAPE BOULDERS,,16,B11681,landscape,3508,
1832,POT PLANTING ALLOWANCE,,14.85,B11681,landscape,433,
1833,POOL DECK SUBDRAIN,,86.9,B11534,drains,2675.4,
1834,PRIVACY LS ON VILLA D,,51.55,5952,landscape,2390,
1835,PRIVACY LS ON VILLA D,,9.554,5952,irrigation,353.5,
1837,SUBMITTAL HEAD SWAP,,0,B11074,irrigation,1994.5,
1839,POT PLANTING,,390.086,B11647,landscape,38892.8,
1841,TEST,,6.12,B11732M,maintenance,402.5,
1847,P-5  & P-6 DECORATIVE COBBLE,,9.9,B11681,landscape,2566,
1859,REPAIRS PH. 1,,46.5,B11516,landscape,4600,
1862,CRUSHED ROCK PAVING,,11.8,B11727.R,landscape,1414,
1863,FIBAR BARK PLAY AREA SURFACING,,40,B11727.R,landscape,4950,
1865,DECOMPOSED GRANITE TRAIL,,708.83,B11727.T,landscape,99545,
1868,DELTA 5 (VOID),,5.05,B11464,landscape,350,
1870,C-06 STABILIZED DECOMPOSED GRANITE,,509.6,B11741,landscape,73748,
1871,C-26 BOULDERS,,53,B11741,landscape,6430,
1872,ITEM 7 CONCRETE HEADER,,0,B11727.T,landscape,131182.5,
1873,ITEM9 CONCRETE HEADER,,0,B11727,landscape,97185,
1874,TEMP MAINLINE,,96,B11556,irrigation,4998,
1875,X,,0.025,B11727.R,irrigation,6,
1881,LYRA,,143.4415,B11727.FY,landscape,5338,
1882,CRUSHED STONE TRAIL,,4732.5,B11727,landscape,184536,
1885,mow curb,,1.4,CO-9990-1R1,landscape,22,
1886,Test,,-0.05,CO-9990-1R1,maintenance,-8,
1887,DECOMPOSED GRANITE PATH,,20.5,B11737,landscape,3321.4,
1888,POT PLANTING,,19.44,B11737,landscape,669.74,
1889,CONDUIT ALT FOR TWO-WIRE,,68.4,B11721,irrigation,3624,
1891,LYRA,,200.644,B11727.FY,irrigation,10252.76,
1894,ITEM 2-8 POT PLANTING,,12.96,B11732M,landscape,2276.36,
1897,[P-5] PLASTIC EDGING,,1.8,B11532.1,landscape,187.2,
1898,[SA-4] DECORATIVE POT,,4.175,B11532.1,landscape,157.35,
1899,CONDUIT FOR ELECTRICAL,,32.2,B11532.1,irrigation,725,
1900,3RD CITY SUBMITTAL,,-0.14,B11532.1,irrigation,-24.36,
1901,3RD CITY SUMBITTAL,,0.220000000000001,B11532.1,landscape,-896.68,
1902,ARIA A-TYPICAL,,76.242,B11727.FA,irrigation,4614.26,
1903,ARIA A-TYPICAL LOT,,86.25,B11727.FA,landscape,4726.9,
1905,ARIA CORNER LOT,,41.005,B11727.FA,landscape,2206,
1906,ARIA CULDESAC LOT,,55.07,B11727.FA,landscape,3130,
1907,ARIA CORNER LOT,,28.584,B11727.FA,irrigation,2956.76,
1908,ARIA CUL-DE SAC LOT,,35.162,B11727.FA,irrigation,3445.16,
1915,(OPT.) WATER AUDIT,,0,B11739.2,irrigation,1250,
1916,OFFSITE,,305.89,B11740,landscape,16038.84,
1917,OFFSITE IRRI.,,328.738,B11740,irrigation,17793.36,
1918,LANDSCAPE BOULDERS,,26,B11744,landscape,2804,
1919,STEP PADS,,15.8,B11744,landscape,3740,
1920,(OPT.) WATER AUDIT,,0,B11739,irrigation,2250,
1921,OAK Project 83AFB4A8 BTS 302,,11.75,4061,landscape,495,
1922,(OPT.) WATER AUDIT,,0,B11739.RS,irrigation,2250,
1923,(OPT.) GRAVEL ILO MULCH,,995,B11739.RS,landscape,164000,
1925,ON-SITE BOULDERS,,326,B11739.RS,landscape,3200,
1927,(OPT.) WATER AUDIT,,0,B11739.2RS,irrigation,1250,
1928,ON-SITE BOULDERS,,391.5,B11739.2RS,landscape,2964,
1929,(OPT.) GRAVEL ILO MULCH,,1712.5,B11739.2RS,landscape,284625,
1930,(OPT.) AIR RELIEF VALVES,,0,B11739.2FY,irrigation,0,
1931,(S-8) DECORATIVE GRAVEL,,508.5,B11739.2FY,landscape,63275,
1932,(S-9) ON-SITE BOULDERS,,264.5,B11739.2FY,landscape,1600,
1933,(S-10) LS METAL EDGING,,348.48,B11739.2FY,landscape,63888,
1935,(S-10) LS METAL EDGING,,821.76,B11739.FY,landscape,150656,
1936,(S-8) DECORATIVE GRAVEL,,633.6,B11739.FY,landscape,78720,
1938,(S-9) ON-SITE BOULDERS,,305.5,B11739.FY,landscape,1778.4,
1939,(OPT.) FILTER FABRIC,,381,B11739.2FY,landscape,25400,
1940,(OPT.) FILTER FABRIC,,525,B11739.FY,landscape,35000,
1941,RECLAIMED WATER HOA AREAS,,269.487,B11738.M,irrigation,28251.18,
1942,C-02 CONCRETE MOW CURB,,0,B11741,landscape,14850,
1943,C-05 FIBAR MULCH FOR PLAYGROUND,,51.3,B11741,landscape,6305,
1944,DECOMPOSED GRANITE PAVING,,79,B11730,landscape,12616,
1945,DECORATIVE COBBLE,,320,B11730,landscape,42536,
1946,P-05 D.G.,,37,B11745,landscape,6552.4,
1948,PRODUCTION POT PLANTING,,78.436,B11598.M,landscape,3857.3,
1949,ITEM Q ROCK MULCH,,15.04,B11713R,landscape,2652.4,
1951,BLOCK 8,,3373.05,B11713,drains,135001.8,
1952,POT PLANTING,,56.792,B11713R,landscape,5344.6,
1953,DECOMPOSED GRANITE PAVING,,14.6,B11713,landscape,2074.3,
1954,ARTIFICIAL TURF,,103.2,B11713,landscape,9656,
1955,ITEM 24 CONCRETE STEPPERS,,36,B11713,landscape,2700,
1956,DRINKING FOUNTAIN,,10.85,B11713,irrigation,4264.5,
1957,BOULDERS,,342,B11730,landscape,67339.2,
1960,STEPPERS,,7.2,B11683,landscape,840,
1961,ROCK COBBLE,,53,B11743,landscape,4528.8,
1962,LANDSCAPE BOULDERS,,186,B11743,landscape,26325,
1965,SEATING BOULDERS,,40,B11730,landscape,18717.6,
1967,WESTRINGIA RFI,,-300.85,B11598.M,landscape,-10137.3,
1969,DOG PARK; (2.10) DG,,27.2,B11746,landscape,6485,
1970,TOT LOT; RUBBER SURFACING BASE,,37.5,B11746,landscape,2475,
1971,DOG PARK; (6.6) SYN. TURF,,196.8,B11746,landscape,12444,
1976,POT ALLOWANCE,,43.68,B11586.2,landscape,7872.77,
1978,(2.9) ARTIFICIAL TURF,,681.9,B11746.RY,landscape,46802.25,
1979,GRAVEL MULCH,,157.8,B11746.RY,landscape,12640,
1980,LARGE PLAN 1,,81.6,B11746.RY,landscape,3347,
1983,XX,,1,B11727.T,irrigation,42,
1985,xx,,0,B11727.T,irrigation,0,
1991,TYP. REAR YARD,,36.8,B11757,irrigation,3262.6,
1992,POT PLANTING @ LOT  EE,,7.88,B11738.M,landscape,475,
1993,MISSED LS AREA,,7.77,5952,landscape,328.2,
1994,ITEM 1.10 DECOMPOSED GRANITE PAVING,,6.2,B11738.M,landscape,1415,
1995,MISSED LS AREA,,12.108,5952,irrigation,476.1,
1996,PEA GRAVEL TOPDRESSING,,64.3,B11738.M,landscape,17345,
1999,POT PLANTING,,0,B11608.2,landscape,0,
2000,#13 DECOMPOSED GRANITE,,27.57,B11608.2,landscape,3075,
2001,# 14 ARTIFICIAL TURF,,137.4,B11608.2,landscape,15450,
2002,POT IRRI.,,28.65,B11608.2,irrigation,371.25,
2003,BASEMENT PERIMETER BURRITO,,34.8,B11560,drains,552,
2004,PLANTER BOX PLANTING @ PLAN 4 (UNIT 31),,12,B11738.M,landscape,502.6,
2005,DELTA 2 PLAN SET,,-71.52,B11639,landscape,-5513.62,
2006,(OPT.) PRESSURE REGULATOR,,1.285,B11751,irrigation,3521.6,
2007,POT PLANTING,,10.46,B11758,landscape,1228.1,
2011,(A-16) ALUMINUM HEADER,,12,B11750,landscape,2000,
2012,STONE COBBLES,,71,B11750,landscape,7835,
2013,DECOMPOSED GRANITE,,33.5,B11750,landscape,4040,
2014,BOULDERS,,48,B11750,landscape,6860,
2018,(3.12) & (3.13) PEBBLE GROUNDCOVER,,486,B11738.PL,landscape,156700,
2021,REC CENTER,,75.12,B11762,drains,4758,
2022,GRAVEL MULCH,,45,B11758,landscape,16974.1,
2023,X EZ ROLL,,3400,B11727,landscape,170000,
2025,"PLAN REV. 8.14.26, at bio-swale",,-148.55,B5964,landscape,-17645,
2026,(OPT.) FILTER FRABRIC UNDER DG,,7.2,B11750,landscape,480,
2028,(OPT.) PRV PER LOT,,1.25,B11739.FY,irrigation,1680,
2029,GORILLASLOPE STABILIZER,,0,B11767,landscape,3102,
2030,ALT. SLOPE STABILIZER,,0,B11767,landscape,470,
2031,ALT. TO USE JUTE MATTING,,30,B11767,landscape,1920,
2032,H.O. BALL VALLVES,,49,B11711.M,irrigation,2303,
2033,HDPE ML PIPE IN LIEU OF UVR BROWNLINE,,0,B11767,irrigation,718,
2034,BATTERY OPERATED RCV'S,,-17,B11767,irrigation,-2396,
2035,ABOVE GRADE IRRIGATION INSTALLATION,,-43.98,B11767,irrigation,-290,
2039,ADDITIONAL TEMP ML ITEMS,,28,B11767,irrigation,2130,
2040,ADDITIONAL MATERIALS PER Person 4E789DCD,,0,B11767,irrigation,-543.92,
2041,LOT EE PLANTING,,95.78,B11738.M,landscape,9415.6,
2042,PARKING LOT PLANTING,,269.6,B11738.M,landscape,24205,
2044,LOT  EE DRAINS,,25.25,B11738.M,drains,1154,
2046,ITEM 1.2 DECOMPOSED GRANITE TRAIL,,362.5,B11754.4,landscape,82071,
2047,ITEM 1.1 CONCRETE MOW CURB,,0,B11754.4,landscape,22,
2048,ITEM 1.2 DECOMPOSED GRANITE TRAIL,,381.25,B11754.3,landscape,87558.5,
2049,ITEM 1.1 CONCRETE MOW CURB,,0,B11754.3,landscape,25036,
2050,(3.8) ALUMINUM EDGING,,15.36,B11738.PL,landscape,2816,
2051,BLOCK 8,,3373.05,B11713.A,drains,135001.8,
2052,DECOMPOSED GRANITE PAVING,,14.6,B11713.A,landscape,2074.3,
2053,ARTIFICIAL TURF,,103.2,B11713.A,landscape,9656,
2054,ITEM 24 CONCRETE STEPPERS,,36,B11713.A,landscape,2700,
2055,DRINKING FOUNTAIN,,10.85,B11713.A,irrigation,4264.5,
2072,SDR 35 ALTERNATIVE,,292.75,B11751,drains,12810.5,
2073,LIGUSTRUM HEDGE,,22.5,B11564,landscape,1725,
2074,LANDSCAPE BOULDERS,,16,B11762,landscape,2233,
2075,DECOMPOSED GRANITE PAVING,,17.4,B11762,landscape,1735.4,
2076,POT PLANTING,,26.424,B11762,landscape,15466.03,
2077,POT PLANTING,,42.536,B11764,landscape,1236.77,
2078,POT PLANTING,,62.964,B11763,landscape,2592.4,
2079,FIELD PATIO AREA,,120.07,B5964,landscape,4852.1,
2082,TREE PROTECTION FENCE,,2.2,B11763,landscape,355,
2083,TREE PROTECTION FENCE,,6.8,B11764,landscape,1115,
2084,Project 6C4FA63A REPAIRS,,128.02,b4021,landscape,6316.5,
2085,FIELD PATIO AREA,,125.27,B5964,irrigation,8243.7,
2086,POT PLANTING,,33.668,B11757,landscape,1150,
2088,Project 6C4FA63A REPAIRS,,80.35,b4021,irrigation,2695,
2089,LYRA CORNER LOT,,41.005,B11727.FL,landscape,2206,
2090,LYRA CULDESAC LOT,,66.15,B11727.FL,landscape,3844,
2091,ARIA A-TYPICAL,,76.242,B11727.FL,irrigation,4614.26,
2092,LYRA A-TYPICAL LOT,,85.33,B11727.FL,landscape,4708.5,
2093,ARIA CORNER LOT,,28.584,B11727.FL,irrigation,2956.76,
2094,ARIA CUL-DE SAC LOT,,35.162,B11727.FL,irrigation,3445.16,
2095,REC CENTER SLOT DRAIN,,38.1,B11762,drains,1529.8,
2096,POT PLANTS,,9.55,B11768M,landscape,726,
2097,"PRODUCTION, DELTA 1 (PH. 1,3, & 4)",,82,B11640.M,drains,1898,
2098,"PRODUCTION, DELTA 1 (PH. 2, 5+)",,91.75,B11640.M,drains,1584.68,
2099,"PRODUCTION, DELTA 1",,8.25,B11641.M,drains,194.25,
2101,ARTIFICIAL TURF,,31.2,B11762,landscape,2400,
2105,DG MULCH,,565,B11766,landscape,50610,
2106,RUBBLE STREAMS,,93.8,B11766,landscape,20095,
2107,GRANITE BOULDERS,,372,B11766,landscape,82210,
2111,WOOD CHIP OPTION,,26.2,B11751,landscape,3100,
2112,BACKFLOW OPTION,,16,B11751,irrigation,6750,
2113,"PRODUCTION, DELTA 3",,8.87,B11533.M,landscape,-930.76,
2114,"PRODUCTION, DELTA 3",,39.385,B11533.M,irrigation,875,
2115,"MODELS, REV. 6.30.26",,8.06,B11580,landscape,378,
2117,PLANTER DAMAGE,,6,B11475,landscape,481,
2118,(opt) SYN. TURF REPAIR,,1,B11760,landscape,80,
2119,PW TURF BLOCK QUOTE,,31.75,B200,drains,4810,
2120,TOT LOT,,30.5,B11746,drains,1526.4,
2121,DOG PARK,,12.35,B11746,drains,699.4,
2122,ADDITIONAL DRAIN WORK,,7.2,B11648,drains,390,
2123,ADDITIONAL WORK ON MODELS,,12.5,6024,landscape,625,
2124,P-6 HEADER,,27,B11611,landscape,4050,
2125,VE OPTIONS,,39.5,B11586.2,irrigation,-23587,
2126,VE OPTIONS,,-284.13,B11586.2,landscape,-25666.5,
2127,LIGHTING CONDUIT,,22.32,B11757,irrigation,1247,
2128,DOG PARK,,47.69,B11746,irrigation,2369.5,
2129,TOT LOT,,174.034,B11746,irrigation,22404.97,
2130,COMMON AREA; GRAVEL MULCH,,341,B11746,landscape,25960,
2131,DOG PARK; LS,,11.54,B11746,landscape,889.6,
2132,TOT LOT; LS,,162.84,B11746,landscape,8480.71,
2133,STD PLAN 2,,38.415,B11746.RY,landscape,1602.4,
2134,LARGE PLAN 2,,69.6,B11746.RY,landscape,3269,
2135,STD PLAN 3,,68.8,B11746.RY,landscape,2885,
2136,LARGE PLAN 3,,134.01,B11746.RY,landscape,6580.5,
2137,(G-101) PEA GRAVEL,,4.6,B11776,landscape,900,
