zip_code,tax_rate,last_updated
90502,8.75,2024-08-19 22:36:35.418292
90808,10.2,2025-05-22 22:37:35.605446
91001,9.25,2024-12-16 16:46:33.555741
91739,8.75,2025-04-29 20:49:13.003625
91740,10.25,2025-05-14 17:15:28.633748
92584,8.75,2025-06-12 23:31:16.459824
92618,8.75,2024-10-24 20:57:23.829362
92620,8.75,2025-05-16 17:37:11.955655
92626,8.75,2024-09-24 16:36:57.02601
92630,8.75,2025-04-26 19:21:26.474849
92647,7.75,2024-08-27 14:27:16.677947
92649,11,2024-08-19 17:11:43.062123
92657,8.75,2025-04-04 21:21:44.873496
92672,7.75,2025-05-12 18:15:42.645477
92801,8.5,2025-04-30 22:37:50.227846
92840,8.75,2025-01-06 23:17:06.342905
92865,10,2024-08-18 04:22:28.026619
92880,8.75,2025-04-29 21:28:40.107735
