id,name,company,address1,address2,city,state,zip_code,phone_number,fax_number,email,contact_person
1,Person 300B5EA4,Company 300B5EA4,4239 Example St,,CHINO,CA,91710-7600,555-0159,,,
2,Person 60371706,Company 60371706,7730 Example St,,ANAHEIM,CA,92806,555-0166,,,
3,Person 71ACE7D9,Company CD885826,4233 Example St,,LITCHFIELD,AZ,85340-2500,555-0164,,,
4,Person 409FD8EF,Company CAFF0D0D,4360 Example St,,CORONA,CA,91720,555-0140,,,
5,Person D894121F,Company DD57AC0E,,,,,,555-0137,,,
6,Person E355FD78,Company 8D7398BA,3330 Example St,,YORBA LINDA,CA,92686,555-0109,,vendor6@example.com,
7,Person 6C99D221,Company 6C99D221,564 Example St,,VAN NUYS,CA,91388-0001,555-0170,,,
8,Person A4F2D668,Company 5513C1E9,6870 Example St,,ANAHEIM,CA,92807-1716,555-0151,,,
9,Person 40EFD9BA,Company 22BC437E,7788 Example St,,CAMARILLO,CA,93010-9030,555-0116,,,
10,Person 2117C435,Company A71C01F2,7173 Example St,,FALLBROOK,CA,92028-8553,555-0171,,,
11,Person 34BEDCA6,Company 34BEDCA6,7379 Example St,,IRVINE,CA,92612,555-0191,,,
12,Person 518D5E75,Company 89E4720D,5917 Example St,,NORCO,CA,92860-0639,555-0163,,,
13,Person A3EEC658,Company A3BD6FAC,6968 Example St,,ORANGE,CA,92867,555-0186,,,
14,Person 702C29F8,Company 702C29F8,2167 Example St,,ANAHEIM,CA,92815-0031,555-0118,,,
15,Person E6854764,Company B81E5D3A,4561 Example St,,PASADENA,CA,91107,555-0145,,,
16,Person 19B24A69,Company AC097B89,715 Example St,,RIVERSIDE,CA,92509-3106,555-0184,,,
17,Person 2A224C8B,Company 2A224C8B,929 Example St,,SANTA ANA,CA,92707,555-0130,,,
18,Person D7A3376A,Company F31EC0F6,5254 Example St,,PLACENTIA,CA,92870-6501,555-0125,,,
19,Person 3299D17B,Company 1D8FB59F,6373 Example St,,LOS ANGELES,CA,90084-1489,555-0141,,,
20,Person 23D4CE77,Company 23D4CE77,4245 Example St,,SANTA ANA,CA,92703,555-0114,,,
21,Person DE1C05A6,Company 014D0213,8310 Example St,,PLACENTIA,CA,92670-6305,555-0114,,,
22,Person 0D0B3A0B,Company 02A7AFB7,2238 Example St,,SOUTH GATE,CA,90280,555-0169,,,
23,Person 9644C507,Company 9644C507,607 Example St,,ANAHEIM,CA,92806,,,,
24,Person 683C3D9C,Company D0013364,5945 Example St,,ANAHEIM,CA,92806-2617,555-0165,,,
25,Person D086513B,Company C82B1E5C,399 Example St,,SANTA ANA,CA,92707,555-0161,,,
26,Person CBCE3130,Company 7CAC286B,1313 Example St,,LAKE FOREST,CA,92630-5331,555-0145,,,
27,Person F6FDFA4A,Company 520BDD44,6416 Example St,,RIVERSIDE,CA,92504-5432,555-0105,,,
28,Person 3EF12786,Company FE83266F,2176 Example St,,BREA,CA,92821,555-0181,,,
29,Person EBAD756E,Company F9CD69D6,5356 Example St,,COSTA MESA,CA,92628,555-0177,,,
30,Person EEA62C19,Company F31EEDAE,8276 Example St,,YORBA LINDA,CA,92885,555-0127,,,
31,Person 0DB7A6E3,Company 3032BB4E,1953 Example St,,ORANGE,CA,92667,555-0105,,,
32,Person 0CEE380C,Company 6CDECF5F,1421 Example St,,POMONA,CA,91766,555-0101,,,
33,Person 70C7916D,Company 70C7916D,7972 Example St,,TUSTIN,CA,92681,555-0134,,,
34,Person 851805BC,Company 851805BC,6613 Example St,,ORANGE,CA,92668,555-0184,,,
35,Person AFA027C4,Company AFA027C4,3281 Example St,,ORANGE,CA,92668,555-0133,,,
36,Person E2BF3A20,Company E2BF3A20,3787 Example St,,PICO RIVERA,CA,90660,555-0155,,,
37,Person CABBF2C2,Company CABBF2C2,7416 Example St,,CAPISTRANO BEAC,CA,92624,555-0174,,,
38,Person B1654C8F,Company B1654C8F,1987 Example St,,SANTA FE SPRING,CA,90670,555-0102,,,
39,Person F55E0D94,Company F55E0D94,1758 Example St,,MONTCLAIR,CA,91763-5301,555-0175,,,
40,Person B3AE4754,Company B3AE4754,7076 Example St,,FULTON,KY,42041-1620,555-0151,,,
41,Person A612C8D8,Company 0ADF01CC,1509 Example St,,YORBA LINDA,CA,92886,555-0173,,,
42,Person 12B1AC5A,Company 12B1AC5A,3494 Example St,,CHINO,CA,91708,555-0128,,,
43,Person ECE148FB,Company B1347A9D,8654 Example St,,ROSEMEAD,CA,91770-1298,555-0184,,vendor43@example.com,
44,Person 99BE7D0C,Company 99BE7D0C,2873 Example St,,CORONA,CA,91718,555-0122,,,
45,Person 708C34E5,Company BE38FCB8,7205 Example St,,INDIO,CA,92201,555-0167,,,
46,Person 25AACA00,Company 77C89320,8352 Example St,,PERRIS,CA,92572-0130,555-0118,,,
47,Person 7C56E951,Company 7C56E951,6660 Example St,,COSTA MESA,CA,92626,,,,
48,Person 10468242,Company 4312B37D,636 Example St,,SANTA ANA,CA,92705,555-0186,,,
49,Person ADB400A8,Company ADB400A8,5526 Example St,,IRVINE,CA,92620,555-0161,,vendor49@example.com,
50,Person 0B32927F,Company 0B32927F,5916 Example St,,FULLERTON,CA,92831,555-0127,,,
51,Person A766AAB6,Company A766AAB6,6947 Example St,,SO. EL MONTE,CA,91733-4136,555-0110,,,
52,Person 73F5C055,Company 73F5C055,1792 Example St,,WILLIAMSVILLE,NY,14231,555-0149,,,
53,Person 74ED4A3B,Company 74ED4A3B,7341 Example St,,LAGUNA HILLS,CA,92653-1226,555-0194,,,
54,Person 3B35C4DE,Company A32C974B,,,RIVERSIDE,CA,92504-5307,555-0132,,,
55,Person 64E5A74A,Company 64E5A74A,2730 Example St,,EL TORO,CA,92630,555-0131,,,
56,Person DBD91809,Company 6AC04464,8095 Example St,,CORONA,CA,,555-0198,,,
57,Person 3389CD41,Company D4676BAA,3683 Example St,,SANTA ANA,CA,92707,555-0135,,,
58,Person 2114D78C,Company AFE5B7BE,441 Example St,,ORANGE,CA,92667,555-0135,,,
59,Person A71F63F0,Company A71F63F0,2219 Example St,,TEMECULA,CA,82589,555-0188,,,
60,Person EEB19E17,Company EEB19E17,2939 Example St,,PHOENIZ,AZ,85005-8886,555-0170,,,
61,Person 34997E1D,Company 839EBDDA,5558 Example St,,SANTA ANA,CA,92703,555-0117,,,
62,Person CBBDFA96,Company 482350F7,7887 Example St,,ESCONDIDO,CA,92026,555-0185,,,
63,Person 10A6C4E2,Company 10A6C4E2,4770 Example St,,FONTANA,CA,,555-0188,,,
64,Person 33E05C43,Company 33E05C43,135 Example St,,BIG BEAR LAKE,CA,92315-7003,555-0159,,,
65,Person 1011B222,Company 948DDDE7,3993 Example St,,MURRIETA,CA,92562,555-0127,,,
66,Person C7C9EB7F,Company 24C7333D,631 Example St,,SANATA ANA,CA,92705,,,,
67,Person DC962FAD,Company DC962FAD,7645 Example St,,WESTLAKE VILL.,CA,91362,555-0132,,,
68,Person 5E19CD85,Company 5E19CD85,8537 Example St,,CAMPAS,WA,,555-0120,,vendor68@example.com,
69,Person 5B4D94FA,Company 3C4BF057,3007 Example St,,ANAHEIM,CA,92805-1902,555-0172,,,
70,,Company 66E31CD7,2894 Example St,,SAN GABRIEL,CA,,555-0172,,,
71,Person E29F36B1,Company E29F36B1,4294 Example St,,ANAHEIM,CA,92806,555-0117,,,
72,Person 663380AF,Company 663380AF,8074 Example St,,NOVATO,CA,94948-0116,555-0133,,,
73,Person 5D57D9B5,Company 5D57D9B5,8341 Example St,,SANTA ANA,CA,92704,555-0125,,,
74,Person F42F7776,Company F42F7776,4171 Example St,,THE LAKES,NV,88901-6029,555-0194,,,
75,Person 2DA7735C,Company 09A98FE4,,,PASADENA,CA,91106,555-0136,,,
76,Person F0708477,Company 4B4B0459,8118 Example St,,RIVERSIDE,CA,92509,555-0143,,,
77,Person 49772E47,Company AFE75786,3281 Example St,,ORANGE,CA,92868,555-0134,,,
78,Person 514D748C,Company 6BBE4BE3,5101 Example St,,ESCONDIDO,CA,92025,555-0163,,,
79,Person 63FA32BA,Company FD6D487C,8455 Example St,,TUSTIN,CA,92780,555-0189,,,
80,Person D758F9F9,Company BA57E6F2,3637 Example St,,ANAHEIM,CA,92807,555-0150,,,
81,Person 59F66CB3,Company E4A3BEFC,498 Example St,,SAN JUAN CAPIS,CA,92675,555-0181,,,
82,Person 953E86E5,Company 94549280,1497 Example St,,PACOIMA,CA,91333-4503,,,,
83,Person 40D74AC3,Company 40D74AC3,5277 Example St,,CORONA,CA,92879,555-0150,,,
84,Person C68C4253,Company C68C4253,6450 Example St,,HUNTINGTON BCH,CA,92646,,,,
85,Person 2CA4484C,Company CE4653F4,7169 Example St,,FULLERTON,CA,92831-5329,555-0134,,,
86,Person 76F5806B,Company 76F5806B,7548 Example St,,ORANGE,CA,92865,555-0132,,,
87,Person B4251B4A,Company B4251B4A,6792 Example St,,ANAHEIM,CA,92806,555-0175,,,
88,Person 11461610,Company 11461610,3535 Example St,,ALISO VIEJO,CA,92856-3041,555-0168,,,
89,Person 36D4FF0D,Company 5661A390,4922 Example St,,BUENA PARK,CA,90620,555-0151,,,
90,Person 80531DF5,Company 80531DF5,5566 Example St,,FULLERTON,CA,92831-5228,555-0173,,,
91,Person 36ACAF07,Company 3231C6A3,7522 Example St,,SAN GABRIEL,CA,91775,555-0175,,,
92,Person 2EE03A07,Company 5D3F7E96,5002 Example St,,ANAHEIM,CA,92802,555-0167,,,
93,Person 2CE2178C,Company 2CE2178C,1122 Example St,,MAYWOOD,IL,60153,555-0196,,,
94,Person CAE102C8,Company CAE102C8,1935 Example St,,SANTA ANA,CA,92705,555-0115,,,
95,Person 1965C602,Company 9D70CA68,6472 Example St,,PERRIS,CA,92571,555-0105,,,
96,Person 46730530,Company 46730530,7100 Example St,,SANTA ANA,CA,92701,555-0189,,,
97,Person 18EFF7F2,Company 18EFF7F2,985 Example St,,ORANGE,CA,92868,555-0146,,,
98,Person 37AAB113,Company 37AAB113,8031 Example St,,ANAHEIM,CA,92807,555-0137,,,
99,Person 353A1FB4,Company 353A1FB4,6525 Example St,,ANAHEIM,CA,92806-2417,555-0159,,,
100,Person F09DA3F3,Company 71AE180F,2544 Example St,,ORANGE,CA,92867,555-0121,,,
101,Person 75F2A81A,Company 8C6EA673,3037 Example St,,GAITHERSBURG,MD,20879,555-0141,,,
102,Person D5DAECD9,Company AE156EA9,7024 Example St,,RIVERSIDE,CA,92503,555-0124,,vendor102@example.com,
103,Person 74075278,Company 3DC40F53,5532 Example St,,SAN DIEGO,CA,92138,,,,
104,Person 7460E36A,Company 7FC335AE,2328 Example St,,RIVERSIDE,CA,92504,555-0147,,,
105,Person DF8228A8,Company 671D9B91,7901 Example St,,PHOENIX,AZ,85009,555-0127,,,
106,Person 086389B2,Company ABC378D2,3383 Example St,,BONSALL,CA,92003-0240,555-0150,,,
107,Person 2751ECB0,Company 1AD15318,8067 Example St,,CALABASAS,CA,91302,555-0148,,,
108,Person 20CD1B59,Company 4676C492,8941 Example St,,PASADENA,CA,91185-1511,555-0151,,,
109,Person A150C496,Company 8110C121,3717 Example St,,CORONA,CA,92878-2829,555-0164,,,
110,Person 30DF46DD,Company E69130D4,6720 Example St,,CORONA,CA,92879,555-0194,,,
111,Person E8DA10EF,Company F1305342,4159 Example St,,RIVERSIDE,CA,92504,555-0130,,,
112,Person 9DE73297,Company 5082BDB1,1341 Example St,,SAN JUAN CAPIS,CA,92693,555-0159,,,
113,Person 30FB5863,Company 30FB5863,1674 Example St,,COSTA MESA,CA,92626,555-0166,,,
114,Person C9CA5FF2,Company C9CA5FF2,8639 Example St,,WHITTIER,CA,90605,,,,
115,Person EBBB6B09,Company CEF0E872,1428 Example St,,NEWPORT BEACH,CA,92663-4231,555-0132,,,
116,Person 01B226B8,Company D35E67B5,6585 Example St,,ANAHEIM,CA,92807,555-0151,,,
117,Person BCFAD094,Company BCFAD094,5734 Example St,,RNCHO SNTA MARTA,CA,92688,555-0141,,,
118,Person 9A27FFF9,Company D145F09E,7440 Example St,,HUNT. BEACH,CA,92647,555-0179,,,
119,Person 5EB92B90,Company 5EB92B90,4716 Example St,,COSTA MESA,CA,92627,555-0134,,,
120,Person 3F53FB16,Company 3F53FB16,3109 Example St,,NEENAH,WI,54956-0729,555-0191,,,
121,Person EB835606,Company 1F83B8EC,1474 Example St,,TEMECULA,CA,92589-1833,555-0139,,,
122,Person EBBB6B09,Company 27C76B62,2424 Example St,,CALABASAS,CA,91302,555-0120,,,
123,Person C137162B,Company C137162B,4882 Example St,,EL CAJON,CA,92020,555-0149,,,
124,Person 2894D1CB,Company A3DFE86B,5516 Example St,,ORANGE,CA,92665,555-0124,,,
125,Person 24F4C45C,Company 24F4C45C,9075 Example St,,NOVATO,CA,94949,555-0173,,,
126,Person 7289A847,Company B07BD48C,7130 Example St,,PLACENTIA,CA,92670,555-0192,,,
127,Person 80BD1F51,Company 80BD1F51,5464 Example St,,LAGUNA BEACH,CA,92651,555-0149,,,
128,Person B2E814D1,Company B2E814D1,5262 Example St,,ANAHEIM,CA,92805-6701,555-0126,,,
129,Person 77DD5770,Company 6B30BC8B,1057 Example St,,STANTON,CA,90680-0186,555-0169,,,
130,Person 53C61BAC,Company 53C61BAC,8938 Example St,,GARDEN GROVE,CA,92643,555-0111,,,
131,Person 294E4D1D,Company 294E4D1D,3216 Example St,,GARDEN GROVE,CA,92643,555-0193,,,
132,Person 5B84CACD,Company 5B84CACD,1134 Example St,,RIVERSIDE,CA,92501-2238,555-0114,,,
133,Person 160932D9,Company 160932D9,3677 Example St,,FULLERTON,CA,92832,555-0149,,,
134,Person 2894D1CB,Company E2E15CDD,4038 Example St,,ORANGE,CA,92863-5465,555-0191,,,
135,Person C66BF671,Company B59B86CE,2920 Example St,,LOS ANGELES,CA,90072,555-0156,,,
136,Person EDE81E3A,Company C9E8A839,177 Example St,,LOS ANGELES,CA,90074-6019,555-0142,,,
137,Person A4BBF070,Company A4BBF070,1034 Example St,,CAROL STREAM,IL,60197-5219,,,,
138,Person 3299D17B,Company EB810C42,1102 Example St,,LAKE ELSINORE,CA,92530,555-0137,,,
139,Person 9A21FDD6,Company B5324130,6442 Example St,,ORANGE,CA,92613-6566,555-0111,,,
140,Person E8FF099C,Company E8FF099C,3147 Example St,,PASADENA,CA,91189-0366,555-0186,,,
141,Person 3A92F9F9,Company 4922711F,5259 Example St,,RIVERSIDE,CA,92504,555-0185,,,
142,Person 30FA8C89,Company 30FA8C89,994 Example St,,NEENAH,WI,54957-0548,555-0135,,,
143,Person 9EDFC111,Company 9EDFC111,5961 Example St,,ORANGE,CA,92868,555-0180,,,
144,Person 12F6AF5B,Company 12F6AF5B,2487 Example St,,SANTA ANA,CA,92707,,,,
145,Person B53B7C32,Company C384BFD6,1685 Example St,,ORANGE,CA,92865-4603,555-0107,,,
146,Person 12E55D4D,Company 8BC74B0D,1737 Example St,,BREA,CA,92821,555-0138,,,
147,Person 5A82C755,Company 724579F1,3039 Example St,,FALLBROOK,CA,92028,555-0155,,,
148,Person 21B380A8,Company 21B380A8,4441 Example St,,ANAHEIM,CA,92802-3580,555-0153,,,
149,Person 00C4DFE3,Company 00C4DFE3,8666 Example St,,SAN MARCOS,CA,92079-0729,555-0150,,,
150,Person B5ADC7BB,Company 1EA56B1F,1106 Example St,,PLACENTIA,CA,92670,555-0136,,,
151,Person 71C6DF33,Company 71C6DF33,3169 Example St,,GARDENA,CA,90247,555-0144,,,
152,Person 203A9028,Company 309CA070,,,LOS ANGELES,CA,90074-6251,555-0187,,,
153,Person 77456969,Company 77456969,8489 Example St,,SAN BERNARDINO,CA,92408-2207,555-0175,,,
154,Person CEF058D7,Company 64E5405B,3154 Example St,,TUSTIN,CA,92780,555-0115,,,
155,Person 3E3DB8AC,Company 3E3DB8AC,6899 Example St,,SAN DIEGO,CA,92121,555-0162,,,
156,Person 1B5C674E,Company 89D8386E,8278 Example St,,PLACENTIA,CA,92870-6721,555-0154,,,
157,Person 6CCC1A9F,Company 6CCC1A9F,3548 Example St,,ANAHEIM,CA,92806,555-0101,,,
158,Person 91FA3327,Company 7FFA93F6,5281 Example St,,PLACENTIA,CA,92670-2702,555-0178,,,
159,Person B6F33174,Company B6F33174,701 Example St,,ANAHEIM,CA,92801,,,,
160,Person 9E799FE9,Company AFAE5E6F,7039 Example St,,BUENA PARK,CA,90621,555-0100,,,
161,Person AF09B217,Company DC9A38AE,3285 Example St,,CITY OF INDUSTRY,CA,91715-1922,555-0153,,,
162,Person 588D1FBE,Company E5D16419,4841 Example St,,SANTA ANA,CA,92705,555-0146,,,
163,Person F0B3C85A,Company F0B3C85A,5549 Example St,,DENVER,CO,80231,555-0166,,,
164,Person 7C96C3E0,Company 7C96C3E0,3069 Example St,,ANAHEIM,CA,92806,555-0186,,,
165,Person 75D9C009,Company 75D9C009,2309 Example St,,CLEVELAND,OH,44193-0469,,,,
166,Person EF24CB1A,Company 1BB47467,4195 Example St,,LONG BEACH,CA,90801-0499,555-0123,,,
167,Person 9583DE56,Company 9583DE56,5959 Example St,,SAN CLEMENTE,CA,92674,555-0160,,,
168,Person 06F2384F,Company 8B3EFD73,3538 Example St,,SAN JUAN CAPISTR,CA,92675,555-0144,,,
169,Person D994BF10,Company 4AC26A18,,,,CA,,,,,
170,Person B7EF77AC,Company B7EF77AC,2628 Example St,,LOS ANGELES,CA,90054-0228,555-0151,,,
171,Person B6A0B07F,Company B6A0B07F,8199 Example St,,SAN FRANCISCO,CA,94139-5891,555-0185,,,
172,Person 8930E9F4,Company 8930E9F4,7353 Example St,,HESPERIA,CA,92340,555-0150,,,
173,Person 0C00AEC4,Company 0C00AEC4,6243 Example St,,LA CRESENTA,CA,91214,555-0133,,,
174,Person DB89E2A9,Company DB89E2A9,8781 Example St,,ORANGE,CA,92863-6544,555-0115,,,
175,Person E1AE3AB5,Company E1AE3AB5,6050 Example St,,SOMIS,CA,93066,555-0126,,,
176,Person CEE9D79E,Company CEE9D79E,2878 Example St,,SOMIS,CA,93066,555-0132,,,
177,Person 3CBB550C,Company 54773684,5969 Example St,,WALNUT,CA,91788,555-0142,,,
178,Person 602F31B0,Company 602F31B0,8934 Example St,,IRVINE,CA,92618,555-0124,,,
179,Person 029C697A,Company 029C697A,4560 Example St,,SANTA ROSA,CA,95407,555-0174,,,
180,Person 53FF753F,Company 53FF753F,570 Example St,,MISSION VIEJO,CA,92691,555-0195,,,
181,Person 970A02AF,Company 970A02AF,4747 Example St,,PUEBLO,CO,81001,555-0110,,,
182,Person 9C145B51,Company 9C145B51,2876 Example St,,WILDOMAR,CA,,,,,
183,Person 5A8D61C3,Company 5A8D61C3,1799 Example St,,LOS ANGELES,CA,90030-0598,555-0174,,,
184,Person 78F7F5E5,Company 78F7F5E5,2540 Example St,,RIVERSIDE,CA,92509,555-0107,,,
185,Person 6FFD07CE,Company E52B4B11,7613 Example St,,IRVINE,CA,92650-0279,555-0181,,,
186,Person E88E6014,Company E88E6014,7718 Example St,,ONTARIO,CA,91761,555-0114,,,
187,Person 9BDB2903,Company E1BC38B2,1717 Example St,,LAKE FOREST,CA,92630,555-0196,,,
188,Person D536519E,Company D536519E,4255 Example St,,LAGUNA NIGUEL,CA,92677,555-0123,,,
189,Person 83EFBE70,Company 83EFBE70,2853 Example St,,IRVINE,CA,92614,555-0158,,,
190,Person A907B2FC,Company A907B2FC,1013 Example St,,ANAHEIM,CA,92806,555-0132,,,
191,Person 1463FBAE,Company 1463FBAE,8263 Example St,,SANTA BARBARA,CA,93160-6827,555-0143,,,
192,Person A11CF34F,Company A11CF34F,4779 Example St,,FOUNTAIN VALLEY,CA,92708,555-0156,,,
193,Person 5BB7ACFC,Company A2F40C23,6360 Example St,,NORCO,CA,92860-1100,555-0185,,,
194,Person D5CAB800,Company D47E2DFD,,,,CA,,555-0156,,,
195,Person B1D01944,Company B1D01944,2560 Example St,,EL MONTE,CA,91733,555-0129,,,
196,Person 73A420F5,Company 73A420F5,3145 Example St,,SACRAMENTO,CA,95819,555-0187,,,
197,Person 60847BB3,Company 60847BB3,564 Example St,,VAN NUYS,CA,91388-0001,555-0161,,,
198,Person CAE5215C,Company ADCCAD70,6712 Example St,,ACTON,CA,93510,555-0194,,,
199,Person 4960236A,Company 4960236A,307 Example St,,POMONA,CA,91766,555-0179,,,
200,Person 9112B8B6,Company 9112B8B6,7690 Example St,,CORONA,CA,92878,555-0199,,,
201,Person 0EC4D1D5,Company 0EC4D1D5,7333 Example St,,ANAHEIM,CA,92803,555-0132,,,
202,Person 6C101264,Company EC8FE4DA,8831 Example St,,SAN DIEGO,CA,92192,555-0144,,,
203,Person D2752BF4,Company D2752BF4,5396 Example St,,LAGUNA BEACH,CA,92651,555-0138,,,
204,Person 0DC93198,Company 0DC93198,8521 Example St,,LA VERNE,CA,91750-5545,555-0119,,,
205,Person 19CDCB94,Company 19CDCB94,4878 Example St,,CHICAGO,IL,60674-2271,555-0100,,,
206,Person F265CAF8,Company 944B1336,6330 Example St,,IRVINE,CA,92620,555-0173,,,
207,Person 1C9C591E,Company 1C9C591E,8257 Example St,,OLYMPIA,WA,98501,555-0117,,,
208,Person 2B52E8F0,Company E58E093C,3891 Example St,,ESCONDIDO,CA,92026,555-0119,,,
209,Person C01D2450,Company FA7B954D,7424 Example St,,PALM DESERT,CA,92261,555-0189,,,
210,Person D9955C36,Company D9955C36,2233 Example St,,CHINO,CA,91710,555-0165,,,
211,Person 38616AFD,Company 2A3F3CE8,4427 Example St,,LA VERNE,CA,91750,555-0126,,,
212,Person 1BF72B14,Company 24F0DEED,4233 Example St,,NOVATO,CA,94948,555-0153,,,
213,Person 15ECB714,Company 15ECB714,548 Example St,,HUNTINGTON BEACH,CA,92648,555-0163,,,
214,Person A917849F,Company F3DA0651,4386 Example St,,REDONDO BEACH,CA,90278,555-0180,,,
215,Person 00E4E773,Company 00E4E773,910 Example St,,VISTA,CA,92084,555-0172,,,
216,Person 5E9AB5E6,Company 5E9AB5E6,6731 Example St,,ANAHEIM,CA,92806,555-0175,,,
217,Person 9A15B65D,Company 5812102E,7293 Example St,,CHINO,CA,91710-9694,555-0155,,,
218,Person 3A67BE9D,Company 99AC62BC,4038 Example St,,ORANGE,CA,92863-5465,555-0191,,,
219,Person E194DAD5,Company E194DAD5,3576 Example St,,ANAHEIM HILLS,CA,92808,555-0154,,,
220,Person 1DCD7912,Company 1DCD7912,,,,CA,,,,,
221,Person BC7A42F8,Company BC7A42F8,7553 Example St,,VISTA,CA,92084,555-0198,,,
222,Person 210FCCDD,Company 210FCCDD,2239 Example St,,SAN RAFAEL,CA,94901,555-0118,,,
223,Person CB57CCBA,Company F00AC1F6,1769 Example St,,CHINO,CA,91710,555-0158,,,
224,Person 10D99BB8,Company 10D99BB8,4693 Example St,,CARLSBAD,CA,92008,555-0121,,,
225,Person 950F47C0,Company 950F47C0,6118 Example St,,CORONA,CA,92880,555-0175,,,
226,Person 1E7BCF89,Company 1E7BCF89,1175 Example St,,MANASSAS,VA,20109,555-0180,,,
227,Person FA51CA24,Company 85C03ADA,2022 Example St,,WOODLAND HILLS,CA,91367,555-0190,,,
228,Person 9F8F1221,Company 9F8F1221,2458 Example St,,FULLERTON,CA,92831,555-0141,,,
229,Person AA74AC4F,Company AA74AC4F,5652 Example St,,CORONA,CA,92880,,,,
230,Person EC734A7E,Company 474F3F62,1305 Example St,,ORANGE,CA,92867,555-0110,,,
231,Person 90A07703,Company 90A07703,838 Example St,,ANAHEIM,CA,92815-0029,555-0129,,,
232,Person 9C5F56BD,Company 28F919B4,861 Example St,,CORONA,CA,92878-2662,555-0133,,,
233,Person 1322E34B,Company 1322E34B,258 Example St,,MOORPARK,CA,93020-0487,555-0152,,,
234,Person F0059767,Company 0E9A647C,299 Example St,,BANNING,CA,92220,555-0177,,,
235,Person 5EF16D0F,Company 5EF16D0F,3000 Example St,,,CA,92675,555-0101,,,
236,Person 3D9F9CE4,Company 16AC8FE9,1365 Example St,,LOMITA,CA,90717,555-0116,,,
237,Person EE0CE622,Company EE0CE622,329 Example St,,CAMARILLO,CA,93012-8261,555-0173,,,
238,Person DB3BE937,Company DB3BE937,6665 Example St,,PORT HUENEME,CA,93044-0579,555-0182,,,
239,Person EB8EC54A,Company A0450DFF,8394 Example St,,SAN JUAN CAP.,CA,92693-0249,555-0164,,,
240,Person ECFA938B,Company ECFA938B,6341 Example St,,ORANGE,CA,92857-0280,555-0100,,,
241,Person 4E7B3BF6,Company 4E7B3BF6,2215 Example St,,CAPISTRANO BEACH,CA,92624,555-0114,,,
242,Person 3F62E6B4,Company 3F62E6B4,3249 Example St,,SANTA FE,MN,87501,555-0143,,,
243,Person 6A347A8F,Company 6A347A8F,1786 Example St,,RANCHO CUCAMONGA,CA,91730,555-0184,,,
244,Person 606C4A39,Company 94F2F0D7,2305 Example St,,DALLAS,TX,75373-4154,555-0183,,vendor244@example.com,
245,Person CD46026A,Company CD46026A,2570 Example St,,WALPOLE,MA,02081,555-0164,,,
246,Person 1B564083,Company 1B564083,725 Example St,,JANESVILLE,IA,50647,,,,
247,Person 5BFF1772,Company 5BFF1772,1070 Example St,,LOS ANGELES,CA,90084-2457,555-0160,,,
248,Person 53019C09,Company 53019C09,8043 Example St,,BUENA PARK,CA,90620,555-0139,,,
249,Person 25F27EBE,Company 25F27EBE,1071 Example St,,HUNTINGTON BEACH,CA,92649,555-0134,,,
250,Person 4ECD3CFA,Company 4ECD3CFA,2155 Example St,,OCEANSIDE,CA,92056,555-0159,,,
251,Person 6979DAD4,Company 6979DAD4,8385 Example St,,CINCINNATI,OH,45204,555-0187,,,
252,Person 5539FF41,Company 5539FF41,7972 Example St,,CORONA,CA,92878,555-0132,,,
253,Person AF946281,Company 19D0B78B,3965 Example St,,CORONA,CA,92879-2027,555-0190,,,
254,Person 1C412687,Company C2E3692D,5411 Example St,,DUARTE,CA,91010,555-0189,,,
255,Person F88E79C8,Company F88E79C8,3321 Example St,,CHARLESTON,SC,29403-4827,555-0137,,,
256,Person 85B17358,Company 85B17358,8395 Example St,,MURRIETA,CA,92562,555-0179,,,
257,Person E1BE3E1D,Company E1BE3E1D,8109 Example St,,PARAMOUNT,CA,90723,555-0148,,,
258,Person BEB1F811,Company 9FB20EA8,4151 Example St,,BUTLER,PA,16003-2008,555-0112,,,
259,Person 17AA467E,Company 17AA467E,7196 Example St,,HOUSTON,TX,77074,,,,
260,Person 2B05C5E3,Company 657D847D,1879 Example St,,HOUSTON,TX,77216,555-0135,,,
261,Person 088DD636,Company CB778258,6289 Example St,,CALABASAS,CA,91302,555-0109,,,
262,Person 69E3D591,Company 69E3D591,4455 Example St,,FULLERTON,CA,92831,555-0176,,,
263,Person E5CC0708,Company E5CC0708,264 Example St,,NEWPORT BEACH,CA,92663,555-0186,,,
264,Person CA945709,Company CA945709,2550 Example St,,LAKE ELSINORE,CA,92351,555-0132,,,
265,Person 9BC1E7A3,Company 9BC1E7A3,731 Example St,,ORANGE,CA,92867,555-0108,,,
266,Person 9ADB0B0E,Company 9ADB0B0E,5695 Example St,,SIMI VALLEY,CA,93062,555-0158,,,
267,Person DF8228A8,Company 8BA8F833,4008 Example St,,ORANGE,CA,92867,555-0144,,,
268,Person 39D6D93D,Company 39D6D93D,1153 Example St,,CAMBRIA,CA,93428,555-0168,,,
269,Person 723B0C5D,Company 9154DC1C,6558 Example St,,UTICA,MI,48317,555-0198,,,
270,Person 6D223CA0,Company 6D223CA0,4496 Example St,,BREA,CA,92821,555-0141,,,
271,Person BBA535AC,Company 2F417102,5685 Example St,,SANTA CLARA,CA,95052-0225,555-0159,,,
272,Person 17D1C34C,Company 17D1C34C,196 Example St,,RIVERSIDE,CA,,555-0171,,,
273,Person B8C059ED,Company 6238C8A6,3845 Example St,,MOORPARK,CA,93021,555-0158,,,
274,Person 2250F207,Company C306DA53,4550 Example St,,GARDENA,CA,90248,555-0192,,,
275,Person B9B67FA4,Company B9B67FA4,4153 Example St,,UPLAND,CA,91784-1199,555-0178,,,
276,Person EC1B85B7,Company EC1B85B7,7933 Example St,,SANTA MARIA,CA,93458-9720,555-0153,,,
277,Person 56ED06E7,Company 56ED06E7,3765 Example St,,MURRIETA,CA,92562,555-0101,,,
278,Person 425EF9FA,Company 81499877,7042 Example St,,CORONA,CA,92883,,,,
279,Person 42C8C781,Company 15EE0432,1109 Example St,,PACIFIC PALISADS,CA,90272,555-0195,,,
280,Person 4FF8B162,Company 3FC19229,2852 Example St,,WEST PALM BEACH,FL,33401,555-0126,,,
281,Person 9B579B5D,Company 9B579B5D,1860 Example St,,ANAHEIM,CA,92806,555-0166,,,
282,Person 3D6F3D50,Company 3D6F3D50,5084 Example St,,LAKEWOOD,CA,90713-1066,555-0194,,,
283,Person 431D6416,Company 431D6416,5908 Example St,,COLERAIN,NC,27924-0235,555-0185,,,
284,Person CCC29909,Company CCC29909,7027 Example St,,BURLINGTON,VT,05401,555-0164,,,
285,Person 07059B30,Company EAA178FD,2567 Example St,,SAN DIEGO,CA,92108,555-0112,,,
286,Person 5429DC2B,Company 5429DC2B,,,,CA,,,,,
287,Person 78FD8CC0,Company BAF3DF7E,6737 Example St,,LOS ANGELES,CA,90059-3507,555-0125,,,
288,Person BA265B8C,Company 80961A58,3395 Example St,,CONCORD,NC,28025,555-0163,,,
289,Person 6AE9E998,Company 720EACE0,7663 Example St,,LAKE FOREST,CA,92630,555-0150,,,
290,Person AF018B0A,Company AF018B0A,1180 Example St,,MEXICO,MO,65265,555-0133,,,
291,Person 36234B6A,Company 36234B6A,,,DUBUQUE,IA,52003,555-0132,,,
292,Person 6A1DAA50,Company 6A1DAA50,5777 Example St,,HUNTINGTON BEACH,CA,92649,555-0135,,,
293,Person 717C4168,Company 717C4168,5643 Example St,,HUNTINGTON BEACH,CA,92626,,,,
294,Person F7BDBD48,Company F7BDBD48,2271 Example St,,SANTA FE SPRINGS,CA,90670,555-0192,,,
295,Person 9B447FB6,Company D789FDC7,7895 Example St,,LATHROP,CA,95330-9703,555-0157,,,
296,Person 692FF028,Company 692FF028,8200 Example St,,SACRAMENTO,CA,95833,,,,
297,Person F9AFFDB8,Company 96DC5818,655 Example St,,ENCINITAS,CA,92024,555-0142,,,
298,Person 6965079F,Company 6965079F,4767 Example St,,HEMET,CA,92548-1650,555-0188,,,
299,Person 631E793C,Company 631E793C,7102 Example St,,SAN CLEMENTE,CA,92672,555-0169,,,
300,Person FFE8DEAB,Company A99D8DD5,8702 Example St,,CORONA,CA,92879-2528,,,,
301,Person 20C78203,Company 20C78203,2852 Example St,,ENCINITAS,CA,92023,555-0176,,,
302,Person 103052AD,Company 103052AD,2502 Example St,,TEMECULA,CA,92596,555-0174,,,
303,Person 5DB576B6,Company 725B3DA8,7471 Example St,,MISSION VIEJO,CA,92691,555-0128,,,
304,Person 8E96DC3D,Company D3C3EE20,6056 Example St,,MENIFEE,CA,92584,555-0163,,vendor304@example.com,
305,Person 234C58D6,Company 6D82758D,835 Example St,,CITY OF INDUSTRY,CA,91716-9382,555-0150,,,
306,Person 2E55AF13,Company B548E4AD,6827 Example St,,GLENDALE,CA,91201,555-0183,,,
307,Person 1517F730,Company AB5CA754,5123 Example St,,DETROIT,MI,48278-0073,555-0148,,,
308,Person 58993DE3,Company 93FFFB54,7594 Example St,,SANTA ANA,CA,92707,555-0172,,,
309,Person E17BDAE9,Company 2F610CBC,652 Example St,,CHICAGO,IL,60673-1241,,,,
310,Person 7302D521,Company 99729C00,4470 Example St,,RIVERSIDE,CA,92509,555-0129,,,
311,Person 8D7DA165,Company 8D7DA165,6748 Example St,,BUENA PARK,CA,90621,555-0123,,,
312,Person 54FBB6B6,Company 54FBB6B6,3972 Example St,,ANAHEIM,CA,92806,555-0139,,,
313,Person DB50EB5E,Company DB50EB5E,2710 Example St,,FONTANA,CA,92335,,,,
314,Person 084F5648,Company 084F5648,8953 Example St,,HUNTINGTON BEACH,CA,92649,555-0113,,,
315,Person F701AE65,Company 04D0C6C9,,,COSTA MESA,CA,92627,555-0116,,,
316,Person 5ED6D15C,Company 5ED6D15C,3704 Example St,,,CA,,,,,
317,Person BC455D1F,Company BC455D1F,5172 Example St,,LAGUNA HILLS,CA,92653,555-0188,,,
318,Person D29CD5CB,Company 8D4EBAA8,286 Example St,,PEDLEY,CA,92509,555-0156,,,
319,Person CFBC4338,Company CFBC4338,5227 Example St,,S.EL MONTE,CA,91733,555-0145,,,
320,Person 1E1DA24E,Company 1E1DA24E,265 Example St,,CARMEL VALLEY,CA,93924,555-0135,,,
321,Person 4A3625C7,Company 6DD24522,2268 Example St,,SAN JUAN CAP,CA,92675,555-0160,,vendor321@example.com,
322,Person 5EBD0B67,Company 5EBD0B67,7930 Example St,,WESTCHESTER,CA,90045,555-0152,,,
323,Person 3B0B916F,Company 3B0B916F,3840 Example St,,DENISON,IA,51442,555-0184,,,
324,Person F5E37F78,Company F5E37F78,6336 Example St,,LA VERNA,CA,91750-8046,555-0160,,,
325,Person A7246385,Company 40836C04,2565 Example St,,VISTA,CA,92085-0536,555-0166,,,
326,Person 82399F9C,Company CB30D2A8,5390 Example St,,RANCHO CUCAMONGA,CA,91730,555-0100,,vendor326@example.com,
327,Person 2484D486,Company 2484D486,,,CHANDLER,AZ,85226,555-0176,,,
328,Person D353B513,Company D353B513,480 Example St,,CAPISTRANO BEACH,CA,92624,555-0162,,,
329,Person CFAA60E1,Company 72ED2E6F,2147 Example St,,PLACENTIA,CA,92870,555-0111,,vendor329@example.com,
330,Person 659D9290,Company 09434731,4111 Example St,,MURRIETA,CA,92563,555-0194,,,
331,Person B47AEED3,Company B47AEED3,8126 Example St,,TEMPLE CITY,CA,91780,555-0194,,,
332,Person F6DB773A,Company F6DB773A,4416 Example St,,RIVERSIDE,CA,92503,555-0103,,,
333,Person 2E711B86,Company 2E711B86,749 Example St,,IRVINE,CA,92614,,,,
334,Person CDE27E24,Company CDE27E24,7243 Example St,,SAN DIEGO,CA,92102,555-0140,,,
335,Person D63A21CC,Company D63A21CC,,,,CA,,555-0118,,,
336,Person E4E3C6A6,Company E4E3C6A6,1666 Example St,,CORONA,CA,92880,555-0196,,,
337,Person 479C3B50,Company 479C3B50,7764 Example St,,SANTA FE SPRINGS,CA,90670,555-0109,,,
338,Person EDECBEEF,Company EDECBEEF,3242 Example St,,FOUNTAIN VALLEY,CA,92708,555-0184,,,
339,Person E6A43463,Company 70E724CB,362 Example St,,CARSON CITY,NV,89706,555-0144,,,
340,Person 2E711B86,Company 2E711B86,749 Example St,,IRVINE,CA,92614,555-0163,,,
341,Person 8A0D282D,Company 8A0D282D,,,,,,555-0136,,,
342,Person BE6450E0,Company BE6450E0,8560 Example St,,ANYWHERE,CA,92806,555-0182,,,
343,Person F26A56C1,Company F26A56C1,4805 Example St,,MT VERNON,ME,04352,555-0165,,vendor343@example.com,
344,Person 01B226B8,Company E630725E,4999 Example St,,ANAHEIM,CA,92807,555-0151,,vendor344@example.com,
345,Person 5786A741,Company 6B413E73,922 Example St,,Anaheim,CA,92806,,,,
346,Person 184D1887,Company 93078B9A,8061 Example St,,LAKEWOOD,CA,90714,555-0159,,vendor346@example.com,
347,Person CD8EAA72,Company 94837B57,4162 Example St,,ONTARIO,CA,91761,555-0168,,vendor347@example.com,
348,Person BB8BF3C0,Company 56FF451C,7196 Example St,,ANAHEIM,CA,,,,,
349,Person 7158A058,Company 7158A058,8677 Example St,,Naperville,IL,60563,,,,
350,Person 4D30E0CE,Company 7158A058,1445 Example St,,NAPERVULLE,IL,60563,,,,
351,Person 55AEA72A,Company 70C1911D,6090 Example St,,ANAHEIM,CA,92807,555-0112,,vendor351@example.com,
352,Person 086389B2,Company F66D8559,9016 Example St,,SAN RAMON,CA,94583,,,,
353,Person 261228AD,Company 6C625DAA,,,,,,555-0112,,,
354,Person 912A485F,Company ADE9598D,5155 Example St,,BLOOMINGTON,CA,92316,555-0181,,,
355,Person 50501820,Company 50501820,8877 Example St,,Huntington Beach,CA,29649,,,,
356,Person DA31ECA1,Company 0FFBF6D9,8633 Example St,,UPLAND,CA,91786,555-0178,,vendor356@example.com,
357,Person 82B29C5F,Company 82B29C5F,2422 Example St,,CHARLOTTE,NC,26273,555-0121,,,
358,Person D0261B85,Company 256CA5A8,3659 Example St,,CHINO,CA,91708,555-0120,,,
359,Person 60A0CCF3,Company 46E8FFF5,8258 Example St,,PASADENA,CA,91110,555-0174,,,
360,Person 331A28A5,Company D165D0A9,3140 Example St,,ORANGE,CA,92868,555-0166,,,
361,Person 4FF6C9F6,Company 730FB671,1161 Example St,,UNION CITY,CA,94587,,,,
362,Person 3BFECBB6,Company DC7E4480,4611 Example St,,PHILADELPHIA,PA,19102,,,,
363,Person BFFA51BD,Company 9B531276,122 Example St,,CARLSBAD,CA,92011,555-0111,,,
364,Person C7583FE6,Company 1448F25B,4232 Example St,,DUNKIRK,MD,20754,555-0119,,,
365,Person C1DD88E9,Company 522D8F95,1316 Example St,,SAGINAW,MI,48603,,,,
366,Person F043C643,Company AB2F70F4,4039 Example St,,WILMINGTON,DE,19802,,,,
367,Person 4178B9C8,Company 3C24A81F,,,Riverside,CA,,555-0195,,vendor367@example.com,
368,Person B0BAAF0C,Company A47A2876,,,,,,555-0129,,vendor368@example.com,
369,Person 44AB05F0,Company 5E63458E,6933 Example St,,SAN MARCOS,CA,92078,555-0129,,,
370,Person 70C3DB76,Company 2763A682,648 Example St,,ARLINGTON,TN,38002,555-0184,,,
371,Person 710935EE,Company 5FE0E524,3298 Example St,,REDMOND,WA,98052,,,,
372,Person 2C27D45E,Company 12B97A14,1218 Example St,,FORT PAYNE,AL,35967,555-0169,,,
373,Person AF475C06,Company F5154A13,6420 Example St,,ESCONDIDO,CA,92029,555-0174,,,
374,Person DB4F3D49,Company AEB37D61,3834 Example St,,BATON ROUGE,LA,70815,,,,
375,Person 41267B17,Company 4AC8F0DF,1117 Example St,,SYRACUSE,IN,46567,555-0159,,,
376,Person 93A353B7,Company F3AE3D72,1622 Example St,,PORTLAND,OR,97296,555-0139,,,
377,Person 0F5824A0,Company 0355C7A0,4346 Example St,,SAN DIEGO,CA,92121,,,,
378,Person 2838752D,Company F890493B,8085 Example St,,ST. LOUIS,MI,63110,,,,
379,Person 2DEADC5B,Company 86A496FF,4051 Example St,,SAN DIEGO,CA,92154,,,,
380,Person 275D57A0,Company 44829089,8715 Example St,,ORLANDO,FL,32829,,,,
381,Person 0C0F647B,Company 0EF6CAF7,6605 Example St,,CARROLLTON,GA,30117,,,,
382,Person EB835606,Company 2C7782AA,5223 Example St,,PERRIS,CA,92570,,,,
383,Person EB9DE47C,Company DE14B8EC,5002 Example St,,ANAHEIM,CA,,,,,
385,Person 52DA1810,Company A7FE94E8,7688 Example St,,,,,,,,
386,Person 52DA1810,Company A7FE94E8,7688 Example St,,GARDEN GROVE,CA,92841,555-0190,,,
387,Person 047DF9DC,Company 062F9F55,5693 Example St,,EL DORADO HILLS,CA,95762,,,,
388,Person C9229D8E,Company F98BB455,2981 Example St,,OCALA,FL,34470,,,,
389,Person B1B9C7C4,Company BCA134E8,3477 Example St,,DENVER,CA,80202,555-0134,,,
390,Person 4759846B,Company D4B78DB3,7921 Example St,,HOLLAND,MI,49424,555-0115,,,
391,Person 89EFE30B,Company A0B5AE5E,1221 Example St,,TUSTIN,CA,92782,555-0196,,,
392,Person 7048A274,Company D8508194,6415 Example St,,BUENA PARK,CA,90622,,,,
393,Person EB9DE47C,Company DE14B8EC,6471 Example St,,ANAHEIM,CA,,,,,
394,Person D2D11FEE,Company 3375E1EA,3276 Example St,,IRVINE,CA,92606,555-0128,,,
395,Person 7BBC2A45,Company EBBE7319,5299 Example St,,LAKE ELSINORE,CA,92530,,,,
396,Person 9D9C09B3,Company AEF5A8A0,3397 Example St,,ANAHEIM,CA,92806,555-0147,,vendor396@example.com,
397,Person F1E7E661,Company 5B343939,4179 Example St,,Anaheim,CA,92804,555-0148,,,
398,Person F0022BBE,Company B386ADC3,6949 Example St,,LAKE ELSINORE,CA,92530,555-0192,,,
399,Person 682450C2,Company EB07253F,1415 Example St,,,,,,,,
400,Person 682450C2,Company EB07253F,1415 Example St,,THOUSAND PALMS,CA,92276,555-0156,,,
401,Person CFB258DA,Company CFB258DA,,,,,,,,,Person BF301756
402,Person 033ADA73,Company 033ADA73,,,,,,,,,Person BF301756
403,Person D1E53034,Company 1AAA75F2,3630 Example St,,Tucson,AZ,85756,,,vendor403@example.com,
404,Person C7583FE6,Company 49A55682,6413 Example St,,PENNSBURG,PA,,,,,
405,Person F1F46C69,Company BAA43BFB,4004 Example St,,Anaheim,CA,92805,555-0165,,vendor405@example.com,
406,Person 6F72FEB8,Company BE2FE163,4967 Example St,,IRVINE,CA,92606,,,,
407,Person 66AC0ED2,Company B67C86DB,3670 Example St,,LAKE FOREST,CA,92630,555-0185,,,
408,Person EF317A38,Company DC1364BB,1856 Example St,,SYCAMORE,IL,60178,555-0181,,,
409,Person 4D6DEE1A,Company 9419A0D4,8900 Example St,,SANTA ANA,CA,92704,,,,
410,Person 390D62DE,Company 3115F62E,1737 Example St,,DULUTH,MN,55801,,,,
411,Person 87640CAD,Company F576A53C,4991 Example St,,,,,,,,
412,Person 87640CAD,Company F576A53C,4991 Example St,,MINDEN,NV,89423,555-0161,,,
413,Person ABB276CD,Company DB3F2841,5289 Example St,,COSTA MESA,CA,,,,,
414,Person A32EC6F0,Company 5B209B4F,6676 Example St,,WALLINGFORD,CT,06492,,,,
415,Person 0A6D487B,Company 07AD8868,7047 Example St,,,,,,,,
416,Person 0A6D487B,Company 07AD8868,7047 Example St,,NUEVO,CA,92567,,,,
417,Person 228C69A0,Company A81F24D3,9064 Example St,,MENIFEE,CA,92584,555-0125,,,
418,Person 7E6B68E1,Company E435F62F,9098 Example St,,"Miami-Hialeah,",FL,33010,,,,
419,Person 1A899697,Company 79846416,7423 Example St,,UPLAND,CA,91786,,,,
420,Person B451C448,Company 9BB233BB,3733 Example St,,TEMPE,AZ,85281,555-0108,,,
421,Person 73C552FA,Company 48D172C3,2521 Example St,,LAKESIDE,CA,92040,,,,
422,Person 30A4FEB6,Company 884A46E5,491 Example St,,SANTA FE SPRINGS,CA,90670,555-0114,,,
423,Person FCA86547,Company D8A46E77,1452 Example St,,,,,,,,
424,Person FCA86547,Company D8A46E77,1452 Example St,,TWINSBURG,OH,44087,555-0114,,,
