id,job_id,category,vendor_id,created_at,updated_at
1,9990,drains,168,2025-12-07 19:37:52.808356,2025-12-07 19:37:52.808356
2,9990,landscape,168,2025-12-07 21:40:17.561639,2025-12-07 21:40:17.561639
3,6057,irrigation,309,2025-12-08 15:30:15.38584,2025-12-18 16:51:37.543486
4,6058,irrigation,116,2025-12-09 15:08:35.055951,2025-12-09 15:10:46.987519
5,6048,irrigation,309,2025-12-09 16:07:27.682278,2025-12-09 16:07:27.68228
6,6048,drains,309,2025-12-09 16:44:22.282955,2025-12-09 16:44:22.282958
7,6057,drains,309,2025-12-09 17:45:24.462166,2025-12-09 17:45:24.46217
8,6059,drains,309,2025-12-10 16:55:20.999012,2025-12-10 16:55:20.999015
9,6059,irrigation,309,2025-12-10 17:43:29.740452,2026-01-28 16:12:17.084697
10,6047,drains,116,2025-12-11 17:04:13.705699,2025-12-11 17:04:13.705702
11,6047,irrigation,116,2025-12-11 17:09:43.204668,2025-12-11 17:09:43.204671
12,6049,drains,116,2025-12-11 17:25:18.180248,2025-12-11 17:25:18.180252
13,6049,irrigation,116,2025-12-11 17:33:23.234453,2025-12-11 17:33:23.234456
14,6050,irrigation,309,2025-12-15 16:09:47.751214,2026-01-28 16:55:15.432602
15,6050,drains,309,2025-12-15 16:52:45.944187,2025-12-15 16:52:45.94419
16,6053,drains,25,2025-12-15 17:22:55.594566,2025-12-15 17:22:55.594569
17,6053,irrigation,25,2025-12-15 17:27:54.582794,2025-12-15 17:27:54.582798
18,6052,drains,25,2025-12-15 17:52:56.329896,2025-12-15 17:52:56.329899
19,6052,irrigation,25,2025-12-15 17:57:38.724756,2025-12-15 17:57:38.72476
20,6056,irrigation,309,2025-12-16 15:24:51.937309,2025-12-16 15:24:51.937316
21,6056,drains,309,2025-12-16 15:38:28.088159,2025-12-16 15:38:28.088162
22,6054,irrigation,309,2025-12-16 15:43:50.841694,2025-12-16 15:43:50.841698
23,6055,drains,309,2025-12-16 15:50:12.421537,2025-12-16 15:50:12.421542
24,6055,irrigation,309,2025-12-16 15:51:50.450421,2025-12-16 15:51:50.450424
25,6051,irrigation,309,2025-12-22 17:22:44.097068,2025-12-22 17:22:44.097072
26,6066,irrigation,116,2026-01-23 17:03:00.534762,2026-01-23 17:03:00.534765
27,6067,irrigation,116,2026-01-29 17:57:26.140292,2026-01-29 17:57:26.140295
28,6067,drains,116,2026-01-29 17:57:49.993351,2026-01-29 17:57:49.993354
29,5964,drains,25,2026-01-30 17:49:22.934668,2026-02-10 21:14:37.115565
30,6060,drains,25,2026-01-30 18:04:51.105067,2026-01-30 18:04:51.10507
31,6068,irrigation,116,2026-02-06 23:00:14.690377,2026-02-06 23:00:14.690379
32,6065,irrigation,309,2026-02-11 19:05:38.277288,2026-02-11 19:05:38.27729
33,6072,irrigation,309,2026-02-13 23:58:36.606097,2026-02-13 23:58:36.606099
34,6063,irrigation,25,2026-02-17 18:04:04.740072,2026-03-06 21:59:38.608769
35,6062,irrigation,116,2026-02-18 22:20:14.548554,2026-02-18 22:20:14.548557
36,6058,drains,116,2026-02-19 19:15:47.022421,2026-02-19 19:15:47.022424
37,6068,drains,116,2026-02-23 17:32:32.437357,2026-02-23 17:32:32.43736
38,6071,irrigation,25,2026-02-23 18:30:34.902715,2026-02-23 18:30:34.902718
39,6070,irrigation,309,2026-02-24 16:07:32.156254,2026-02-24 16:07:32.156256
40,6070,drains,309,2026-02-24 18:04:19.053115,2026-02-24 18:04:19.053118
41,6065,drains,309,2026-02-24 19:01:01.931553,2026-02-24 19:01:01.931556
42,6062,drains,116,2026-02-25 15:38:19.707538,2026-02-25 15:38:19.707541
43,6063,drains,25,2026-03-06 21:59:27.170007,2026-03-06 21:59:27.17001
44,6073,drains,309,2026-03-09 15:18:59.504984,2026-03-09 15:48:48.481138
45,6073,irrigation,309,2026-03-09 15:50:29.988398,2026-03-09 15:50:29.9884
46,6076,irrigation,116,2026-03-12 18:26:50.831754,2026-03-12 18:26:50.831756
47,6077,irrigation,116,2026-03-23 17:52:38.713556,2026-03-23 17:52:38.713559
48,6077,drains,116,2026-03-23 17:52:59.93747,2026-03-23 17:52:59.937473
49,6074,irrigation,25,2026-03-27 16:44:05.90663,2026-03-27 16:44:05.906633
50,6074,drains,25,2026-03-27 20:59:46.995827,2026-03-27 20:59:46.995829
51,6078,drains,309,2026-04-27 18:14:10.118561,2026-04-27 18:14:10.118563
52,6078,irrigation,309,2026-04-27 18:24:58.501252,2026-04-27 18:24:58.501254
53,6033,drains,309,2026-04-28 14:24:07.991734,2026-04-28 14:24:07.991736
54,6033,irrigation,309,2026-04-28 14:24:21.863715,2026-04-28 14:24:21.863717
55,6003,drains,25,2026-04-28 14:37:54.622568,2026-04-28 14:37:54.62257
56,5981,irrigation,116,2026-04-28 14:46:16.061998,2026-04-28 14:46:16.062001
57,5975,irrigation,116,2026-04-28 20:03:40.321256,2026-04-28 20:03:40.321259
58,5981,drains,116,2026-04-28 20:12:21.46902,2026-04-28 20:12:21.469022
59,6043,irrigation,309,2026-05-01 14:13:30.358347,2026-05-01 14:13:30.35835
60,6039,irrigation,116,2026-05-01 14:29:00.406826,2026-05-01 14:29:00.40683
61,6017,irrigation,309,2026-05-01 17:42:00.761743,2026-05-01 17:42:00.761747
62,5975,drains,116,2026-05-05 14:51:54.729965,2026-05-05 14:51:54.729967
63,6043,drains,309,2026-05-05 15:10:32.368271,2026-05-05 15:10:32.368273
64,5952,irrigation,116,2026-05-06 14:28:12.970449,2026-05-06 14:28:12.970451
65,6024,drains,116,2026-05-06 15:14:38.660594,2026-05-06 15:14:38.660598
66,6024,irrigation,116,2026-05-07 17:08:41.943895,2026-05-07 17:08:41.943897
67,4071,irrigation,116,2026-05-11 15:52:24.021555,2026-05-11 15:52:24.021557
68,6003,irrigation,25,2026-05-12 14:38:53.598755,2026-05-12 14:38:53.598757
69,6023,irrigation,116,2026-05-14 21:12:32.134071,2026-05-14 21:12:32.134074
70,6042,irrigation,25,2026-05-18 14:19:18.322868,2026-05-18 14:19:18.32287
71,6054,drains,309,2026-05-18 18:15:18.202197,2026-05-18 18:15:18.202199
72,6080,irrigation,116,2026-05-19 18:16:42.427411,2026-05-19 18:16:42.427413
73,6080,drains,116,2026-05-19 18:45:42.654285,2026-05-19 18:45:42.654288
74,6081,irrigation,309,2026-05-22 15:13:47.484612,2026-05-22 15:13:47.484614
75,6081,drains,309,2026-05-22 16:16:27.143169,2026-05-22 16:16:27.143173
76,6082,drains,309,2026-05-22 17:16:55.864981,2026-05-22 17:16:55.864985
77,6082,irrigation,309,2026-05-22 17:24:47.899899,2026-05-22 17:24:47.899903
78,6069,irrigation,116,2026-05-26 14:38:31.682674,2026-05-26 14:38:31.682677
79,5842,irrigation,116,2026-05-27 14:51:04.104753,2026-05-27 14:51:04.104756
80,5841,irrigation,116,2026-05-27 14:55:30.510264,2026-05-27 14:55:30.510267
81,6079,irrigation,116,2026-06-01 21:04:44.015684,2026-06-01 21:04:44.015686
82,6079,drains,116,2026-06-01 21:18:29.596413,2026-06-01 21:18:29.596415
83,5982,drains,116,2026-06-03 16:00:37.542753,2026-06-03 16:00:37.542755
84,5966,irrigation,309,2026-06-04 15:07:41.186353,2026-06-04 15:07:41.186356
85,6084,irrigation,25,2026-06-04 16:51:16.684741,2026-06-04 16:51:16.684743
86,5979,irrigation,116,2026-06-04 17:30:19.042641,2026-06-04 17:30:19.042643
87,5972,drains,116,2026-06-09 14:51:16.926847,2026-06-09 14:51:16.926849
88,5972,irrigation,116,2026-06-10 16:03:41.776243,2026-06-10 16:03:41.776246
89,5979,drains,116,2026-06-10 20:36:39.559287,2026-06-10 20:36:39.55929
90,6038,irrigation,116,2026-06-11 17:17:50.348821,2026-06-22 16:46:27.52939
91,6045,irrigation,116,2026-06-15 15:14:50.324021,2026-06-15 15:14:50.324023
92,5964,irrigation,25,2026-06-16 14:39:33.449762,2026-06-16 14:39:33.449765
93,6086,drains,116,2026-06-18 18:33:41.945346,2026-06-18 18:33:41.945349
94,6086,irrigation,309,2026-06-18 18:34:11.666119,2026-06-18 18:38:27.739106
95,6088,drains,116,2026-06-19 14:53:41.709342,2026-06-19 14:53:41.709344
96,6015,irrigation,116,2026-06-19 14:58:26.146405,2026-06-19 14:58:26.146408
97,6042,drains,25,2026-06-30 14:49:26.877978,2026-06-30 14:49:26.877981
98,6037,drains,116,2026-07-06 15:09:01.204088,2026-07-06 15:09:01.20409
99,6037,irrigation,116,2026-07-09 15:55:36.974864,2026-07-09 15:55:36.974867
100,5982,irrigation,116,2026-07-15 16:56:15.05582,2026-07-15 16:56:15.055824
101,6089,drains,25,2026-08-12 16:51:46.828862,2026-08-12 16:51:46.828865
102,6089,irrigation,25,2026-08-12 16:55:51.445886,2026-08-12 16:55:51.44589
103,6083,drains,116,2026-08-12 17:53:28.172799,2026-08-12 17:53:28.172801
104,6083,irrigation,116,2026-08-12 17:53:36.429529,2026-08-12 17:53:36.429532
105,6088,irrigation,116,2026-08-18 14:35:57.599101,2026-08-18 14:35:57.599106
106,6090,irrigation,309,2026-08-18 21:41:29.048663,2026-08-18 21:41:29.048669
107,6090,drains,309,2026-08-19 15:10:32.048155,2026-08-19 15:10:32.048158
108,6087,irrigation,116,2026-08-27 21:47:09.763146,2026-08-27 21:47:09.76315
109,6087,drains,116,2026-08-28 14:20:36.446154,2026-08-28 14:20:36.446156
